-- MySQL dump 10.13  Distrib 5.7.40, for Linux (x86_64)
--
-- Host: localhost    Database: infodata
-- ------------------------------------------------------
-- Server version	5.7.40-0ubuntu0.18.04.1

/*!40101 SET @OLD_CHARACTER_SET_CLIENT=@@CHARACTER_SET_CLIENT */;
/*!40101 SET @OLD_CHARACTER_SET_RESULTS=@@CHARACTER_SET_RESULTS */;
/*!40101 SET @OLD_COLLATION_CONNECTION=@@COLLATION_CONNECTION */;
/*!40101 SET NAMES utf8 */;
/*!40103 SET @OLD_TIME_ZONE=@@TIME_ZONE */;
/*!40103 SET TIME_ZONE='+00:00' */;
/*!40014 SET @OLD_UNIQUE_CHECKS=@@UNIQUE_CHECKS, UNIQUE_CHECKS=0 */;
/*!40014 SET @OLD_FOREIGN_KEY_CHECKS=@@FOREIGN_KEY_CHECKS, FOREIGN_KEY_CHECKS=0 */;
/*!40101 SET @OLD_SQL_MODE=@@SQL_MODE, SQL_MODE='NO_AUTO_VALUE_ON_ZERO' */;
/*!40111 SET @OLD_SQL_NOTES=@@SQL_NOTES, SQL_NOTES=0 */;

--
-- Table structure for table `components_components_about_lists`
--

DROP TABLE IF EXISTS `components_components_about_lists`;
/*!40101 SET @saved_cs_client     = @@character_set_client */;
/*!40101 SET character_set_client = utf8 */;
CREATE TABLE `components_components_about_lists` (
  `id` int(10) unsigned NOT NULL AUTO_INCREMENT,
  `text` longtext,
  PRIMARY KEY (`id`)
) ENGINE=InnoDB AUTO_INCREMENT=44 DEFAULT CHARSET=utf8;
/*!40101 SET character_set_client = @saved_cs_client */;

--
-- Dumping data for table `components_components_about_lists`
--

LOCK TABLES `components_components_about_lists` WRITE;
/*!40000 ALTER TABLE `components_components_about_lists` DISABLE KEYS */;
INSERT INTO `components_components_about_lists` VALUES (31,'Танд нэр хүндтэй уян хатан системтэй энгийн хялбар ажиллагаатай, онч мэргэн бүтэц диаграмтай програм хангамжтай болох боломжийг бид олгож байна.'),(32,'Манай програмыг ашиглаж байгаа хэрэглэгчдийн бүх үйлдэл, өдөр тутмын үйл ажиллагааны талаарх мэдээллийг дээд шатны удирдлагуудад мэдээлэх байдлаар таны хяналтанд бүрэн орох болно.'),(33,'Томоохон байгууллага корпорацийн салбар компани, жижиг сүлжээ дэлгүүрүүдийн хувьд ч програм хангамжийн хувьсал ирж байгаа гэдэгт итгэж болно. Манай компани алслагдсан олон салбаруудыг online байдлаар нэгдсэн сүлжээ үүсгэж хяналт тавих боломжийг мөн олгож байна.'),(34,'Бүх төрлийн үйл ажиллагаа эрхэлдэг байгууллагуудад манай програм бүрэн зохицон ажилладаг.'),(35,'1999 онд Сангийн Яамны дэргэдэх Нягтлан Бодох Бүртгэлийн мэргэжлийн зөвлөлөөс албан ёсны зөвшөөрөл лиценз авсан.'),(36,'12 жилийн туршлага, 1000 аж ахуй нэгж байгууллагад шалгагдаж, шүүгдэж ирсэн учир хялбар алдаа багатай ТАНЫ шаардлагад бүрэн нийцэх болно.'),(37,'Худалдан авалтын дараах үйлчилгээг МАНАЙ эвсэг хамт олон ТАНЬД маш шуурхай хүрч үйлчлэх бөгөөд шаардлагтай гэж үзвэл утас, интернэт гэх мэт аль ч төрлийн холбоо хэрэгслээр дамжуулж авч болно.'),(38,'Хэдийгээр манайхаас програм худалдаж авснаар мөнгө, цаг хугацаа зарцуулагдах боловч танай компаний бүтээмжийг бууруулж, ашгийг багасгаж, өрсөлдөх чадварыг тань алдагдуулаад байгаа асуудлуудыг дэлгэн тавьж зөв шийдвэр гаргахад шаардлагатай мэдээллээр ханган үйл ажиллагааны үр дүнг сайжруулах давуу талтайг анхаарах хэрэгтэй.'),(39,'Манайх програмаа үргэлж шинэчлэн сайжруулж манлайлж, орчин үеийн шинэ технологиор үйлчилдэг учир ТА хамгийн шилдэг нь байх болно.'),(40,'Зарим саруудад үнийн хөнгөлөлт, борлуулалтын урамшуулал үзүүлдэг тул ТА үүнийг сонирхоод үзээрэй.'),(41,'Танд нэр хүндтэй уян хатан системтэй энгийн хялбар ажиллагаатай, онч мэргэн бүтэц диаграмтай програм хангамжтай болох боломжийг бид олгож байна.'),(42,'Манай програмыг ашиглаж байгаа хэрэглэгчдийн бүх үйлдэл, өдөр тутмын үйл ажиллагааны талаарх мэдээллийг дээд шатны удирдлагуудад мэдээлэх байдлаар таны хяналтанд бүрэн орох болно.'),(43,'Томоохон байгууллага корпорацийн салбар компани, жижиг сүлжээ дэлгүүрүүдийн хувьд ч програм хангамжийн хувьсал ирж байгаа гэдэгт итгэж болно. Манай компани алслагдсан олон салбаруудыг online байдлаар нэгдсэн сүлжээ үүсгэж хяналт тавих боломжийг мөн олгож байна.');
/*!40000 ALTER TABLE `components_components_about_lists` ENABLE KEYS */;
UNLOCK TABLES;

--
-- Table structure for table `components_components_about_us_children`
--

DROP TABLE IF EXISTS `components_components_about_us_children`;
/*!40101 SET @saved_cs_client     = @@character_set_client */;
/*!40101 SET character_set_client = utf8 */;
CREATE TABLE `components_components_about_us_children` (
  `id` int(10) unsigned NOT NULL AUTO_INCREMENT,
  `title` varchar(255) DEFAULT NULL,
  `description` longtext,
  PRIMARY KEY (`id`)
) ENGINE=InnoDB AUTO_INCREMENT=3 DEFAULT CHARSET=utf8;
/*!40101 SET character_set_client = @saved_cs_client */;

--
-- Dumping data for table `components_components_about_us_children`
--

LOCK TABLES `components_components_about_us_children` WRITE;
/*!40000 ALTER TABLE `components_components_about_us_children` DISABLE KEYS */;
INSERT INTO `components_components_about_us_children` VALUES (1,'Үүсэл хөгжил','<p style=\"margin-left:0px;\">Манай компани 1997 оноос эхлэн Мэдээллийн технологийн салбарт програм хангамжийн чиглэлээр ажиллаж зах зээлд өөрийн гэсэн байр сууриа эзэлж, тэргүүлэгч компаниудын нэг болсон.</p>'),(2,'Зорилт','<p style=\"margin-left:0px;\">Цаашид Монголын мэдээллийн технологи хөгжиж, өдөр тутмын хэрэглээ болохын хирээр програм хангамжийн хэрэгцээ нэмэгдэх нь зайлшгүй юм. Ийм учраас бид үйл ажиллагааны хүрээгээ өргөтгөн, хэрэглэгчиддээ чанартай, олон улсын түвшинд хүрсэн бүтээгдэхүүнээр хангахын тулд дараах зорилтуудыг дэвшүүлэн ажиллах байна.</p><p style=\"margin-left:0px;\">Үүнд:</p><ul><li>Програм хангамж боловсруулах үйл ажиллагаагаа улам сайжруулж Олон Улсын ISO, CMM стандартыг хангасан байгууллага болох</li><li>Гадаадын байгууллагуудтай хамтран ажиллаж, outsourcing хийх</li></ul>');
/*!40000 ALTER TABLE `components_components_about_us_children` ENABLE KEYS */;
UNLOCK TABLES;

--
-- Table structure for table `components_components_about_us_two_children`
--

DROP TABLE IF EXISTS `components_components_about_us_two_children`;
/*!40101 SET @saved_cs_client     = @@character_set_client */;
/*!40101 SET character_set_client = utf8 */;
CREATE TABLE `components_components_about_us_two_children` (
  `id` int(10) unsigned NOT NULL AUTO_INCREMENT,
  `title` varchar(255) DEFAULT NULL,
  PRIMARY KEY (`id`)
) ENGINE=InnoDB AUTO_INCREMENT=2 DEFAULT CHARSET=utf8;
/*!40101 SET character_set_client = @saved_cs_client */;

--
-- Dumping data for table `components_components_about_us_two_children`
--

LOCK TABLES `components_components_about_us_two_children` WRITE;
/*!40000 ALTER TABLE `components_components_about_us_two_children` DISABLE KEYS */;
INSERT INTO `components_components_about_us_two_children` VALUES (1,'');
/*!40000 ALTER TABLE `components_components_about_us_two_children` ENABLE KEYS */;
UNLOCK TABLES;

--
-- Table structure for table `components_components_about_us_twos`
--

DROP TABLE IF EXISTS `components_components_about_us_twos`;
/*!40101 SET @saved_cs_client     = @@character_set_client */;
/*!40101 SET character_set_client = utf8 */;
CREATE TABLE `components_components_about_us_twos` (
  `id` int(10) unsigned NOT NULL AUTO_INCREMENT,
  PRIMARY KEY (`id`)
) ENGINE=InnoDB AUTO_INCREMENT=2 DEFAULT CHARSET=utf8;
/*!40101 SET character_set_client = @saved_cs_client */;

--
-- Dumping data for table `components_components_about_us_twos`
--

LOCK TABLES `components_components_about_us_twos` WRITE;
/*!40000 ALTER TABLE `components_components_about_us_twos` DISABLE KEYS */;
INSERT INTO `components_components_about_us_twos` VALUES (1);
/*!40000 ALTER TABLE `components_components_about_us_twos` ENABLE KEYS */;
UNLOCK TABLES;

--
-- Table structure for table `components_components_about_us_twos_components`
--

DROP TABLE IF EXISTS `components_components_about_us_twos_components`;
/*!40101 SET @saved_cs_client     = @@character_set_client */;
/*!40101 SET character_set_client = utf8 */;
CREATE TABLE `components_components_about_us_twos_components` (
  `id` int(10) unsigned NOT NULL AUTO_INCREMENT,
  `field` varchar(255) NOT NULL,
  `order` int(10) unsigned NOT NULL,
  `component_type` varchar(255) NOT NULL,
  `component_id` int(11) NOT NULL,
  `components_components_about_us_two_id` int(10) unsigned NOT NULL,
  PRIMARY KEY (`id`),
  KEY `components_components_about_us_two_id_fk` (`components_components_about_us_two_id`),
  CONSTRAINT `components_components_about_us_two_id_fk` FOREIGN KEY (`components_components_about_us_two_id`) REFERENCES `components_components_about_us_twos` (`id`) ON DELETE CASCADE
) ENGINE=InnoDB AUTO_INCREMENT=5 DEFAULT CHARSET=utf8;
/*!40101 SET character_set_client = @saved_cs_client */;

--
-- Dumping data for table `components_components_about_us_twos_components`
--

LOCK TABLES `components_components_about_us_twos_components` WRITE;
/*!40000 ALTER TABLE `components_components_about_us_twos_components` DISABLE KEYS */;
INSERT INTO `components_components_about_us_twos_components` VALUES (1,'AboutUsTwoChild',1,'components_components_about_us_two_children',1,1),(2,'Awards',1,'components_components_awards',1,1),(3,'PurposeComp',1,'components_components_purpose_comps',7,1),(4,'PurposeComp',2,'components_components_purpose_comps',8,1);
/*!40000 ALTER TABLE `components_components_about_us_twos_components` ENABLE KEYS */;
UNLOCK TABLES;

--
-- Table structure for table `components_components_aboutuses`
--

DROP TABLE IF EXISTS `components_components_aboutuses`;
/*!40101 SET @saved_cs_client     = @@character_set_client */;
/*!40101 SET character_set_client = utf8 */;
CREATE TABLE `components_components_aboutuses` (
  `id` int(10) unsigned NOT NULL AUTO_INCREMENT,
  `title` varchar(255) DEFAULT NULL,
  `description` longtext,
  PRIMARY KEY (`id`)
) ENGINE=InnoDB AUTO_INCREMENT=6 DEFAULT CHARSET=utf8;
/*!40101 SET character_set_client = @saved_cs_client */;

--
-- Dumping data for table `components_components_aboutuses`
--

LOCK TABLES `components_components_aboutuses` WRITE;
/*!40000 ALTER TABLE `components_components_aboutuses` DISABLE KEYS */;
INSERT INTO `components_components_aboutuses` VALUES (5,'Бидний тухай',NULL);
/*!40000 ALTER TABLE `components_components_aboutuses` ENABLE KEYS */;
UNLOCK TABLES;

--
-- Table structure for table `components_components_aboutuses_components`
--

DROP TABLE IF EXISTS `components_components_aboutuses_components`;
/*!40101 SET @saved_cs_client     = @@character_set_client */;
/*!40101 SET character_set_client = utf8 */;
CREATE TABLE `components_components_aboutuses_components` (
  `id` int(10) unsigned NOT NULL AUTO_INCREMENT,
  `field` varchar(255) NOT NULL,
  `order` int(10) unsigned NOT NULL,
  `component_type` varchar(255) NOT NULL,
  `component_id` int(11) NOT NULL,
  `components_components_aboutus_id` int(10) unsigned NOT NULL,
  PRIMARY KEY (`id`),
  KEY `components_components_aboutus_id_fk` (`components_components_aboutus_id`),
  CONSTRAINT `components_components_aboutus_id_fk` FOREIGN KEY (`components_components_aboutus_id`) REFERENCES `components_components_aboutuses` (`id`) ON DELETE CASCADE
) ENGINE=InnoDB AUTO_INCREMENT=3 DEFAULT CHARSET=utf8;
/*!40101 SET character_set_client = @saved_cs_client */;

--
-- Dumping data for table `components_components_aboutuses_components`
--

LOCK TABLES `components_components_aboutuses_components` WRITE;
/*!40000 ALTER TABLE `components_components_aboutuses_components` DISABLE KEYS */;
INSERT INTO `components_components_aboutuses_components` VALUES (1,'AboutUsChild',1,'components_components_about_us_children',1,5),(2,'AboutUsChild',2,'components_components_about_us_children',2,5);
/*!40000 ALTER TABLE `components_components_aboutuses_components` ENABLE KEYS */;
UNLOCK TABLES;

--
-- Table structure for table `components_components_all_products`
--

DROP TABLE IF EXISTS `components_components_all_products`;
/*!40101 SET @saved_cs_client     = @@character_set_client */;
/*!40101 SET character_set_client = utf8 */;
CREATE TABLE `components_components_all_products` (
  `id` int(10) unsigned NOT NULL AUTO_INCREMENT,
  `title` varchar(255) DEFAULT NULL,
  PRIMARY KEY (`id`)
) ENGINE=InnoDB AUTO_INCREMENT=3 DEFAULT CHARSET=utf8;
/*!40101 SET character_set_client = @saved_cs_client */;

--
-- Dumping data for table `components_components_all_products`
--

LOCK TABLES `components_components_all_products` WRITE;
/*!40000 ALTER TABLE `components_components_all_products` DISABLE KEYS */;
INSERT INTO `components_components_all_products` VALUES (1,'Бүтээгдэхүүн'),(2,'Зөвлөгөө, Мэдээ мэдээлэл');
/*!40000 ALTER TABLE `components_components_all_products` ENABLE KEYS */;
UNLOCK TABLES;

--
-- Table structure for table `components_components_all_products__posts`
--

DROP TABLE IF EXISTS `components_components_all_products__posts`;
/*!40101 SET @saved_cs_client     = @@character_set_client */;
/*!40101 SET character_set_client = utf8 */;
CREATE TABLE `components_components_all_products__posts` (
  `id` int(10) unsigned NOT NULL AUTO_INCREMENT,
  `components_components_all_product_id` int(11) DEFAULT NULL,
  `post_id` int(11) DEFAULT NULL,
  PRIMARY KEY (`id`)
) ENGINE=InnoDB AUTO_INCREMENT=9 DEFAULT CHARSET=utf8;
/*!40101 SET character_set_client = @saved_cs_client */;

--
-- Dumping data for table `components_components_all_products__posts`
--

LOCK TABLES `components_components_all_products__posts` WRITE;
/*!40000 ALTER TABLE `components_components_all_products__posts` DISABLE KEYS */;
INSERT INTO `components_components_all_products__posts` VALUES (1,2,1),(2,2,3),(3,2,2),(4,2,4),(5,2,5),(6,2,6),(7,2,7),(8,2,8);
/*!40000 ALTER TABLE `components_components_all_products__posts` ENABLE KEYS */;
UNLOCK TABLES;

--
-- Table structure for table `components_components_all_products__products`
--

DROP TABLE IF EXISTS `components_components_all_products__products`;
/*!40101 SET @saved_cs_client     = @@character_set_client */;
/*!40101 SET character_set_client = utf8 */;
CREATE TABLE `components_components_all_products__products` (
  `id` int(10) unsigned NOT NULL AUTO_INCREMENT,
  `components_components_all_product_id` int(11) DEFAULT NULL,
  `product_id` int(11) DEFAULT NULL,
  PRIMARY KEY (`id`)
) ENGINE=InnoDB AUTO_INCREMENT=10 DEFAULT CHARSET=utf8;
/*!40101 SET character_set_client = @saved_cs_client */;

--
-- Dumping data for table `components_components_all_products__products`
--

LOCK TABLES `components_components_all_products__products` WRITE;
/*!40000 ALTER TABLE `components_components_all_products__products` DISABLE KEYS */;
INSERT INTO `components_components_all_products__products` VALUES (1,1,1),(2,1,3),(3,1,2),(4,1,5),(5,1,4),(6,1,6),(7,1,7),(8,1,8),(9,1,9);
/*!40000 ALTER TABLE `components_components_all_products__products` ENABLE KEYS */;
UNLOCK TABLES;

--
-- Table structure for table `components_components_awards`
--

DROP TABLE IF EXISTS `components_components_awards`;
/*!40101 SET @saved_cs_client     = @@character_set_client */;
/*!40101 SET character_set_client = utf8 */;
CREATE TABLE `components_components_awards` (
  `id` int(10) unsigned NOT NULL AUTO_INCREMENT,
  `title` varchar(255) DEFAULT NULL,
  PRIMARY KEY (`id`)
) ENGINE=InnoDB AUTO_INCREMENT=2 DEFAULT CHARSET=utf8;
/*!40101 SET character_set_client = @saved_cs_client */;

--
-- Dumping data for table `components_components_awards`
--

LOCK TABLES `components_components_awards` WRITE;
/*!40000 ALTER TABLE `components_components_awards` DISABLE KEYS */;
INSERT INTO `components_components_awards` VALUES (1,'Шагнал урамшуулал');
/*!40000 ALTER TABLE `components_components_awards` ENABLE KEYS */;
UNLOCK TABLES;

--
-- Table structure for table `components_components_contacts`
--

DROP TABLE IF EXISTS `components_components_contacts`;
/*!40101 SET @saved_cs_client     = @@character_set_client */;
/*!40101 SET character_set_client = utf8 */;
CREATE TABLE `components_components_contacts` (
  `id` int(10) unsigned NOT NULL AUTO_INCREMENT,
  `location` varchar(255) DEFAULT NULL,
  `phone` varchar(255) DEFAULT NULL,
  `email` varchar(255) DEFAULT NULL,
  `title` varchar(255) DEFAULT NULL,
  PRIMARY KEY (`id`)
) ENGINE=InnoDB AUTO_INCREMENT=2 DEFAULT CHARSET=utf8;
/*!40101 SET character_set_client = @saved_cs_client */;

--
-- Dumping data for table `components_components_contacts`
--

LOCK TABLES `components_components_contacts` WRITE;
/*!40000 ALTER TABLE `components_components_contacts` DISABLE KEYS */;
INSERT INTO `components_components_contacts` VALUES (1,'Улаанбаатар хот Чингэлтэй дүүрэг 5-р хороо Баянбогд плаза 402 тоот','70116399, 70126399, 91916549','contact@infosystems.mn','Холбоо барих');
/*!40000 ALTER TABLE `components_components_contacts` ENABLE KEYS */;
UNLOCK TABLES;

--
-- Table structure for table `components_components_contacts_components`
--

DROP TABLE IF EXISTS `components_components_contacts_components`;
/*!40101 SET @saved_cs_client     = @@character_set_client */;
/*!40101 SET character_set_client = utf8 */;
CREATE TABLE `components_components_contacts_components` (
  `id` int(10) unsigned NOT NULL AUTO_INCREMENT,
  `field` varchar(255) NOT NULL,
  `order` int(10) unsigned NOT NULL,
  `component_type` varchar(255) NOT NULL,
  `component_id` int(11) NOT NULL,
  `components_components_contact_id` int(10) unsigned NOT NULL,
  PRIMARY KEY (`id`),
  KEY `components_components_contact_id_fk` (`components_components_contact_id`),
  CONSTRAINT `components_components_contact_id_fk` FOREIGN KEY (`components_components_contact_id`) REFERENCES `components_components_contacts` (`id`) ON DELETE CASCADE
) ENGINE=InnoDB AUTO_INCREMENT=4 DEFAULT CHARSET=utf8;
/*!40101 SET character_set_client = @saved_cs_client */;

--
-- Dumping data for table `components_components_contacts_components`
--

LOCK TABLES `components_components_contacts_components` WRITE;
/*!40000 ALTER TABLE `components_components_contacts_components` DISABLE KEYS */;
INSERT INTO `components_components_contacts_components` VALUES (1,'SocialButton',1,'components_components_social_buttons',4,1),(2,'SocialButton',2,'components_components_social_buttons',5,1),(3,'SocialButton',3,'components_components_social_buttons',6,1);
/*!40000 ALTER TABLE `components_components_contacts_components` ENABLE KEYS */;
UNLOCK TABLES;

--
-- Table structure for table `components_components_files`
--

DROP TABLE IF EXISTS `components_components_files`;
/*!40101 SET @saved_cs_client     = @@character_set_client */;
/*!40101 SET character_set_client = utf8 */;
CREATE TABLE `components_components_files` (
  `id` int(10) unsigned NOT NULL AUTO_INCREMENT,
  `name` varchar(255) DEFAULT NULL,
  `full_name` varchar(255) DEFAULT NULL,
  `post` int(11) DEFAULT NULL,
  PRIMARY KEY (`id`)
) ENGINE=InnoDB AUTO_INCREMENT=6 DEFAULT CHARSET=utf8;
/*!40101 SET character_set_client = @saved_cs_client */;

--
-- Dumping data for table `components_components_files`
--

LOCK TABLES `components_components_files` WRITE;
/*!40000 ALTER TABLE `components_components_files` DISABLE KEYS */;
INSERT INTO `components_components_files` VALUES (1,'Teamviewer.','TeamViewer програмыг ашиглах заавар',10),(2,'Эмийн жагсаалт',NULL,NULL),(3,'Гар утасны тооллогын програм',NULL,NULL),(4,'AnyDesk','AnyDesk програмыг ашиглах заавар',9),(5,'Ultra Viewer',NULL,NULL);
/*!40000 ALTER TABLE `components_components_files` ENABLE KEYS */;
UNLOCK TABLES;

--
-- Table structure for table `components_components_footer_sectors`
--

DROP TABLE IF EXISTS `components_components_footer_sectors`;
/*!40101 SET @saved_cs_client     = @@character_set_client */;
/*!40101 SET character_set_client = utf8 */;
CREATE TABLE `components_components_footer_sectors` (
  `id` int(10) unsigned NOT NULL AUTO_INCREMENT,
  `Copyright` varchar(255) DEFAULT NULL,
  `aboutUs` longtext,
  `phone` varchar(255) DEFAULT NULL,
  `email` varchar(255) DEFAULT NULL,
  `location` varchar(255) DEFAULT NULL,
  PRIMARY KEY (`id`)
) ENGINE=InnoDB AUTO_INCREMENT=2 DEFAULT CHARSET=utf8;
/*!40101 SET character_set_client = @saved_cs_client */;

--
-- Dumping data for table `components_components_footer_sectors`
--

LOCK TABLES `components_components_footer_sectors` WRITE;
/*!40000 ALTER TABLE `components_components_footer_sectors` DISABLE KEYS */;
INSERT INTO `components_components_footer_sectors` VALUES (1,'© 2021 он. infosystems.mn зохиогчийн эрхээр хамгаалагдсан.','Манай компани 1997 оноос эхлэн Мэдээллийн технологийн салбарт програм хангамжийн чиглэлээр ажиллаж зах зээлд өөрийн гэсэн байр сууриа эзэлж, тэргүүлэгч компаниудын нэг болсон.','70116399, 70126399, 91916549',' contact@infosystems.mn','Улаанбаатар хот Чингэлтэй дүүрэг 5-р хороо Баянбогд плаза 402 тоот');
/*!40000 ALTER TABLE `components_components_footer_sectors` ENABLE KEYS */;
UNLOCK TABLES;

--
-- Table structure for table `components_components_footer_sectors_components`
--

DROP TABLE IF EXISTS `components_components_footer_sectors_components`;
/*!40101 SET @saved_cs_client     = @@character_set_client */;
/*!40101 SET character_set_client = utf8 */;
CREATE TABLE `components_components_footer_sectors_components` (
  `id` int(10) unsigned NOT NULL AUTO_INCREMENT,
  `field` varchar(255) NOT NULL,
  `order` int(10) unsigned NOT NULL,
  `component_type` varchar(255) NOT NULL,
  `component_id` int(11) NOT NULL,
  `components_components_footer_sector_id` int(10) unsigned NOT NULL,
  PRIMARY KEY (`id`),
  KEY `components_components_footer_sector_id_fk` (`components_components_footer_sector_id`),
  CONSTRAINT `components_components_footer_sector_id_fk` FOREIGN KEY (`components_components_footer_sector_id`) REFERENCES `components_components_footer_sectors` (`id`) ON DELETE CASCADE
) ENGINE=InnoDB AUTO_INCREMENT=11 DEFAULT CHARSET=utf8;
/*!40101 SET character_set_client = @saved_cs_client */;

--
-- Dumping data for table `components_components_footer_sectors_components`
--

LOCK TABLES `components_components_footer_sectors_components` WRITE;
/*!40000 ALTER TABLE `components_components_footer_sectors_components` DISABLE KEYS */;
INSERT INTO `components_components_footer_sectors_components` VALUES (1,'FooterMenu',1,'components_header_footer_menus',1,1),(2,'FooterMenu',2,'components_header_footer_menus',2,1),(3,'FooterMenu',3,'components_header_footer_menus',3,1),(5,'FooterMenu',4,'components_header_footer_menus',5,1),(6,'SocialButton',1,'components_components_social_buttons',1,1),(7,'SocialButton',2,'components_components_social_buttons',2,1),(8,'SocialButton',3,'components_components_social_buttons',3,1),(9,'FooterMenu',5,'components_header_footer_menus',6,1),(10,'FooterMenu',6,'components_header_footer_menus',7,1);
/*!40000 ALTER TABLE `components_components_footer_sectors_components` ENABLE KEYS */;
UNLOCK TABLES;

--
-- Table structure for table `components_components_header_menus`
--

DROP TABLE IF EXISTS `components_components_header_menus`;
/*!40101 SET @saved_cs_client     = @@character_set_client */;
/*!40101 SET character_set_client = utf8 */;
CREATE TABLE `components_components_header_menus` (
  `id` int(10) unsigned NOT NULL AUTO_INCREMENT,
  `name` varchar(255) DEFAULT NULL,
  `slug` varchar(255) DEFAULT NULL,
  PRIMARY KEY (`id`)
) ENGINE=InnoDB AUTO_INCREMENT=8 DEFAULT CHARSET=utf8;
/*!40101 SET character_set_client = @saved_cs_client */;

--
-- Dumping data for table `components_components_header_menus`
--

LOCK TABLES `components_components_header_menus` WRITE;
/*!40000 ALTER TABLE `components_components_header_menus` DISABLE KEYS */;
INSERT INTO `components_components_header_menus` VALUES (1,'Нүүр','/'),(2,'Бүтээгдэхүүн','product'),(3,'Зөвлөгөө','advice'),(5,'Бидний тухай','about-us'),(6,'Холбоо барих','contact'),(7,'Заавар','download');
/*!40000 ALTER TABLE `components_components_header_menus` ENABLE KEYS */;
UNLOCK TABLES;

--
-- Table structure for table `components_components_header_menus_components`
--

DROP TABLE IF EXISTS `components_components_header_menus_components`;
/*!40101 SET @saved_cs_client     = @@character_set_client */;
/*!40101 SET character_set_client = utf8 */;
CREATE TABLE `components_components_header_menus_components` (
  `id` int(10) unsigned NOT NULL AUTO_INCREMENT,
  `field` varchar(255) NOT NULL,
  `order` int(10) unsigned NOT NULL,
  `component_type` varchar(255) NOT NULL,
  `component_id` int(11) NOT NULL,
  `components_components_header_menu_id` int(10) unsigned NOT NULL,
  PRIMARY KEY (`id`),
  KEY `components_components_header_menu_id_fk` (`components_components_header_menu_id`),
  CONSTRAINT `components_components_header_menu_id_fk` FOREIGN KEY (`components_components_header_menu_id`) REFERENCES `components_components_header_menus` (`id`) ON DELETE CASCADE
) ENGINE=InnoDB AUTO_INCREMENT=11 DEFAULT CHARSET=utf8;
/*!40101 SET character_set_client = @saved_cs_client */;

--
-- Dumping data for table `components_components_header_menus_components`
--

LOCK TABLES `components_components_header_menus_components` WRITE;
/*!40000 ALTER TABLE `components_components_header_menus_components` DISABLE KEYS */;
INSERT INTO `components_components_header_menus_components` VALUES (1,'submenu',1,'components_header_submenus',1,2),(2,'submenu',2,'components_header_submenus',2,2),(3,'submenu',3,'components_header_submenus',3,2),(4,'submenu',4,'components_header_submenus',4,2),(5,'submenu',5,'components_header_submenus',5,2),(6,'submenu',1,'components_header_submenus',6,3),(7,'submenu',2,'components_header_submenus',7,3),(8,'submenu',3,'components_header_submenus',8,3),(9,'submenu',4,'components_header_submenus',9,3),(10,'submenu',5,'components_header_submenus',10,3);
/*!40000 ALTER TABLE `components_components_header_menus_components` ENABLE KEYS */;
UNLOCK TABLES;

--
-- Table structure for table `components_components_home_middles`
--

DROP TABLE IF EXISTS `components_components_home_middles`;
/*!40101 SET @saved_cs_client     = @@character_set_client */;
/*!40101 SET character_set_client = utf8 */;
CREATE TABLE `components_components_home_middles` (
  `id` int(10) unsigned NOT NULL AUTO_INCREMENT,
  `title` varchar(255) DEFAULT NULL,
  `slug` varchar(255) DEFAULT NULL,
  PRIMARY KEY (`id`)
) ENGINE=InnoDB AUTO_INCREMENT=2 DEFAULT CHARSET=utf8;
/*!40101 SET character_set_client = @saved_cs_client */;

--
-- Dumping data for table `components_components_home_middles`
--

LOCK TABLES `components_components_home_middles` WRITE;
/*!40000 ALTER TABLE `components_components_home_middles` DISABLE KEYS */;
INSERT INTO `components_components_home_middles` VALUES (1,'Бүтээгдэхүүн','product');
/*!40000 ALTER TABLE `components_components_home_middles` ENABLE KEYS */;
UNLOCK TABLES;

--
-- Table structure for table `components_components_home_middles_components`
--

DROP TABLE IF EXISTS `components_components_home_middles_components`;
/*!40101 SET @saved_cs_client     = @@character_set_client */;
/*!40101 SET character_set_client = utf8 */;
CREATE TABLE `components_components_home_middles_components` (
  `id` int(10) unsigned NOT NULL AUTO_INCREMENT,
  `field` varchar(255) NOT NULL,
  `order` int(10) unsigned NOT NULL,
  `component_type` varchar(255) NOT NULL,
  `component_id` int(11) NOT NULL,
  `components_components_home_middle_id` int(10) unsigned NOT NULL,
  PRIMARY KEY (`id`),
  KEY `components_components_home_middle_id_fk` (`components_components_home_middle_id`),
  CONSTRAINT `components_components_home_middle_id_fk` FOREIGN KEY (`components_components_home_middle_id`) REFERENCES `components_components_home_middles` (`id`) ON DELETE CASCADE
) ENGINE=InnoDB AUTO_INCREMENT=7 DEFAULT CHARSET=utf8;
/*!40101 SET character_set_client = @saved_cs_client */;

--
-- Dumping data for table `components_components_home_middles_components`
--

LOCK TABLES `components_components_home_middles_components` WRITE;
/*!40000 ALTER TABLE `components_components_home_middles_components` DISABLE KEYS */;
INSERT INTO `components_components_home_middles_components` VALUES (1,'ProductSector',1,'components_components_product_sectors',1,1),(2,'ProductSector',2,'components_components_product_sectors',2,1),(3,'ProductSector',3,'components_components_product_sectors',3,1),(4,'ProductSector',4,'components_components_product_sectors',4,1),(5,'ProductSector',5,'components_components_product_sectors',5,1),(6,'ProductSector',6,'components_components_product_sectors',6,1);
/*!40000 ALTER TABLE `components_components_home_middles_components` ENABLE KEYS */;
UNLOCK TABLES;

--
-- Table structure for table `components_components_home_news`
--

DROP TABLE IF EXISTS `components_components_home_news`;
/*!40101 SET @saved_cs_client     = @@character_set_client */;
/*!40101 SET character_set_client = utf8 */;
CREATE TABLE `components_components_home_news` (
  `id` int(10) unsigned NOT NULL AUTO_INCREMENT,
  `title` varchar(255) DEFAULT NULL,
  PRIMARY KEY (`id`)
) ENGINE=InnoDB AUTO_INCREMENT=2 DEFAULT CHARSET=utf8;
/*!40101 SET character_set_client = @saved_cs_client */;

--
-- Dumping data for table `components_components_home_news`
--

LOCK TABLES `components_components_home_news` WRITE;
/*!40000 ALTER TABLE `components_components_home_news` DISABLE KEYS */;
INSERT INTO `components_components_home_news` VALUES (1,'Мэдээ мэдээлэл, Зөвлөгөө');
/*!40000 ALTER TABLE `components_components_home_news` ENABLE KEYS */;
UNLOCK TABLES;

--
-- Table structure for table `components_components_home_news__posts`
--

DROP TABLE IF EXISTS `components_components_home_news__posts`;
/*!40101 SET @saved_cs_client     = @@character_set_client */;
/*!40101 SET character_set_client = utf8 */;
CREATE TABLE `components_components_home_news__posts` (
  `id` int(10) unsigned NOT NULL AUTO_INCREMENT,
  `components_components_home_new_id` int(11) DEFAULT NULL,
  `post_id` int(11) DEFAULT NULL,
  PRIMARY KEY (`id`)
) ENGINE=InnoDB AUTO_INCREMENT=6 DEFAULT CHARSET=utf8;
/*!40101 SET character_set_client = @saved_cs_client */;

--
-- Dumping data for table `components_components_home_news__posts`
--

LOCK TABLES `components_components_home_news__posts` WRITE;
/*!40000 ALTER TABLE `components_components_home_news__posts` DISABLE KEYS */;
INSERT INTO `components_components_home_news__posts` VALUES (1,1,1),(2,1,2),(3,1,4),(4,1,3),(5,1,5);
/*!40000 ALTER TABLE `components_components_home_news__posts` ENABLE KEYS */;
UNLOCK TABLES;

--
-- Table structure for table `components_components_home_top1s`
--

DROP TABLE IF EXISTS `components_components_home_top1s`;
/*!40101 SET @saved_cs_client     = @@character_set_client */;
/*!40101 SET character_set_client = utf8 */;
CREATE TABLE `components_components_home_top1s` (
  `id` int(10) unsigned NOT NULL AUTO_INCREMENT,
  PRIMARY KEY (`id`)
) ENGINE=InnoDB AUTO_INCREMENT=2 DEFAULT CHARSET=utf8;
/*!40101 SET character_set_client = @saved_cs_client */;

--
-- Dumping data for table `components_components_home_top1s`
--

LOCK TABLES `components_components_home_top1s` WRITE;
/*!40000 ALTER TABLE `components_components_home_top1s` DISABLE KEYS */;
INSERT INTO `components_components_home_top1s` VALUES (1);
/*!40000 ALTER TABLE `components_components_home_top1s` ENABLE KEYS */;
UNLOCK TABLES;

--
-- Table structure for table `components_components_home_top1s_components`
--

DROP TABLE IF EXISTS `components_components_home_top1s_components`;
/*!40101 SET @saved_cs_client     = @@character_set_client */;
/*!40101 SET character_set_client = utf8 */;
CREATE TABLE `components_components_home_top1s_components` (
  `id` int(10) unsigned NOT NULL AUTO_INCREMENT,
  `field` varchar(255) NOT NULL,
  `order` int(10) unsigned NOT NULL,
  `component_type` varchar(255) NOT NULL,
  `component_id` int(11) NOT NULL,
  `components_components_home_top1_id` int(10) unsigned NOT NULL,
  PRIMARY KEY (`id`),
  KEY `components_components_home_top1_id_fk` (`components_components_home_top1_id`),
  CONSTRAINT `components_components_home_top1_id_fk` FOREIGN KEY (`components_components_home_top1_id`) REFERENCES `components_components_home_top1s` (`id`) ON DELETE CASCADE
) ENGINE=InnoDB AUTO_INCREMENT=6 DEFAULT CHARSET=utf8;
/*!40101 SET character_set_client = @saved_cs_client */;

--
-- Dumping data for table `components_components_home_top1s_components`
--

LOCK TABLES `components_components_home_top1s_components` WRITE;
/*!40000 ALTER TABLE `components_components_home_top1s_components` DISABLE KEYS */;
INSERT INTO `components_components_home_top1s_components` VALUES (1,'BigText',1,'components_components_home_tops',1,1),(2,'Cards',1,'components_components_home_top_cards',1,1),(3,'Cards',2,'components_components_home_top_cards',2,1),(4,'Cards',3,'components_components_home_top_cards',3,1),(5,'Cards',4,'components_components_home_top_cards',4,1);
/*!40000 ALTER TABLE `components_components_home_top1s_components` ENABLE KEYS */;
UNLOCK TABLES;

--
-- Table structure for table `components_components_home_top_cards`
--

DROP TABLE IF EXISTS `components_components_home_top_cards`;
/*!40101 SET @saved_cs_client     = @@character_set_client */;
/*!40101 SET character_set_client = utf8 */;
CREATE TABLE `components_components_home_top_cards` (
  `id` int(10) unsigned NOT NULL AUTO_INCREMENT,
  `title` varchar(255) DEFAULT NULL,
  `text` longtext,
  `slug` varchar(255) DEFAULT NULL,
  `code` varchar(255) DEFAULT NULL,
  `color_code` varchar(255) DEFAULT NULL,
  PRIMARY KEY (`id`)
) ENGINE=InnoDB AUTO_INCREMENT=5 DEFAULT CHARSET=utf8;
/*!40101 SET character_set_client = @saved_cs_client */;

--
-- Dumping data for table `components_components_home_top_cards`
--

LOCK TABLES `components_components_home_top_cards` WRITE;
/*!40000 ALTER TABLE `components_components_home_top_cards` DISABLE KEYS */;
INSERT INTO `components_components_home_top_cards` VALUES (1,'Бизнес процессын автоматжуулалт','Байгууллагын нийт үйл ажиллагааг шаардагдах түвшинд хамруулан бие даасан модулиудыг холбон ажиллуулдаг',NULL,'one','#9f62ff'),(2,'Веб сайт хөгжүүлэлт','Таны хэрэгцээнд нийцүүлэн, орчин үеийн технологи, график дизайны шийдлийг ашиглан, бүх төрлийн вебсайт, мобайл аппликейш хурдан шуурхай, чанарын өндөр түвшинд бүтээж үйлчилнэ',NULL,'two','#84f23b'),(3,'Захиалгын програм хөгжүүлэлт','Танай байгууллагын хэрэгцээ шаардлагын дагуу веб болон клиент-сервер, мөн хосолсон технологиор өвөрмөц давтагдашгүй програмын шийдлийг хөгжүүлж өгнө',NULL,'three','#37e9e7'),(4,'Гар утасны аппликейшн','Android болон iOS үйлдлийн системтэй гар утсанд ажиллах төрөл бүрийн мобайл апп зохиож байна. Танд хэрэгцээтэй байгаа програмын шийдлийн талаар бидэнд хандана уу',NULL,'four','#5aa8ff');
/*!40000 ALTER TABLE `components_components_home_top_cards` ENABLE KEYS */;
UNLOCK TABLES;

--
-- Table structure for table `components_components_home_tops`
--

DROP TABLE IF EXISTS `components_components_home_tops`;
/*!40101 SET @saved_cs_client     = @@character_set_client */;
/*!40101 SET character_set_client = utf8 */;
CREATE TABLE `components_components_home_tops` (
  `id` int(10) unsigned NOT NULL AUTO_INCREMENT,
  `text_big` varchar(255) DEFAULT NULL,
  `text_sm` varchar(255) DEFAULT NULL,
  `text_first` varchar(255) DEFAULT NULL,
  `text_write` varchar(255) DEFAULT NULL,
  `text_last` varchar(255) DEFAULT NULL,
  PRIMARY KEY (`id`)
) ENGINE=InnoDB AUTO_INCREMENT=2 DEFAULT CHARSET=utf8;
/*!40101 SET character_set_client = @saved_cs_client */;

--
-- Dumping data for table `components_components_home_tops`
--

LOCK TABLES `components_components_home_tops` WRITE;
/*!40000 ALTER TABLE `components_components_home_tops` DISABLE KEYS */;
INSERT INTO `components_components_home_tops` VALUES (1,'Мэдээллийн технологийн оновчтой шийдлүүд','Байгууллагын санхүүгийн болон бусад үйл ажиллагаанд зориулагдсан програм хангамж ','Мэдээллийн','технологийн','оновчтой шийдлүүд');
/*!40000 ALTER TABLE `components_components_home_tops` ENABLE KEYS */;
UNLOCK TABLES;

--
-- Table structure for table `components_components_product_sectors`
--

DROP TABLE IF EXISTS `components_components_product_sectors`;
/*!40101 SET @saved_cs_client     = @@character_set_client */;
/*!40101 SET character_set_client = utf8 */;
CREATE TABLE `components_components_product_sectors` (
  `id` int(10) unsigned NOT NULL AUTO_INCREMENT,
  `title_head` varchar(255) DEFAULT NULL,
  `title` varchar(255) DEFAULT NULL,
  `slug` varchar(255) DEFAULT NULL,
  `description` longtext,
  `code` varchar(255) DEFAULT NULL,
  PRIMARY KEY (`id`)
) ENGINE=InnoDB AUTO_INCREMENT=7 DEFAULT CHARSET=utf8;
/*!40101 SET character_set_client = @saved_cs_client */;

--
-- Dumping data for table `components_components_product_sectors`
--

LOCK TABLES `components_components_product_sectors` WRITE;
/*!40000 ALTER TABLE `components_components_product_sectors` DISABLE KEYS */;
INSERT INTO `components_components_product_sectors` VALUES (1,'MACS','MACS санхүүгийн программ','macs','Сангийн Яамны нягтлан бодох бүртгэлийн газраас 2жил тутамд шинэчлэн олгодог тусгай зөвшөөрлийг 1998 оноос хойш авсаар ирсэн бөгөөд үүнээс хойш зах зээлийн болон эрх зүйн орчны өөрчлөлт, харилцагчдынхаа хэрэгцээ шаардлагыг тусган...','one'),(2,'PACS','PACS төслийн санхүүгийн программ','pacs','“PACS” санхүүгийн програмын анхны хувилбарыг 2006 онд боловсруулж гаргасан бөгөөд үүнээс хойш зах зээлийн болон эрх зүйн орчны өөрчлөлт, харилцагчдынхаа хэрэгцээ шаардлагыг тусган, мэдээллийн технологийн сүүлийн үеийн ололт амжилтыг ашиглан байнгын сайжруулалт хийгдэж шинэчлэгдэн өөрчлөгдсөөр байна.','two'),(3,'MACS HUMAN CAPITAL','Хүний нөөцийн удирдлага төлөвлөлтийн систем ','macs-human-capital','Байгууллагын боловсон хүчний дэлгэрэнгүй бүртгэл хөтлөх, хэрэгцээт тайлан мэдээллээ хүссэн үзүүлэлтээр, тайлагнах, бүлэглэх, ажилтнуудын талаарх хайлт хийх, судалгаа гаргах, мэдээлэл цуглуулах, боловсруулалт хийх зэргээр хүний нөөцийн мэргэжилтний хувьд өдөр тутмын үйл ажиллагаагаа автоматжуулан, удирдлагад стратеги төлөвлөлтийн зөв шийдвэр гаргахад туслах зорилготой.','three'),(4,'CARSERVICE','Авто засварын бүртгэл, удирдлагын систем','carservice','Энэ модуль нь Macs болон Car service системээс бэлэн ба захиалах сэлбэг хайлт хийж тухайн барааны үлдэгдэл, загвар, зураг зэрэг бүх мэдээллийг харуулна. Мөн стандартын дагуу орлуулж болох хувилбарт сэлбэгийн жагсаалтыг хамт гаргаж ирнэ. Сэлбэг эд ангийн эрэлт хэрэгцээний судалгаа гаргадаг.','four'),(5,'POS','Эмийн санд зориулсан POS систем','farmacy-pos','Энэ систем нь  эмийн сангуудад зориулагдсан бөгөөд таны цаг завыг хөнгөвчлөх, жор баригчтай тооцоо хийх, орлого зардлаа хянах, эрүүл мэндийн хөнгөлөлт тооцох, серийн нарийн бүртгэл хөтлөн бараа материалын дэлгэрэнгүй тайлан гарах боломжтой.','five'),(6,'COST','Бүтээгдэхүүний өртөг тооцооллын систем','cost','“COST” Бэлэн бүтээгдэхүүний өртөг тооцох програмыг нийтийн хоолны газар болон ресторан мөн түүнчлэн үйлдвэрлэл эрхэлдэг бөгөөд бүтээгдэхүүний өртөг тооцох шаардлагатай аж ахуй нэгж байгууллагууд ашиглах боломжтой юм. Програмын зориулалт нь бүтээгдэхүүнд орж байгаа бүх материалын хэмжээ орцыг бүртгэж тухайн бэлэн бүтээгдэхүүний нийт өртгийг гаргахад оршино.','six');
/*!40000 ALTER TABLE `components_components_product_sectors` ENABLE KEYS */;
UNLOCK TABLES;

--
-- Table structure for table `components_components_programs`
--

DROP TABLE IF EXISTS `components_components_programs`;
/*!40101 SET @saved_cs_client     = @@character_set_client */;
/*!40101 SET character_set_client = utf8 */;
CREATE TABLE `components_components_programs` (
  `id` int(10) unsigned NOT NULL AUTO_INCREMENT,
  `name` varchar(255) DEFAULT NULL,
  PRIMARY KEY (`id`)
) ENGINE=InnoDB AUTO_INCREMENT=2 DEFAULT CHARSET=utf8;
/*!40101 SET character_set_client = @saved_cs_client */;

--
-- Dumping data for table `components_components_programs`
--

LOCK TABLES `components_components_programs` WRITE;
/*!40000 ALTER TABLE `components_components_programs` DISABLE KEYS */;
INSERT INTO `components_components_programs` VALUES (1,'Програм татах, Суулгах заавар');
/*!40000 ALTER TABLE `components_components_programs` ENABLE KEYS */;
UNLOCK TABLES;

--
-- Table structure for table `components_components_programs_components`
--

DROP TABLE IF EXISTS `components_components_programs_components`;
/*!40101 SET @saved_cs_client     = @@character_set_client */;
/*!40101 SET character_set_client = utf8 */;
CREATE TABLE `components_components_programs_components` (
  `id` int(10) unsigned NOT NULL AUTO_INCREMENT,
  `field` varchar(255) NOT NULL,
  `order` int(10) unsigned NOT NULL,
  `component_type` varchar(255) NOT NULL,
  `component_id` int(11) NOT NULL,
  `components_components_program_id` int(10) unsigned NOT NULL,
  PRIMARY KEY (`id`),
  KEY `components_components_program_id_fk` (`components_components_program_id`),
  CONSTRAINT `components_components_program_id_fk` FOREIGN KEY (`components_components_program_id`) REFERENCES `components_components_programs` (`id`) ON DELETE CASCADE
) ENGINE=InnoDB AUTO_INCREMENT=6 DEFAULT CHARSET=utf8;
/*!40101 SET character_set_client = @saved_cs_client */;

--
-- Dumping data for table `components_components_programs_components`
--

LOCK TABLES `components_components_programs_components` WRITE;
/*!40000 ALTER TABLE `components_components_programs_components` DISABLE KEYS */;
INSERT INTO `components_components_programs_components` VALUES (1,'file',2,'components_components_files',1,1),(2,'file',3,'components_components_files',2,1),(3,'file',4,'components_components_files',3,1),(4,'file',1,'components_components_files',4,1),(5,'file',5,'components_components_files',5,1);
/*!40000 ALTER TABLE `components_components_programs_components` ENABLE KEYS */;
UNLOCK TABLES;

--
-- Table structure for table `components_components_purpose_comps`
--

DROP TABLE IF EXISTS `components_components_purpose_comps`;
/*!40101 SET @saved_cs_client     = @@character_set_client */;
/*!40101 SET character_set_client = utf8 */;
CREATE TABLE `components_components_purpose_comps` (
  `id` int(10) unsigned NOT NULL AUTO_INCREMENT,
  `title` varchar(255) DEFAULT NULL,
  `smTitle` varchar(255) DEFAULT NULL,
  PRIMARY KEY (`id`)
) ENGINE=InnoDB AUTO_INCREMENT=9 DEFAULT CHARSET=utf8;
/*!40101 SET character_set_client = @saved_cs_client */;

--
-- Dumping data for table `components_components_purpose_comps`
--

LOCK TABLES `components_components_purpose_comps` WRITE;
/*!40000 ALTER TABLE `components_components_purpose_comps` DISABLE KEYS */;
INSERT INTO `components_components_purpose_comps` VALUES (7,'Боломж','Инфосистемс ХХК нь харилцагчиддаа үйл ажиллагаагаа зөв удирдан зохион байгуулах боломжийг олгодгоороо  чухал ач холбогдолттой юм.'),(8,'Давуу тал',NULL);
/*!40000 ALTER TABLE `components_components_purpose_comps` ENABLE KEYS */;
UNLOCK TABLES;

--
-- Table structure for table `components_components_purpose_comps_components`
--

DROP TABLE IF EXISTS `components_components_purpose_comps_components`;
/*!40101 SET @saved_cs_client     = @@character_set_client */;
/*!40101 SET character_set_client = utf8 */;
CREATE TABLE `components_components_purpose_comps_components` (
  `id` int(10) unsigned NOT NULL AUTO_INCREMENT,
  `field` varchar(255) NOT NULL,
  `order` int(10) unsigned NOT NULL,
  `component_type` varchar(255) NOT NULL,
  `component_id` int(11) NOT NULL,
  `components_components_purpose_comp_id` int(10) unsigned NOT NULL,
  PRIMARY KEY (`id`),
  KEY `components_components_purpose_comp_id_fk` (`components_components_purpose_comp_id`),
  CONSTRAINT `components_components_purpose_comp_id_fk` FOREIGN KEY (`components_components_purpose_comp_id`) REFERENCES `components_components_purpose_comps` (`id`) ON DELETE CASCADE
) ENGINE=InnoDB AUTO_INCREMENT=14 DEFAULT CHARSET=utf8;
/*!40101 SET character_set_client = @saved_cs_client */;

--
-- Dumping data for table `components_components_purpose_comps_components`
--

LOCK TABLES `components_components_purpose_comps_components` WRITE;
/*!40000 ALTER TABLE `components_components_purpose_comps_components` DISABLE KEYS */;
INSERT INTO `components_components_purpose_comps_components` VALUES (1,'AboutList',1,'components_components_about_lists',31,7),(2,'AboutList',2,'components_components_about_lists',32,7),(3,'AboutList',3,'components_components_about_lists',33,7),(4,'AboutList',1,'components_components_about_lists',34,8),(5,'AboutList',2,'components_components_about_lists',35,8),(6,'AboutList',3,'components_components_about_lists',36,8),(7,'AboutList',4,'components_components_about_lists',37,8),(8,'AboutList',5,'components_components_about_lists',38,8),(9,'AboutList',6,'components_components_about_lists',39,8),(10,'AboutList',7,'components_components_about_lists',40,8),(11,'AboutList',8,'components_components_about_lists',41,8),(12,'AboutList',9,'components_components_about_lists',42,8),(13,'AboutList',10,'components_components_about_lists',43,8);
/*!40000 ALTER TABLE `components_components_purpose_comps_components` ENABLE KEYS */;
UNLOCK TABLES;

--
-- Table structure for table `components_components_social_buttons`
--

DROP TABLE IF EXISTS `components_components_social_buttons`;
/*!40101 SET @saved_cs_client     = @@character_set_client */;
/*!40101 SET character_set_client = utf8 */;
CREATE TABLE `components_components_social_buttons` (
  `id` int(10) unsigned NOT NULL AUTO_INCREMENT,
  `name` varchar(255) DEFAULT NULL,
  `link` varchar(255) DEFAULT NULL,
  PRIMARY KEY (`id`)
) ENGINE=InnoDB AUTO_INCREMENT=7 DEFAULT CHARSET=utf8;
/*!40101 SET character_set_client = @saved_cs_client */;

--
-- Dumping data for table `components_components_social_buttons`
--

LOCK TABLES `components_components_social_buttons` WRITE;
/*!40000 ALTER TABLE `components_components_social_buttons` DISABLE KEYS */;
INSERT INTO `components_components_social_buttons` VALUES (1,'facebook','https://www.facebook.com/infosystems.mn'),(2,'youtube','https://www.youtube.com'),(3,'twitter','https://twitter.com/'),(4,'facebook','https://www.facebook.com/infosystems.mn'),(5,'youtube','https://www.youtube.com'),(6,'twitter','https://twitter.com/');
/*!40000 ALTER TABLE `components_components_social_buttons` ENABLE KEYS */;
UNLOCK TABLES;

--
-- Table structure for table `components_header_footer_menus`
--

DROP TABLE IF EXISTS `components_header_footer_menus`;
/*!40101 SET @saved_cs_client     = @@character_set_client */;
/*!40101 SET character_set_client = utf8 */;
CREATE TABLE `components_header_footer_menus` (
  `id` int(10) unsigned NOT NULL AUTO_INCREMENT,
  `name` varchar(255) DEFAULT NULL,
  `slug` varchar(255) DEFAULT NULL,
  PRIMARY KEY (`id`)
) ENGINE=InnoDB AUTO_INCREMENT=8 DEFAULT CHARSET=utf8;
/*!40101 SET character_set_client = @saved_cs_client */;

--
-- Dumping data for table `components_header_footer_menus`
--

LOCK TABLES `components_header_footer_menus` WRITE;
/*!40000 ALTER TABLE `components_header_footer_menus` DISABLE KEYS */;
INSERT INTO `components_header_footer_menus` VALUES (1,'Нүүр','/'),(2,'Бүтээгдэхүүн','product'),(3,'Зөвлөгөө','advice'),(5,'Бидний тухай','about-us'),(6,'Холбоо барих','contact'),(7,'Заавар','download');
/*!40000 ALTER TABLE `components_header_footer_menus` ENABLE KEYS */;
UNLOCK TABLES;

--
-- Table structure for table `components_header_submenus`
--

DROP TABLE IF EXISTS `components_header_submenus`;
/*!40101 SET @saved_cs_client     = @@character_set_client */;
/*!40101 SET character_set_client = utf8 */;
CREATE TABLE `components_header_submenus` (
  `id` int(10) unsigned NOT NULL AUTO_INCREMENT,
  `name` varchar(255) DEFAULT NULL,
  `slug` varchar(255) DEFAULT NULL,
  `catigory` varchar(255) DEFAULT NULL,
  PRIMARY KEY (`id`)
) ENGINE=InnoDB AUTO_INCREMENT=11 DEFAULT CHARSET=utf8;
/*!40101 SET character_set_client = @saved_cs_client */;

--
-- Dumping data for table `components_header_submenus`
--

LOCK TABLES `components_header_submenus` WRITE;
/*!40000 ALTER TABLE `components_header_submenus` DISABLE KEYS */;
INSERT INTO `components_header_submenus` VALUES (1,'MACS санхүүгийн бүртгэлийн иж бүрэн програм','macs','Бүтээгдэхүүн'),(2,'PACS төслийн санхүүгийн программ','pacs','Бүтээгдэхүүн'),(3,'Авто засварын газрын бүртгэл, удирдлагын систем','carservice','Бүтээгдэхүүн'),(4,'“COST”- Бүтээгдэхүүний өртөг тооцооллын систем','cost','Бүтээгдэхүүн'),(5,'Эмийн санд зориулсан POS систем','farmacy-pos','Бүтээгдэхүүн'),(6,'Гар утас цэнэглэх хугацааг хурдасгах энгийн зөвлөгөө','gar-utas-czenegleh-hugaczaag-hurdasgah-engijn-z-vl-g-1','Зөвлөгөө'),(7,'Skype видео дуудлага хийхдээ ар талаа бүдэгрүүлж болно','skype-video-duudlaga-hijhdee-ar-talaa-b-degr-lzh-bolno','Зөвлөгөө'),(8,'Баяр наадмын өдрүүдэд ажиллах ажилчдын нэрс, холбогдох утас','bayar-naadmyn-dr-ded-azhillah-azhilchdyn-ners-holbogdoh-utas','Мэдээ'),(9,'ByteFence Anti-Malware програмыг хэрхэн устгах вэ?','byte-fence-anti-malware-programyg-herhen-ustgah-ve-virus-ustgah-zaavar','Зөвлөгөө'),(10,'Агаар цэвэршүүлэгч сонгохдоо юуг анхаарах вэ?','agaar-czeversh-legch-songohdoo-yuug-anhaarah-ve','Мэдээ');
/*!40000 ALTER TABLE `components_header_submenus` ENABLE KEYS */;
UNLOCK TABLES;

--
-- Table structure for table `core_store`
--

DROP TABLE IF EXISTS `core_store`;
/*!40101 SET @saved_cs_client     = @@character_set_client */;
/*!40101 SET character_set_client = utf8 */;
CREATE TABLE `core_store` (
  `id` int(10) unsigned NOT NULL AUTO_INCREMENT,
  `key` varchar(255) DEFAULT NULL,
  `value` longtext,
  `type` varchar(255) DEFAULT NULL,
  `environment` varchar(255) DEFAULT NULL,
  `tag` varchar(255) DEFAULT NULL,
  PRIMARY KEY (`id`)
) ENGINE=InnoDB AUTO_INCREMENT=98 DEFAULT CHARSET=utf8;
/*!40101 SET character_set_client = @saved_cs_client */;

--
-- Dumping data for table `core_store`
--

LOCK TABLES `core_store` WRITE;
/*!40000 ALTER TABLE `core_store` DISABLE KEYS */;
INSERT INTO `core_store` VALUES (1,'model_def_strapi::core-store','{\"uid\":\"strapi::core-store\",\"collectionName\":\"core_store\",\"info\":{\"name\":\"core_store\",\"description\":\"\"},\"options\":{\"timestamps\":false},\"pluginOptions\":{\"content-manager\":{\"visible\":false},\"content-type-builder\":{\"visible\":false}},\"attributes\":{\"key\":{\"type\":\"string\"},\"value\":{\"type\":\"text\"},\"type\":{\"type\":\"string\"},\"environment\":{\"type\":\"string\"},\"tag\":{\"type\":\"string\"}}}','object',NULL,NULL),(2,'model_def_strapi::webhooks','{\"uid\":\"strapi::webhooks\",\"collectionName\":\"strapi_webhooks\",\"info\":{\"name\":\"Strapi webhooks\",\"description\":\"\"},\"options\":{\"timestamps\":false},\"pluginOptions\":{\"content-manager\":{\"visible\":false},\"content-type-builder\":{\"visible\":false}},\"attributes\":{\"name\":{\"type\":\"string\"},\"url\":{\"type\":\"text\"},\"headers\":{\"type\":\"json\"},\"events\":{\"type\":\"json\"},\"enabled\":{\"type\":\"boolean\"}}}','object',NULL,NULL),(3,'model_def_strapi::permission','{\"uid\":\"strapi::permission\",\"collectionName\":\"strapi_permission\",\"kind\":\"collectionType\",\"info\":{\"name\":\"Permission\",\"description\":\"\"},\"options\":{\"timestamps\":[\"created_at\",\"updated_at\"]},\"pluginOptions\":{\"content-manager\":{\"visible\":false},\"content-type-builder\":{\"visible\":false}},\"attributes\":{\"action\":{\"type\":\"string\",\"minLength\":1,\"configurable\":false,\"required\":true},\"subject\":{\"type\":\"string\",\"minLength\":1,\"configurable\":false,\"required\":false},\"properties\":{\"type\":\"json\",\"configurable\":false,\"required\":false,\"default\":{}},\"conditions\":{\"type\":\"json\",\"configurable\":false,\"required\":false,\"default\":[]},\"role\":{\"configurable\":false,\"model\":\"role\",\"plugin\":\"admin\"}}}','object',NULL,NULL),(4,'model_def_strapi::role','{\"uid\":\"strapi::role\",\"collectionName\":\"strapi_role\",\"kind\":\"collectionType\",\"info\":{\"name\":\"Role\",\"description\":\"\"},\"options\":{\"timestamps\":[\"created_at\",\"updated_at\"]},\"pluginOptions\":{\"content-manager\":{\"visible\":false},\"content-type-builder\":{\"visible\":false}},\"attributes\":{\"name\":{\"type\":\"string\",\"minLength\":1,\"unique\":true,\"configurable\":false,\"required\":true},\"code\":{\"type\":\"string\",\"minLength\":1,\"unique\":true,\"configurable\":false,\"required\":true},\"description\":{\"type\":\"string\",\"configurable\":false},\"users\":{\"configurable\":false,\"collection\":\"user\",\"via\":\"roles\",\"plugin\":\"admin\",\"attribute\":\"user\",\"column\":\"id\",\"isVirtual\":true},\"permissions\":{\"configurable\":false,\"plugin\":\"admin\",\"collection\":\"permission\",\"via\":\"role\",\"isVirtual\":true}}}','object',NULL,NULL),(5,'model_def_strapi::user','{\"uid\":\"strapi::user\",\"collectionName\":\"strapi_administrator\",\"kind\":\"collectionType\",\"info\":{\"name\":\"User\",\"description\":\"\"},\"options\":{\"timestamps\":false},\"pluginOptions\":{\"content-manager\":{\"visible\":false},\"content-type-builder\":{\"visible\":false}},\"attributes\":{\"firstname\":{\"type\":\"string\",\"unique\":false,\"minLength\":1,\"configurable\":false,\"required\":false},\"lastname\":{\"type\":\"string\",\"unique\":false,\"minLength\":1,\"configurable\":false,\"required\":false},\"username\":{\"type\":\"string\",\"unique\":false,\"configurable\":false,\"required\":false},\"email\":{\"type\":\"email\",\"minLength\":6,\"configurable\":false,\"required\":true,\"unique\":true,\"private\":true},\"password\":{\"type\":\"password\",\"minLength\":6,\"configurable\":false,\"required\":false,\"private\":true},\"resetPasswordToken\":{\"type\":\"string\",\"configurable\":false,\"private\":true},\"registrationToken\":{\"type\":\"string\",\"configurable\":false,\"private\":true},\"isActive\":{\"type\":\"boolean\",\"default\":false,\"configurable\":false,\"private\":true},\"roles\":{\"collection\":\"role\",\"collectionName\":\"strapi_users_roles\",\"via\":\"users\",\"dominant\":true,\"plugin\":\"admin\",\"configurable\":false,\"private\":true,\"attribute\":\"role\",\"column\":\"id\",\"isVirtual\":true},\"blocked\":{\"type\":\"boolean\",\"default\":false,\"configurable\":false,\"private\":true},\"preferedLanguage\":{\"type\":\"string\",\"configurable\":false,\"required\":false}}}','object',NULL,NULL),(6,'model_def_plugins::users-permissions.permission','{\"uid\":\"plugins::users-permissions.permission\",\"collectionName\":\"users-permissions_permission\",\"kind\":\"collectionType\",\"info\":{\"name\":\"permission\",\"description\":\"\"},\"options\":{\"timestamps\":false},\"pluginOptions\":{\"content-manager\":{\"visible\":false}},\"attributes\":{\"type\":{\"type\":\"string\",\"required\":true,\"configurable\":false},\"controller\":{\"type\":\"string\",\"required\":true,\"configurable\":false},\"action\":{\"type\":\"string\",\"required\":true,\"configurable\":false},\"enabled\":{\"type\":\"boolean\",\"required\":true,\"configurable\":false},\"policy\":{\"type\":\"string\",\"configurable\":false},\"role\":{\"model\":\"role\",\"via\":\"permissions\",\"plugin\":\"users-permissions\",\"configurable\":false},\"created_by\":{\"model\":\"user\",\"plugin\":\"admin\",\"configurable\":false,\"writable\":false,\"visible\":false,\"private\":true},\"updated_by\":{\"model\":\"user\",\"plugin\":\"admin\",\"configurable\":false,\"writable\":false,\"visible\":false,\"private\":true}}}','object',NULL,NULL),(7,'model_def_plugins::users-permissions.role','{\"uid\":\"plugins::users-permissions.role\",\"collectionName\":\"users-permissions_role\",\"kind\":\"collectionType\",\"info\":{\"name\":\"role\",\"description\":\"\"},\"options\":{\"timestamps\":false},\"pluginOptions\":{\"content-manager\":{\"visible\":false}},\"attributes\":{\"name\":{\"type\":\"string\",\"minLength\":3,\"required\":true,\"configurable\":false},\"description\":{\"type\":\"string\",\"configurable\":false},\"type\":{\"type\":\"string\",\"unique\":true,\"configurable\":false},\"permissions\":{\"collection\":\"permission\",\"via\":\"role\",\"plugin\":\"users-permissions\",\"configurable\":false,\"isVirtual\":true},\"users\":{\"collection\":\"user\",\"via\":\"role\",\"configurable\":false,\"plugin\":\"users-permissions\",\"isVirtual\":true},\"created_by\":{\"model\":\"user\",\"plugin\":\"admin\",\"configurable\":false,\"writable\":false,\"visible\":false,\"private\":true},\"updated_by\":{\"model\":\"user\",\"plugin\":\"admin\",\"configurable\":false,\"writable\":false,\"visible\":false,\"private\":true}}}','object',NULL,NULL),(8,'model_def_plugins::users-permissions.user','{\"uid\":\"plugins::users-permissions.user\",\"collectionName\":\"users-permissions_user\",\"kind\":\"collectionType\",\"info\":{\"name\":\"user\",\"description\":\"\"},\"options\":{\"draftAndPublish\":false,\"timestamps\":[\"created_at\",\"updated_at\"]},\"attributes\":{\"username\":{\"type\":\"string\",\"minLength\":3,\"unique\":true,\"configurable\":false,\"required\":true},\"email\":{\"type\":\"email\",\"minLength\":6,\"configurable\":false,\"required\":true},\"provider\":{\"type\":\"string\",\"configurable\":false},\"password\":{\"type\":\"password\",\"minLength\":6,\"configurable\":false,\"private\":true},\"resetPasswordToken\":{\"type\":\"string\",\"configurable\":false,\"private\":true},\"confirmationToken\":{\"type\":\"string\",\"configurable\":false,\"private\":true},\"confirmed\":{\"type\":\"boolean\",\"default\":false,\"configurable\":false},\"blocked\":{\"type\":\"boolean\",\"default\":false,\"configurable\":false},\"role\":{\"model\":\"role\",\"via\":\"users\",\"plugin\":\"users-permissions\",\"configurable\":false},\"product_feedbacks\":{\"via\":\"user\",\"collection\":\"product-feedback\",\"isVirtual\":true},\"issue_answers\":{\"via\":\"user\",\"collection\":\"issue-answer\",\"isVirtual\":true},\"company_name\":{\"type\":\"string\"},\"company_register\":{\"type\":\"biginteger\",\"unique\":true,\"required\":true},\"products\":{\"collection\":\"product\",\"via\":\"users\",\"dominant\":true,\"attribute\":\"product\",\"column\":\"id\",\"isVirtual\":true},\"admin_confirmed\":{\"type\":\"boolean\",\"default\":false},\"seen\":{\"type\":\"boolean\",\"default\":false},\"coreissues\":{\"via\":\"checked_user\",\"collection\":\"coreissue\",\"dominant\":true,\"attribute\":\"coreissue\",\"column\":\"id\",\"isVirtual\":true},\"created_by\":{\"model\":\"user\",\"plugin\":\"admin\",\"configurable\":false,\"writable\":false,\"visible\":false,\"private\":true},\"updated_by\":{\"model\":\"user\",\"plugin\":\"admin\",\"configurable\":false,\"writable\":false,\"visible\":false,\"private\":true}}}','object',NULL,NULL),(9,'model_def_plugins::upload.file','{\"uid\":\"plugins::upload.file\",\"collectionName\":\"upload_file\",\"kind\":\"collectionType\",\"info\":{\"name\":\"file\",\"description\":\"\"},\"options\":{\"timestamps\":[\"created_at\",\"updated_at\"]},\"pluginOptions\":{\"content-manager\":{\"visible\":false},\"content-type-builder\":{\"visible\":false}},\"attributes\":{\"name\":{\"type\":\"string\",\"configurable\":false,\"required\":true},\"alternativeText\":{\"type\":\"string\",\"configurable\":false},\"caption\":{\"type\":\"string\",\"configurable\":false},\"width\":{\"type\":\"integer\",\"configurable\":false},\"height\":{\"type\":\"integer\",\"configurable\":false},\"formats\":{\"type\":\"json\",\"configurable\":false},\"hash\":{\"type\":\"string\",\"configurable\":false,\"required\":true},\"ext\":{\"type\":\"string\",\"configurable\":false},\"mime\":{\"type\":\"string\",\"configurable\":false,\"required\":true},\"size\":{\"type\":\"decimal\",\"configurable\":false,\"required\":true},\"url\":{\"type\":\"string\",\"configurable\":false,\"required\":true},\"previewUrl\":{\"type\":\"string\",\"configurable\":false},\"provider\":{\"type\":\"string\",\"configurable\":false,\"required\":true},\"provider_metadata\":{\"type\":\"json\",\"configurable\":false},\"related\":{\"collection\":\"*\",\"filter\":\"field\",\"configurable\":false},\"created_by\":{\"model\":\"user\",\"plugin\":\"admin\",\"configurable\":false,\"writable\":false,\"visible\":false,\"private\":true},\"updated_by\":{\"model\":\"user\",\"plugin\":\"admin\",\"configurable\":false,\"writable\":false,\"visible\":false,\"private\":true}}}','object',NULL,NULL),(10,'model_def_plugins::i18n.locale','{\"uid\":\"plugins::i18n.locale\",\"collectionName\":\"i18n_locales\",\"kind\":\"collectionType\",\"info\":{\"name\":\"locale\",\"description\":\"\"},\"options\":{\"timestamps\":[\"created_at\",\"updated_at\"]},\"pluginOptions\":{\"content-manager\":{\"visible\":false},\"content-type-builder\":{\"visible\":false}},\"attributes\":{\"name\":{\"type\":\"string\",\"min\":1,\"max\":50,\"configurable\":false},\"code\":{\"type\":\"string\",\"unique\":true,\"configurable\":false},\"created_by\":{\"model\":\"user\",\"plugin\":\"admin\",\"configurable\":false,\"writable\":false,\"visible\":false,\"private\":true},\"updated_by\":{\"model\":\"user\",\"plugin\":\"admin\",\"configurable\":false,\"writable\":false,\"visible\":false,\"private\":true}}}','object',NULL,NULL),(11,'plugin_upload_settings','{\"sizeOptimization\":true,\"responsiveDimensions\":true}','object','development',''),(12,'plugin_users-permissions_grant','{\"email\":{\"enabled\":true,\"icon\":\"envelope\"},\"discord\":{\"enabled\":false,\"icon\":\"discord\",\"key\":\"\",\"secret\":\"\",\"callback\":\"/auth/discord/callback\",\"scope\":[\"identify\",\"email\"],\"redirectUri\":\"http://localhost:1337/connect/discord/callback\"},\"facebook\":{\"enabled\":false,\"icon\":\"facebook-square\",\"key\":\"\",\"secret\":\"\",\"callback\":\"/auth/facebook/callback\",\"scope\":[\"email\"],\"redirectUri\":\"http://localhost:1337/connect/facebook/callback\"},\"google\":{\"enabled\":false,\"icon\":\"google\",\"key\":\"\",\"secret\":\"\",\"callback\":\"/auth/google/callback\",\"scope\":[\"email\"],\"redirectUri\":\"http://localhost:1337/connect/google/callback\"},\"github\":{\"enabled\":false,\"icon\":\"github\",\"key\":\"\",\"secret\":\"\",\"callback\":\"/auth/github/callback\",\"scope\":[\"user\",\"user:email\"],\"redirectUri\":\"http://localhost:1337/connect/github/callback\"},\"microsoft\":{\"enabled\":false,\"icon\":\"windows\",\"key\":\"\",\"secret\":\"\",\"callback\":\"/auth/microsoft/callback\",\"scope\":[\"user.read\"],\"redirectUri\":\"http://localhost:1337/connect/microsoft/callback\"},\"twitter\":{\"enabled\":false,\"icon\":\"twitter\",\"key\":\"\",\"secret\":\"\",\"callback\":\"/auth/twitter/callback\",\"redirectUri\":\"http://localhost:1337/connect/twitter/callback\"},\"instagram\":{\"enabled\":false,\"icon\":\"instagram\",\"key\":\"\",\"secret\":\"\",\"callback\":\"/auth/instagram/callback\",\"scope\":[\"user_profile\"],\"redirectUri\":\"http://localhost:1337/connect/instagram/callback\"},\"vk\":{\"enabled\":false,\"icon\":\"vk\",\"key\":\"\",\"secret\":\"\",\"callback\":\"/auth/vk/callback\",\"scope\":[\"email\"],\"redirectUri\":\"http://localhost:1337/connect/vk/callback\"},\"twitch\":{\"enabled\":false,\"icon\":\"twitch\",\"key\":\"\",\"secret\":\"\",\"callback\":\"/auth/twitch/callback\",\"scope\":[\"user:read:email\"],\"redirectUri\":\"http://localhost:1337/connect/twitch/callback\"},\"linkedin\":{\"enabled\":false,\"icon\":\"linkedin\",\"key\":\"\",\"secret\":\"\",\"callback\":\"/auth/linkedin/callback\",\"scope\":[\"r_liteprofile\",\"r_emailaddress\"],\"redirectUri\":\"http://localhost:1337/connect/linkedin/callback\"},\"cognito\":{\"enabled\":false,\"icon\":\"aws\",\"key\":\"\",\"secret\":\"\",\"subdomain\":\"my.subdomain.com\",\"callback\":\"/auth/cognito/callback\",\"scope\":[\"email\",\"openid\",\"profile\"],\"redirectUri\":\"http://localhost:1337/connect/cognito/callback\"},\"reddit\":{\"enabled\":false,\"icon\":\"reddit\",\"key\":\"\",\"secret\":\"\",\"state\":true,\"callback\":\"/auth/reddit/callback\",\"scope\":[\"identity\"],\"redirectUri\":\"http://localhost:1337/connect/reddit/callback\"},\"auth0\":{\"enabled\":false,\"icon\":\"\",\"key\":\"\",\"secret\":\"\",\"subdomain\":\"my-tenant.eu\",\"callback\":\"/auth/auth0/callback\",\"scope\":[\"openid\",\"email\",\"profile\"],\"redirectUri\":\"http://localhost:1337/connect/auth0/callback\"},\"cas\":{\"enabled\":false,\"icon\":\"book\",\"key\":\"\",\"secret\":\"\",\"callback\":\"/auth/cas/callback\",\"scope\":[\"openid email\"],\"subdomain\":\"my.subdomain.com/cas\",\"redirectUri\":\"http://localhost:1337/connect/cas/callback\"}}','object','',''),(13,'plugin_i18n_default_locale','\"en\"','string','',''),(14,'plugin_content_manager_configuration_content_types::strapi::user','{\"uid\":\"strapi::user\",\"settings\":{\"bulkable\":true,\"filterable\":true,\"searchable\":true,\"pageSize\":10,\"mainField\":\"firstname\",\"defaultSortBy\":\"firstname\",\"defaultSortOrder\":\"ASC\"},\"metadatas\":{\"id\":{\"edit\":{},\"list\":{\"label\":\"Id\",\"searchable\":true,\"sortable\":true}},\"firstname\":{\"edit\":{\"label\":\"Firstname\",\"description\":\"\",\"placeholder\":\"\",\"visible\":true,\"editable\":true},\"list\":{\"label\":\"Firstname\",\"searchable\":true,\"sortable\":true}},\"lastname\":{\"edit\":{\"label\":\"Lastname\",\"description\":\"\",\"placeholder\":\"\",\"visible\":true,\"editable\":true},\"list\":{\"label\":\"Lastname\",\"searchable\":true,\"sortable\":true}},\"username\":{\"edit\":{\"label\":\"Username\",\"description\":\"\",\"placeholder\":\"\",\"visible\":true,\"editable\":true},\"list\":{\"label\":\"Username\",\"searchable\":true,\"sortable\":true}},\"email\":{\"edit\":{\"label\":\"Email\",\"description\":\"\",\"placeholder\":\"\",\"visible\":true,\"editable\":true},\"list\":{\"label\":\"Email\",\"searchable\":true,\"sortable\":true}},\"password\":{\"edit\":{\"label\":\"Password\",\"description\":\"\",\"placeholder\":\"\",\"visible\":true,\"editable\":true},\"list\":{\"label\":\"Password\",\"searchable\":true,\"sortable\":true}},\"resetPasswordToken\":{\"edit\":{\"label\":\"ResetPasswordToken\",\"description\":\"\",\"placeholder\":\"\",\"visible\":true,\"editable\":true},\"list\":{\"label\":\"ResetPasswordToken\",\"searchable\":true,\"sortable\":true}},\"registrationToken\":{\"edit\":{\"label\":\"RegistrationToken\",\"description\":\"\",\"placeholder\":\"\",\"visible\":true,\"editable\":true},\"list\":{\"label\":\"RegistrationToken\",\"searchable\":true,\"sortable\":true}},\"isActive\":{\"edit\":{\"label\":\"IsActive\",\"description\":\"\",\"placeholder\":\"\",\"visible\":true,\"editable\":true},\"list\":{\"label\":\"IsActive\",\"searchable\":true,\"sortable\":true}},\"roles\":{\"edit\":{\"label\":\"Roles\",\"description\":\"\",\"placeholder\":\"\",\"visible\":true,\"editable\":true,\"mainField\":\"name\"},\"list\":{\"label\":\"Roles\",\"searchable\":false,\"sortable\":false}},\"blocked\":{\"edit\":{\"label\":\"Blocked\",\"description\":\"\",\"placeholder\":\"\",\"visible\":true,\"editable\":true},\"list\":{\"label\":\"Blocked\",\"searchable\":true,\"sortable\":true}},\"preferedLanguage\":{\"edit\":{\"label\":\"PreferedLanguage\",\"description\":\"\",\"placeholder\":\"\",\"visible\":true,\"editable\":true},\"list\":{\"label\":\"PreferedLanguage\",\"searchable\":true,\"sortable\":true}}},\"layouts\":{\"list\":[\"id\",\"firstname\",\"lastname\",\"username\"],\"editRelations\":[\"roles\"],\"edit\":[[{\"name\":\"firstname\",\"size\":6},{\"name\":\"lastname\",\"size\":6}],[{\"name\":\"username\",\"size\":6},{\"name\":\"email\",\"size\":6}],[{\"name\":\"password\",\"size\":6},{\"name\":\"resetPasswordToken\",\"size\":6}],[{\"name\":\"registrationToken\",\"size\":6},{\"name\":\"isActive\",\"size\":4}],[{\"name\":\"blocked\",\"size\":4},{\"name\":\"preferedLanguage\",\"size\":6}]]}}','object','',''),(15,'plugin_content_manager_configuration_content_types::strapi::role','{\"uid\":\"strapi::role\",\"settings\":{\"bulkable\":true,\"filterable\":true,\"searchable\":true,\"pageSize\":10,\"mainField\":\"name\",\"defaultSortBy\":\"name\",\"defaultSortOrder\":\"ASC\"},\"metadatas\":{\"id\":{\"edit\":{},\"list\":{\"label\":\"Id\",\"searchable\":true,\"sortable\":true}},\"name\":{\"edit\":{\"label\":\"Name\",\"description\":\"\",\"placeholder\":\"\",\"visible\":true,\"editable\":true},\"list\":{\"label\":\"Name\",\"searchable\":true,\"sortable\":true}},\"code\":{\"edit\":{\"label\":\"Code\",\"description\":\"\",\"placeholder\":\"\",\"visible\":true,\"editable\":true},\"list\":{\"label\":\"Code\",\"searchable\":true,\"sortable\":true}},\"description\":{\"edit\":{\"label\":\"Description\",\"description\":\"\",\"placeholder\":\"\",\"visible\":true,\"editable\":true},\"list\":{\"label\":\"Description\",\"searchable\":true,\"sortable\":true}},\"users\":{\"edit\":{\"label\":\"Users\",\"description\":\"\",\"placeholder\":\"\",\"visible\":true,\"editable\":true,\"mainField\":\"firstname\"},\"list\":{\"label\":\"Users\",\"searchable\":false,\"sortable\":false}},\"permissions\":{\"edit\":{\"label\":\"Permissions\",\"description\":\"\",\"placeholder\":\"\",\"visible\":true,\"editable\":true,\"mainField\":\"action\"},\"list\":{\"label\":\"Permissions\",\"searchable\":false,\"sortable\":false}},\"created_at\":{\"edit\":{\"label\":\"Created_at\",\"description\":\"\",\"placeholder\":\"\",\"visible\":false,\"editable\":true},\"list\":{\"label\":\"Created_at\",\"searchable\":true,\"sortable\":true}},\"updated_at\":{\"edit\":{\"label\":\"Updated_at\",\"description\":\"\",\"placeholder\":\"\",\"visible\":false,\"editable\":true},\"list\":{\"label\":\"Updated_at\",\"searchable\":true,\"sortable\":true}}},\"layouts\":{\"list\":[\"id\",\"name\",\"code\",\"description\"],\"editRelations\":[\"users\",\"permissions\"],\"edit\":[[{\"name\":\"name\",\"size\":6},{\"name\":\"code\",\"size\":6}],[{\"name\":\"description\",\"size\":6}]]}}','object','',''),(16,'plugin_content_manager_configuration_content_types::strapi::permission','{\"uid\":\"strapi::permission\",\"settings\":{\"bulkable\":true,\"filterable\":true,\"searchable\":true,\"pageSize\":10,\"mainField\":\"action\",\"defaultSortBy\":\"action\",\"defaultSortOrder\":\"ASC\"},\"metadatas\":{\"id\":{\"edit\":{},\"list\":{\"label\":\"Id\",\"searchable\":true,\"sortable\":true}},\"action\":{\"edit\":{\"label\":\"Action\",\"description\":\"\",\"placeholder\":\"\",\"visible\":true,\"editable\":true},\"list\":{\"label\":\"Action\",\"searchable\":true,\"sortable\":true}},\"subject\":{\"edit\":{\"label\":\"Subject\",\"description\":\"\",\"placeholder\":\"\",\"visible\":true,\"editable\":true},\"list\":{\"label\":\"Subject\",\"searchable\":true,\"sortable\":true}},\"properties\":{\"edit\":{\"label\":\"Properties\",\"description\":\"\",\"placeholder\":\"\",\"visible\":true,\"editable\":true},\"list\":{\"label\":\"Properties\",\"searchable\":false,\"sortable\":false}},\"conditions\":{\"edit\":{\"label\":\"Conditions\",\"description\":\"\",\"placeholder\":\"\",\"visible\":true,\"editable\":true},\"list\":{\"label\":\"Conditions\",\"searchable\":false,\"sortable\":false}},\"role\":{\"edit\":{\"label\":\"Role\",\"description\":\"\",\"placeholder\":\"\",\"visible\":true,\"editable\":true,\"mainField\":\"name\"},\"list\":{\"label\":\"Role\",\"searchable\":true,\"sortable\":true}},\"created_at\":{\"edit\":{\"label\":\"Created_at\",\"description\":\"\",\"placeholder\":\"\",\"visible\":false,\"editable\":true},\"list\":{\"label\":\"Created_at\",\"searchable\":true,\"sortable\":true}},\"updated_at\":{\"edit\":{\"label\":\"Updated_at\",\"description\":\"\",\"placeholder\":\"\",\"visible\":false,\"editable\":true},\"list\":{\"label\":\"Updated_at\",\"searchable\":true,\"sortable\":true}}},\"layouts\":{\"list\":[\"id\",\"action\",\"subject\",\"role\"],\"editRelations\":[\"role\"],\"edit\":[[{\"name\":\"action\",\"size\":6},{\"name\":\"subject\",\"size\":6}],[{\"name\":\"properties\",\"size\":12}],[{\"name\":\"conditions\",\"size\":12}]]}}','object','',''),(17,'plugin_content_manager_configuration_content_types::plugins::users-permissions.user','{\"uid\":\"plugins::users-permissions.user\",\"settings\":{\"bulkable\":true,\"filterable\":true,\"searchable\":true,\"pageSize\":10,\"mainField\":\"username\",\"defaultSortBy\":\"username\",\"defaultSortOrder\":\"ASC\"},\"metadatas\":{\"id\":{\"edit\":{},\"list\":{\"label\":\"Id\",\"searchable\":true,\"sortable\":true}},\"username\":{\"edit\":{\"label\":\"Username\",\"description\":\"\",\"placeholder\":\"\",\"visible\":true,\"editable\":true},\"list\":{\"label\":\"Username\",\"searchable\":true,\"sortable\":true}},\"email\":{\"edit\":{\"label\":\"Email\",\"description\":\"\",\"placeholder\":\"\",\"visible\":true,\"editable\":true},\"list\":{\"label\":\"Email\",\"searchable\":true,\"sortable\":true}},\"provider\":{\"edit\":{\"label\":\"Provider\",\"description\":\"\",\"placeholder\":\"\",\"visible\":false,\"editable\":true},\"list\":{\"label\":\"Provider\",\"searchable\":true,\"sortable\":true}},\"password\":{\"edit\":{\"label\":\"Password\",\"description\":\"\",\"placeholder\":\"\",\"visible\":true,\"editable\":true},\"list\":{\"label\":\"Password\",\"searchable\":true,\"sortable\":true}},\"resetPasswordToken\":{\"edit\":{\"label\":\"ResetPasswordToken\",\"description\":\"\",\"placeholder\":\"\",\"visible\":false,\"editable\":true},\"list\":{\"label\":\"ResetPasswordToken\",\"searchable\":true,\"sortable\":true}},\"confirmationToken\":{\"edit\":{\"label\":\"ConfirmationToken\",\"description\":\"\",\"placeholder\":\"\",\"visible\":false,\"editable\":true},\"list\":{\"label\":\"ConfirmationToken\",\"searchable\":true,\"sortable\":true}},\"confirmed\":{\"edit\":{\"label\":\"Confirmed\",\"description\":\"\",\"placeholder\":\"\",\"visible\":true,\"editable\":true},\"list\":{\"label\":\"Confirmed\",\"searchable\":true,\"sortable\":true}},\"blocked\":{\"edit\":{\"label\":\"Blocked\",\"description\":\"\",\"placeholder\":\"\",\"visible\":true,\"editable\":true},\"list\":{\"label\":\"Blocked\",\"searchable\":true,\"sortable\":true}},\"role\":{\"edit\":{\"label\":\"Role\",\"description\":\"\",\"placeholder\":\"\",\"visible\":true,\"editable\":true,\"mainField\":\"name\"},\"list\":{\"label\":\"Role\",\"searchable\":true,\"sortable\":true}},\"product_feedbacks\":{\"edit\":{\"label\":\"Product_feedbacks\",\"description\":\"\",\"placeholder\":\"\",\"visible\":true,\"editable\":true,\"mainField\":\"name\"},\"list\":{\"label\":\"Product_feedbacks\",\"searchable\":false,\"sortable\":false}},\"issue_answers\":{\"edit\":{\"label\":\"Issue_answers\",\"description\":\"\",\"placeholder\":\"\",\"visible\":true,\"editable\":true,\"mainField\":\"id\"},\"list\":{\"label\":\"Issue_answers\",\"searchable\":false,\"sortable\":false}},\"company_name\":{\"edit\":{\"label\":\"Company_name\",\"description\":\"\",\"placeholder\":\"\",\"visible\":true,\"editable\":true},\"list\":{\"label\":\"Company_name\",\"searchable\":true,\"sortable\":true}},\"company_register\":{\"edit\":{\"label\":\"Company_register\",\"description\":\"\",\"placeholder\":\"\",\"visible\":true,\"editable\":true},\"list\":{\"label\":\"Company_register\",\"searchable\":true,\"sortable\":true}},\"products\":{\"edit\":{\"label\":\"Products\",\"description\":\"\",\"placeholder\":\"\",\"visible\":true,\"editable\":true,\"mainField\":\"title\"},\"list\":{\"label\":\"Products\",\"searchable\":false,\"sortable\":false}},\"admin_confirmed\":{\"edit\":{\"label\":\"Admin_confirmed\",\"description\":\"\",\"placeholder\":\"\",\"visible\":true,\"editable\":true},\"list\":{\"label\":\"Admin_confirmed\",\"searchable\":true,\"sortable\":true}},\"seen\":{\"edit\":{\"label\":\"Seen\",\"description\":\"\",\"placeholder\":\"\",\"visible\":true,\"editable\":true},\"list\":{\"label\":\"Seen\",\"searchable\":true,\"sortable\":true}},\"coreissues\":{\"edit\":{\"label\":\"Coreissues\",\"description\":\"\",\"placeholder\":\"\",\"visible\":true,\"editable\":true,\"mainField\":\"name\"},\"list\":{\"label\":\"Coreissues\",\"searchable\":false,\"sortable\":false}},\"created_at\":{\"edit\":{\"label\":\"Created_at\",\"description\":\"\",\"placeholder\":\"\",\"visible\":false,\"editable\":true},\"list\":{\"label\":\"Created_at\",\"searchable\":true,\"sortable\":true}},\"updated_at\":{\"edit\":{\"label\":\"Updated_at\",\"description\":\"\",\"placeholder\":\"\",\"visible\":false,\"editable\":true},\"list\":{\"label\":\"Updated_at\",\"searchable\":true,\"sortable\":true}}},\"layouts\":{\"list\":[\"id\",\"role\",\"username\",\"email\",\"confirmed\"],\"edit\":[[{\"name\":\"username\",\"size\":6},{\"name\":\"email\",\"size\":6}],[{\"name\":\"password\",\"size\":6},{\"name\":\"confirmed\",\"size\":4}],[{\"name\":\"blocked\",\"size\":4},{\"name\":\"company_name\",\"size\":6}],[{\"name\":\"company_register\",\"size\":4},{\"name\":\"admin_confirmed\",\"size\":4},{\"name\":\"seen\",\"size\":4}]],\"editRelations\":[\"role\",\"product_feedbacks\",\"issue_answers\",\"products\",\"coreissues\"]}}','object','',''),(18,'plugin_content_manager_configuration_content_types::plugins::upload.file','{\"uid\":\"plugins::upload.file\",\"settings\":{\"bulkable\":true,\"filterable\":true,\"searchable\":true,\"pageSize\":10,\"mainField\":\"name\",\"defaultSortBy\":\"name\",\"defaultSortOrder\":\"ASC\"},\"metadatas\":{\"id\":{\"edit\":{},\"list\":{\"label\":\"Id\",\"searchable\":true,\"sortable\":true}},\"name\":{\"edit\":{\"label\":\"Name\",\"description\":\"\",\"placeholder\":\"\",\"visible\":true,\"editable\":true},\"list\":{\"label\":\"Name\",\"searchable\":true,\"sortable\":true}},\"alternativeText\":{\"edit\":{\"label\":\"AlternativeText\",\"description\":\"\",\"placeholder\":\"\",\"visible\":true,\"editable\":true},\"list\":{\"label\":\"AlternativeText\",\"searchable\":true,\"sortable\":true}},\"caption\":{\"edit\":{\"label\":\"Caption\",\"description\":\"\",\"placeholder\":\"\",\"visible\":true,\"editable\":true},\"list\":{\"label\":\"Caption\",\"searchable\":true,\"sortable\":true}},\"width\":{\"edit\":{\"label\":\"Width\",\"description\":\"\",\"placeholder\":\"\",\"visible\":true,\"editable\":true},\"list\":{\"label\":\"Width\",\"searchable\":true,\"sortable\":true}},\"height\":{\"edit\":{\"label\":\"Height\",\"description\":\"\",\"placeholder\":\"\",\"visible\":true,\"editable\":true},\"list\":{\"label\":\"Height\",\"searchable\":true,\"sortable\":true}},\"formats\":{\"edit\":{\"label\":\"Formats\",\"description\":\"\",\"placeholder\":\"\",\"visible\":true,\"editable\":true},\"list\":{\"label\":\"Formats\",\"searchable\":false,\"sortable\":false}},\"hash\":{\"edit\":{\"label\":\"Hash\",\"description\":\"\",\"placeholder\":\"\",\"visible\":true,\"editable\":true},\"list\":{\"label\":\"Hash\",\"searchable\":true,\"sortable\":true}},\"ext\":{\"edit\":{\"label\":\"Ext\",\"description\":\"\",\"placeholder\":\"\",\"visible\":true,\"editable\":true},\"list\":{\"label\":\"Ext\",\"searchable\":true,\"sortable\":true}},\"mime\":{\"edit\":{\"label\":\"Mime\",\"description\":\"\",\"placeholder\":\"\",\"visible\":true,\"editable\":true},\"list\":{\"label\":\"Mime\",\"searchable\":true,\"sortable\":true}},\"size\":{\"edit\":{\"label\":\"Size\",\"description\":\"\",\"placeholder\":\"\",\"visible\":true,\"editable\":true},\"list\":{\"label\":\"Size\",\"searchable\":true,\"sortable\":true}},\"url\":{\"edit\":{\"label\":\"Url\",\"description\":\"\",\"placeholder\":\"\",\"visible\":true,\"editable\":true},\"list\":{\"label\":\"Url\",\"searchable\":true,\"sortable\":true}},\"previewUrl\":{\"edit\":{\"label\":\"PreviewUrl\",\"description\":\"\",\"placeholder\":\"\",\"visible\":true,\"editable\":true},\"list\":{\"label\":\"PreviewUrl\",\"searchable\":true,\"sortable\":true}},\"provider\":{\"edit\":{\"label\":\"Provider\",\"description\":\"\",\"placeholder\":\"\",\"visible\":true,\"editable\":true},\"list\":{\"label\":\"Provider\",\"searchable\":true,\"sortable\":true}},\"provider_metadata\":{\"edit\":{\"label\":\"Provider_metadata\",\"description\":\"\",\"placeholder\":\"\",\"visible\":true,\"editable\":true},\"list\":{\"label\":\"Provider_metadata\",\"searchable\":false,\"sortable\":false}},\"related\":{\"edit\":{\"label\":\"Related\",\"description\":\"\",\"placeholder\":\"\",\"visible\":true,\"editable\":true},\"list\":{\"label\":\"Related\",\"searchable\":false,\"sortable\":false}},\"created_at\":{\"edit\":{\"label\":\"Created_at\",\"description\":\"\",\"placeholder\":\"\",\"visible\":false,\"editable\":true},\"list\":{\"label\":\"Created_at\",\"searchable\":true,\"sortable\":true}},\"updated_at\":{\"edit\":{\"label\":\"Updated_at\",\"description\":\"\",\"placeholder\":\"\",\"visible\":false,\"editable\":true},\"list\":{\"label\":\"Updated_at\",\"searchable\":true,\"sortable\":true}}},\"layouts\":{\"list\":[\"id\",\"name\",\"alternativeText\",\"caption\"],\"editRelations\":[\"related\"],\"edit\":[[{\"name\":\"name\",\"size\":6},{\"name\":\"alternativeText\",\"size\":6}],[{\"name\":\"caption\",\"size\":6},{\"name\":\"width\",\"size\":4}],[{\"name\":\"height\",\"size\":4}],[{\"name\":\"formats\",\"size\":12}],[{\"name\":\"hash\",\"size\":6},{\"name\":\"ext\",\"size\":6}],[{\"name\":\"mime\",\"size\":6},{\"name\":\"size\",\"size\":4}],[{\"name\":\"url\",\"size\":6},{\"name\":\"previewUrl\",\"size\":6}],[{\"name\":\"provider\",\"size\":6}],[{\"name\":\"provider_metadata\",\"size\":12}]]}}','object','',''),(19,'plugin_content_manager_configuration_content_types::plugins::users-permissions.permission','{\"uid\":\"plugins::users-permissions.permission\",\"settings\":{\"bulkable\":true,\"filterable\":true,\"searchable\":true,\"pageSize\":10,\"mainField\":\"type\",\"defaultSortBy\":\"type\",\"defaultSortOrder\":\"ASC\"},\"metadatas\":{\"id\":{\"edit\":{},\"list\":{\"label\":\"Id\",\"searchable\":true,\"sortable\":true}},\"type\":{\"edit\":{\"label\":\"Type\",\"description\":\"\",\"placeholder\":\"\",\"visible\":true,\"editable\":true},\"list\":{\"label\":\"Type\",\"searchable\":true,\"sortable\":true}},\"controller\":{\"edit\":{\"label\":\"Controller\",\"description\":\"\",\"placeholder\":\"\",\"visible\":true,\"editable\":true},\"list\":{\"label\":\"Controller\",\"searchable\":true,\"sortable\":true}},\"action\":{\"edit\":{\"label\":\"Action\",\"description\":\"\",\"placeholder\":\"\",\"visible\":true,\"editable\":true},\"list\":{\"label\":\"Action\",\"searchable\":true,\"sortable\":true}},\"enabled\":{\"edit\":{\"label\":\"Enabled\",\"description\":\"\",\"placeholder\":\"\",\"visible\":true,\"editable\":true},\"list\":{\"label\":\"Enabled\",\"searchable\":true,\"sortable\":true}},\"policy\":{\"edit\":{\"label\":\"Policy\",\"description\":\"\",\"placeholder\":\"\",\"visible\":true,\"editable\":true},\"list\":{\"label\":\"Policy\",\"searchable\":true,\"sortable\":true}},\"role\":{\"edit\":{\"label\":\"Role\",\"description\":\"\",\"placeholder\":\"\",\"visible\":true,\"editable\":true,\"mainField\":\"name\"},\"list\":{\"label\":\"Role\",\"searchable\":true,\"sortable\":true}}},\"layouts\":{\"list\":[\"id\",\"type\",\"controller\",\"action\"],\"editRelations\":[\"role\"],\"edit\":[[{\"name\":\"type\",\"size\":6},{\"name\":\"controller\",\"size\":6}],[{\"name\":\"action\",\"size\":6},{\"name\":\"enabled\",\"size\":4}],[{\"name\":\"policy\",\"size\":6}]]}}','object','',''),(20,'plugin_content_manager_configuration_content_types::plugins::users-permissions.role','{\"uid\":\"plugins::users-permissions.role\",\"settings\":{\"bulkable\":true,\"filterable\":true,\"searchable\":true,\"pageSize\":10,\"mainField\":\"name\",\"defaultSortBy\":\"name\",\"defaultSortOrder\":\"ASC\"},\"metadatas\":{\"id\":{\"edit\":{},\"list\":{\"label\":\"Id\",\"searchable\":true,\"sortable\":true}},\"name\":{\"edit\":{\"label\":\"Name\",\"description\":\"\",\"placeholder\":\"\",\"visible\":true,\"editable\":true},\"list\":{\"label\":\"Name\",\"searchable\":true,\"sortable\":true}},\"description\":{\"edit\":{\"label\":\"Description\",\"description\":\"\",\"placeholder\":\"\",\"visible\":true,\"editable\":true},\"list\":{\"label\":\"Description\",\"searchable\":true,\"sortable\":true}},\"type\":{\"edit\":{\"label\":\"Type\",\"description\":\"\",\"placeholder\":\"\",\"visible\":true,\"editable\":true},\"list\":{\"label\":\"Type\",\"searchable\":true,\"sortable\":true}},\"permissions\":{\"edit\":{\"label\":\"Permissions\",\"description\":\"\",\"placeholder\":\"\",\"visible\":true,\"editable\":true,\"mainField\":\"type\"},\"list\":{\"label\":\"Permissions\",\"searchable\":false,\"sortable\":false}},\"users\":{\"edit\":{\"label\":\"Users\",\"description\":\"\",\"placeholder\":\"\",\"visible\":true,\"editable\":true,\"mainField\":\"username\"},\"list\":{\"label\":\"Users\",\"searchable\":false,\"sortable\":false}}},\"layouts\":{\"list\":[\"id\",\"name\",\"description\",\"type\"],\"editRelations\":[\"permissions\",\"users\"],\"edit\":[[{\"name\":\"name\",\"size\":6},{\"name\":\"description\",\"size\":6}],[{\"name\":\"type\",\"size\":6}]]}}','object','',''),(21,'plugin_content_manager_configuration_content_types::plugins::i18n.locale','{\"uid\":\"plugins::i18n.locale\",\"settings\":{\"bulkable\":true,\"filterable\":true,\"searchable\":true,\"pageSize\":10,\"mainField\":\"name\",\"defaultSortBy\":\"name\",\"defaultSortOrder\":\"ASC\"},\"metadatas\":{\"id\":{\"edit\":{},\"list\":{\"label\":\"Id\",\"searchable\":true,\"sortable\":true}},\"name\":{\"edit\":{\"label\":\"Name\",\"description\":\"\",\"placeholder\":\"\",\"visible\":true,\"editable\":true},\"list\":{\"label\":\"Name\",\"searchable\":true,\"sortable\":true}},\"code\":{\"edit\":{\"label\":\"Code\",\"description\":\"\",\"placeholder\":\"\",\"visible\":true,\"editable\":true},\"list\":{\"label\":\"Code\",\"searchable\":true,\"sortable\":true}},\"created_at\":{\"edit\":{\"label\":\"Created_at\",\"description\":\"\",\"placeholder\":\"\",\"visible\":false,\"editable\":true},\"list\":{\"label\":\"Created_at\",\"searchable\":true,\"sortable\":true}},\"updated_at\":{\"edit\":{\"label\":\"Updated_at\",\"description\":\"\",\"placeholder\":\"\",\"visible\":false,\"editable\":true},\"list\":{\"label\":\"Updated_at\",\"searchable\":true,\"sortable\":true}}},\"layouts\":{\"list\":[\"id\",\"name\",\"code\",\"created_at\"],\"editRelations\":[],\"edit\":[[{\"name\":\"name\",\"size\":6},{\"name\":\"code\",\"size\":6}]]}}','object','',''),(22,'plugin_users-permissions_email','{\"reset_password\":{\"display\":\"Email.template.reset_password\",\"icon\":\"sync\",\"options\":{\"from\":{\"name\":\"Administration Panel\",\"email\":\"no-reply@strapi.io\"},\"response_email\":\"\",\"object\":\"Reset password\",\"message\":\"<p>We heard that you lost your password. Sorry about that!</p>\\n\\n<p>But don’t worry! You can use the following link to reset your password:</p>\\n<p><%= URL %>?code=<%= TOKEN %></p>\\n\\n<p>Thanks.</p>\"}},\"email_confirmation\":{\"display\":\"Email.template.email_confirmation\",\"icon\":\"check-square\",\"options\":{\"from\":{\"name\":\"Administration Panel\",\"email\":\"no-reply@strapi.io\"},\"response_email\":\"\",\"object\":\"Account confirmation\",\"message\":\"<p>Thank you for registering!</p>\\n\\n<p>You have to confirm your email address. Please click on the link below.</p>\\n\\n<p><%= URL %>?confirmation=<%= CODE %></p>\\n\\n<p>Thanks.</p>\"}}}','object','',''),(23,'plugin_users-permissions_advanced','{\"unique_email\":true,\"allow_register\":true,\"email_confirmation\":false,\"email_reset_password\":null,\"email_confirmation_redirection\":null,\"default_role\":\"authenticated\"}','object','',''),(24,'core_admin_auth','{\"providers\":{\"autoRegister\":false,\"defaultRole\":null}}','object','',''),(25,'model_def_application::test.test','{\"uid\":\"application::test.test\",\"collectionName\":\"tests\",\"kind\":\"singleType\",\"info\":{\"name\":\"test\"},\"options\":{\"increments\":true,\"timestamps\":[\"created_at\",\"updated_at\"],\"draftAndPublish\":true},\"pluginOptions\":{},\"attributes\":{\"dd\":{\"collection\":\"file\",\"via\":\"related\",\"allowedTypes\":[\"images\",\"files\",\"videos\"],\"plugin\":\"upload\",\"required\":false,\"pluginOptions\":{}},\"published_at\":{\"type\":\"datetime\",\"configurable\":false,\"writable\":true,\"visible\":false},\"created_by\":{\"model\":\"user\",\"plugin\":\"admin\",\"configurable\":false,\"writable\":false,\"visible\":false,\"private\":true},\"updated_by\":{\"model\":\"user\",\"plugin\":\"admin\",\"configurable\":false,\"writable\":false,\"visible\":false,\"private\":true}}}','object',NULL,NULL),(27,'plugin_documentation_config','{\"restrictedAccess\":false}','object','',''),(28,'model_def_components.header-menu','{\"uid\":\"components.header-menu\",\"collectionName\":\"components_components_header_menus\",\"info\":{\"name\":\"header_menu\",\"icon\":\"align-justify\"},\"options\":{\"timestamps\":false},\"attributes\":{\"name\":{\"type\":\"string\"},\"slug\":{\"type\":\"string\"},\"submenu\":{\"type\":\"component\",\"repeatable\":true,\"component\":\"header.submenu\"}}}','object',NULL,NULL),(29,'model_def_header.submenu','{\"uid\":\"header.submenu\",\"collectionName\":\"components_header_submenus\",\"info\":{\"name\":\"submenu\",\"icon\":\"align-left\",\"description\":\"\"},\"options\":{\"timestamps\":false},\"attributes\":{\"name\":{\"type\":\"string\"},\"slug\":{\"type\":\"string\"},\"image\":{\"model\":\"file\",\"via\":\"related\",\"allowedTypes\":[\"images\",\"files\",\"videos\"],\"plugin\":\"upload\",\"required\":false,\"pluginOptions\":{}},\"catigory\":{\"type\":\"string\"}}}','object',NULL,NULL),(30,'model_def_application::settings.settings','{\"uid\":\"application::settings.settings\",\"collectionName\":\"settings\",\"kind\":\"singleType\",\"info\":{\"name\":\"settings\",\"description\":\"\"},\"options\":{\"increments\":true,\"timestamps\":[\"created_at\",\"updated_at\"],\"draftAndPublish\":true},\"pluginOptions\":{},\"attributes\":{\"header_menu\":{\"type\":\"component\",\"repeatable\":true,\"component\":\"components.header-menu\"},\"logo\":{\"model\":\"file\",\"via\":\"related\",\"allowedTypes\":[\"images\",\"files\",\"videos\"],\"plugin\":\"upload\",\"required\":false,\"pluginOptions\":{}},\"FooterSector\":{\"type\":\"component\",\"repeatable\":false,\"component\":\"components.footer-sector\"},\"published_at\":{\"type\":\"datetime\",\"configurable\":false,\"writable\":true,\"visible\":false},\"created_by\":{\"model\":\"user\",\"plugin\":\"admin\",\"configurable\":false,\"writable\":false,\"visible\":false,\"private\":true},\"updated_by\":{\"model\":\"user\",\"plugin\":\"admin\",\"configurable\":false,\"writable\":false,\"visible\":false,\"private\":true}}}','object',NULL,NULL),(31,'plugin_content_manager_configuration_components::components.header-menu','{\"uid\":\"components.header-menu\",\"settings\":{\"bulkable\":true,\"filterable\":true,\"searchable\":true,\"pageSize\":10,\"mainField\":\"name\",\"defaultSortBy\":\"name\",\"defaultSortOrder\":\"ASC\"},\"metadatas\":{\"id\":{\"edit\":{},\"list\":{\"label\":\"Id\",\"searchable\":false,\"sortable\":false}},\"name\":{\"edit\":{\"label\":\"Name\",\"description\":\"\",\"placeholder\":\"\",\"visible\":true,\"editable\":true},\"list\":{\"label\":\"Name\",\"searchable\":true,\"sortable\":true}},\"slug\":{\"edit\":{\"label\":\"Slug\",\"description\":\"\",\"placeholder\":\"\",\"visible\":true,\"editable\":true},\"list\":{\"label\":\"Slug\",\"searchable\":true,\"sortable\":true}},\"submenu\":{\"edit\":{\"label\":\"Submenu\",\"description\":\"\",\"placeholder\":\"\",\"visible\":true,\"editable\":true},\"list\":{\"label\":\"Submenu\",\"searchable\":false,\"sortable\":false}}},\"layouts\":{\"list\":[\"id\",\"name\",\"slug\"],\"edit\":[[{\"name\":\"name\",\"size\":6},{\"name\":\"slug\",\"size\":6}],[{\"name\":\"submenu\",\"size\":12}]],\"editRelations\":[]},\"isComponent\":true}','object','',''),(32,'plugin_content_manager_configuration_components::header.submenu','{\"uid\":\"header.submenu\",\"settings\":{\"bulkable\":true,\"filterable\":true,\"searchable\":true,\"pageSize\":10,\"mainField\":\"name\",\"defaultSortBy\":\"name\",\"defaultSortOrder\":\"ASC\"},\"metadatas\":{\"id\":{\"edit\":{},\"list\":{\"label\":\"Id\",\"searchable\":false,\"sortable\":false}},\"name\":{\"edit\":{\"label\":\"Name\",\"description\":\"\",\"placeholder\":\"\",\"visible\":true,\"editable\":true},\"list\":{\"label\":\"Name\",\"searchable\":true,\"sortable\":true}},\"slug\":{\"edit\":{\"label\":\"Slug\",\"description\":\"\",\"placeholder\":\"\",\"visible\":true,\"editable\":true},\"list\":{\"label\":\"Slug\",\"searchable\":true,\"sortable\":true}},\"image\":{\"edit\":{\"label\":\"Image\",\"description\":\"\",\"placeholder\":\"\",\"visible\":true,\"editable\":true},\"list\":{\"label\":\"Image\",\"searchable\":false,\"sortable\":false}},\"catigory\":{\"edit\":{\"label\":\"Catigory\",\"description\":\"\",\"placeholder\":\"\",\"visible\":true,\"editable\":true},\"list\":{\"label\":\"Catigory\",\"searchable\":true,\"sortable\":true}}},\"layouts\":{\"list\":[\"id\",\"name\",\"slug\",\"image\"],\"edit\":[[{\"name\":\"name\",\"size\":6},{\"name\":\"slug\",\"size\":6}],[{\"name\":\"image\",\"size\":6},{\"name\":\"catigory\",\"size\":6}]],\"editRelations\":[]},\"isComponent\":true}','object','',''),(33,'plugin_content_manager_configuration_content_types::application::settings.settings','{\"uid\":\"application::settings.settings\",\"settings\":{\"bulkable\":true,\"filterable\":true,\"searchable\":true,\"pageSize\":10,\"mainField\":\"id\",\"defaultSortBy\":\"id\",\"defaultSortOrder\":\"ASC\"},\"metadatas\":{\"id\":{\"edit\":{},\"list\":{\"label\":\"Id\",\"searchable\":true,\"sortable\":true}},\"header_menu\":{\"edit\":{\"label\":\"Header_menu\",\"description\":\"\",\"placeholder\":\"\",\"visible\":true,\"editable\":true},\"list\":{\"label\":\"Header_menu\",\"searchable\":false,\"sortable\":false}},\"logo\":{\"edit\":{\"label\":\"Logo\",\"description\":\"\",\"placeholder\":\"\",\"visible\":true,\"editable\":true},\"list\":{\"label\":\"Logo\",\"searchable\":false,\"sortable\":false}},\"FooterSector\":{\"edit\":{\"label\":\"FooterSector\",\"description\":\"\",\"placeholder\":\"\",\"visible\":true,\"editable\":true},\"list\":{\"label\":\"FooterSector\",\"searchable\":false,\"sortable\":false}},\"created_at\":{\"edit\":{\"label\":\"Created_at\",\"description\":\"\",\"placeholder\":\"\",\"visible\":false,\"editable\":true},\"list\":{\"label\":\"Created_at\",\"searchable\":true,\"sortable\":true}},\"updated_at\":{\"edit\":{\"label\":\"Updated_at\",\"description\":\"\",\"placeholder\":\"\",\"visible\":false,\"editable\":true},\"list\":{\"label\":\"Updated_at\",\"searchable\":true,\"sortable\":true}}},\"layouts\":{\"list\":[\"id\",\"created_at\",\"updated_at\",\"logo\"],\"edit\":[[{\"name\":\"header_menu\",\"size\":12}],[{\"name\":\"logo\",\"size\":6}],[{\"name\":\"FooterSector\",\"size\":12}]],\"editRelations\":[]}}','object','',''),(34,'model_def_header.footer-menu','{\"uid\":\"header.footer-menu\",\"collectionName\":\"components_header_footer_menus\",\"info\":{\"name\":\"footer_menu\",\"icon\":\"align-center\"},\"options\":{\"timestamps\":false},\"attributes\":{\"name\":{\"type\":\"string\"},\"slug\":{\"type\":\"string\"}}}','object',NULL,NULL),(35,'plugin_content_manager_configuration_components::header.footer-menu','{\"uid\":\"header.footer-menu\",\"settings\":{\"bulkable\":true,\"filterable\":true,\"searchable\":true,\"pageSize\":10,\"mainField\":\"name\",\"defaultSortBy\":\"name\",\"defaultSortOrder\":\"ASC\"},\"metadatas\":{\"id\":{\"edit\":{},\"list\":{\"label\":\"Id\",\"searchable\":false,\"sortable\":false}},\"name\":{\"edit\":{\"label\":\"Name\",\"description\":\"\",\"placeholder\":\"\",\"visible\":true,\"editable\":true},\"list\":{\"label\":\"Name\",\"searchable\":true,\"sortable\":true}},\"slug\":{\"edit\":{\"label\":\"Slug\",\"description\":\"\",\"placeholder\":\"\",\"visible\":true,\"editable\":true},\"list\":{\"label\":\"Slug\",\"searchable\":true,\"sortable\":true}}},\"layouts\":{\"list\":[\"id\",\"name\",\"slug\"],\"edit\":[[{\"name\":\"name\",\"size\":6},{\"name\":\"slug\",\"size\":6}]],\"editRelations\":[]},\"isComponent\":true}','object','',''),(36,'model_def_components.home-top-card','{\"uid\":\"components.home-top-card\",\"collectionName\":\"components_components_home_top_cards\",\"info\":{\"name\":\"HomeTopCard\",\"icon\":\"address-card\",\"description\":\"\"},\"options\":{\"timestamps\":false},\"attributes\":{\"title\":{\"type\":\"string\"},\"text\":{\"type\":\"text\"},\"slug\":{\"type\":\"string\"},\"code\":{\"type\":\"enumeration\",\"enum\":[\"one\",\"two\",\"three\",\"four\"],\"required\":true},\"color_code\":{\"type\":\"string\"}}}','object',NULL,NULL),(37,'model_def_components.home-top','{\"uid\":\"components.home-top\",\"collectionName\":\"components_components_home_tops\",\"info\":{\"name\":\"HomeTopText\",\"icon\":\"apple-alt\",\"description\":\"\"},\"options\":{\"timestamps\":false},\"attributes\":{\"text_big\":{\"type\":\"string\"},\"text_sm\":{\"type\":\"string\"},\"text_first\":{\"type\":\"string\"},\"text_write\":{\"type\":\"string\"},\"text_last\":{\"type\":\"string\"}}}','object',NULL,NULL),(38,'model_def_application::home.home','{\"uid\":\"application::home.home\",\"collectionName\":\"homes\",\"kind\":\"singleType\",\"info\":{\"name\":\"home\",\"description\":\"\"},\"options\":{\"increments\":true,\"timestamps\":[\"created_at\",\"updated_at\"],\"draftAndPublish\":true},\"pluginOptions\":{},\"attributes\":{\"Layout\":{\"type\":\"dynamiczone\",\"components\":[\"components.home-top1\",\"components.home-middle\",\"components.home-news\"]},\"published_at\":{\"type\":\"datetime\",\"configurable\":false,\"writable\":true,\"visible\":false},\"created_by\":{\"model\":\"user\",\"plugin\":\"admin\",\"configurable\":false,\"writable\":false,\"visible\":false,\"private\":true},\"updated_by\":{\"model\":\"user\",\"plugin\":\"admin\",\"configurable\":false,\"writable\":false,\"visible\":false,\"private\":true}}}','object',NULL,NULL),(39,'plugin_content_manager_configuration_components::components.home-top-card','{\"uid\":\"components.home-top-card\",\"settings\":{\"bulkable\":true,\"filterable\":true,\"searchable\":true,\"pageSize\":10,\"mainField\":\"title\",\"defaultSortBy\":\"title\",\"defaultSortOrder\":\"ASC\"},\"metadatas\":{\"id\":{\"edit\":{},\"list\":{\"label\":\"Id\",\"searchable\":false,\"sortable\":false}},\"title\":{\"edit\":{\"label\":\"Title\",\"description\":\"\",\"placeholder\":\"\",\"visible\":true,\"editable\":true},\"list\":{\"label\":\"Title\",\"searchable\":true,\"sortable\":true}},\"text\":{\"edit\":{\"label\":\"Text\",\"description\":\"\",\"placeholder\":\"\",\"visible\":true,\"editable\":true},\"list\":{\"label\":\"Text\",\"searchable\":true,\"sortable\":true}},\"slug\":{\"edit\":{\"label\":\"Slug\",\"description\":\"\",\"placeholder\":\"\",\"visible\":true,\"editable\":true},\"list\":{\"label\":\"Slug\",\"searchable\":true,\"sortable\":true}},\"code\":{\"edit\":{\"label\":\"Code\",\"description\":\"\",\"placeholder\":\"\",\"visible\":true,\"editable\":true},\"list\":{\"label\":\"Code\",\"searchable\":true,\"sortable\":true}},\"color_code\":{\"edit\":{\"label\":\"Color_code\",\"description\":\"\",\"placeholder\":\"\",\"visible\":true,\"editable\":true},\"list\":{\"label\":\"Color_code\",\"searchable\":true,\"sortable\":true}}},\"layouts\":{\"list\":[\"id\",\"title\",\"text\",\"slug\"],\"edit\":[[{\"name\":\"title\",\"size\":6},{\"name\":\"text\",\"size\":6}],[{\"name\":\"slug\",\"size\":6},{\"name\":\"code\",\"size\":6}],[{\"name\":\"color_code\",\"size\":6}]],\"editRelations\":[]},\"isComponent\":true}','object','',''),(40,'plugin_content_manager_configuration_components::components.home-top','{\"uid\":\"components.home-top\",\"settings\":{\"bulkable\":true,\"filterable\":true,\"searchable\":true,\"pageSize\":10,\"mainField\":\"text_big\",\"defaultSortBy\":\"text_big\",\"defaultSortOrder\":\"ASC\"},\"metadatas\":{\"id\":{\"edit\":{},\"list\":{\"label\":\"Id\",\"searchable\":false,\"sortable\":false}},\"text_big\":{\"edit\":{\"label\":\"Text_big\",\"description\":\"\",\"placeholder\":\"\",\"visible\":true,\"editable\":true},\"list\":{\"label\":\"Text_big\",\"searchable\":true,\"sortable\":true}},\"text_sm\":{\"edit\":{\"label\":\"Text_sm\",\"description\":\"\",\"placeholder\":\"\",\"visible\":true,\"editable\":true},\"list\":{\"label\":\"Text_sm\",\"searchable\":true,\"sortable\":true}},\"text_first\":{\"edit\":{\"label\":\"Text_first\",\"description\":\"\",\"placeholder\":\"\",\"visible\":true,\"editable\":true},\"list\":{\"label\":\"Text_first\",\"searchable\":true,\"sortable\":true}},\"text_write\":{\"edit\":{\"label\":\"Text_write\",\"description\":\"\",\"placeholder\":\"\",\"visible\":true,\"editable\":true},\"list\":{\"label\":\"Text_write\",\"searchable\":true,\"sortable\":true}},\"text_last\":{\"edit\":{\"label\":\"Text_last\",\"description\":\"\",\"placeholder\":\"\",\"visible\":true,\"editable\":true},\"list\":{\"label\":\"Text_last\",\"searchable\":true,\"sortable\":true}}},\"layouts\":{\"list\":[\"id\",\"text_big\",\"text_sm\",\"text_first\"],\"edit\":[[{\"name\":\"text_big\",\"size\":6},{\"name\":\"text_sm\",\"size\":6}],[{\"name\":\"text_first\",\"size\":6},{\"name\":\"text_write\",\"size\":6}],[{\"name\":\"text_last\",\"size\":6}]],\"editRelations\":[]},\"isComponent\":true}','object','',''),(41,'plugin_content_manager_configuration_content_types::application::home.home','{\"uid\":\"application::home.home\",\"settings\":{\"bulkable\":true,\"filterable\":true,\"searchable\":true,\"pageSize\":10,\"mainField\":\"id\",\"defaultSortBy\":\"id\",\"defaultSortOrder\":\"ASC\"},\"metadatas\":{\"id\":{\"edit\":{},\"list\":{\"label\":\"Id\",\"searchable\":true,\"sortable\":true}},\"Layout\":{\"edit\":{\"label\":\"Layout\",\"description\":\"\",\"placeholder\":\"\",\"visible\":true,\"editable\":true},\"list\":{\"label\":\"Layout\",\"searchable\":false,\"sortable\":false}},\"created_at\":{\"edit\":{\"label\":\"Created_at\",\"description\":\"\",\"placeholder\":\"\",\"visible\":false,\"editable\":true},\"list\":{\"label\":\"Created_at\",\"searchable\":true,\"sortable\":true}},\"updated_at\":{\"edit\":{\"label\":\"Updated_at\",\"description\":\"\",\"placeholder\":\"\",\"visible\":false,\"editable\":true},\"list\":{\"label\":\"Updated_at\",\"searchable\":true,\"sortable\":true}}},\"layouts\":{\"list\":[\"id\",\"created_at\",\"updated_at\"],\"edit\":[[{\"name\":\"Layout\",\"size\":12}]],\"editRelations\":[]}}','object','',''),(42,'model_def_components.home-top1','{\"uid\":\"components.home-top1\",\"collectionName\":\"components_components_home_top1s\",\"info\":{\"name\":\"HomeTop1\",\"icon\":\"align-right\",\"description\":\"\"},\"options\":{\"timestamps\":false},\"attributes\":{\"background\":{\"model\":\"file\",\"via\":\"related\",\"allowedTypes\":[\"images\",\"files\",\"videos\"],\"plugin\":\"upload\",\"required\":false,\"pluginOptions\":{}},\"BigText\":{\"type\":\"component\",\"repeatable\":false,\"component\":\"components.home-top\"},\"Cards\":{\"type\":\"component\",\"repeatable\":true,\"component\":\"components.home-top-card\"}}}','object',NULL,NULL),(43,'plugin_content_manager_configuration_components::components.home-top1','{\"uid\":\"components.home-top1\",\"settings\":{\"bulkable\":true,\"filterable\":true,\"searchable\":true,\"pageSize\":10,\"mainField\":\"id\",\"defaultSortBy\":\"id\",\"defaultSortOrder\":\"ASC\"},\"metadatas\":{\"id\":{\"edit\":{},\"list\":{\"label\":\"Id\",\"searchable\":false,\"sortable\":false}},\"background\":{\"edit\":{\"label\":\"Background\",\"description\":\"\",\"placeholder\":\"\",\"visible\":true,\"editable\":true},\"list\":{\"label\":\"Background\",\"searchable\":false,\"sortable\":false}},\"BigText\":{\"edit\":{\"label\":\"BigText\",\"description\":\"\",\"placeholder\":\"\",\"visible\":true,\"editable\":true},\"list\":{\"label\":\"BigText\",\"searchable\":false,\"sortable\":false}},\"Cards\":{\"edit\":{\"label\":\"Cards\",\"description\":\"\",\"placeholder\":\"\",\"visible\":true,\"editable\":true},\"list\":{\"label\":\"Cards\",\"searchable\":false,\"sortable\":false}}},\"layouts\":{\"list\":[\"id\",\"background\"],\"edit\":[[{\"name\":\"background\",\"size\":6}],[{\"name\":\"BigText\",\"size\":12}],[{\"name\":\"Cards\",\"size\":12}]],\"editRelations\":[]},\"isComponent\":true}','object','',''),(44,'model_def_application::page.page','{\"uid\":\"application::page.page\",\"collectionName\":\"pages\",\"kind\":\"collectionType\",\"info\":{\"name\":\"page\",\"description\":\"\"},\"options\":{\"increments\":true,\"timestamps\":[\"created_at\",\"updated_at\"],\"draftAndPublish\":true},\"pluginOptions\":{},\"attributes\":{\"name\":{\"type\":\"string\"},\"slug\":{\"type\":\"string\"},\"Layout\":{\"type\":\"dynamiczone\",\"components\":[\"components.home-news\",\"components.all-products\",\"components.about-us\",\"components.about-us-two\",\"components.contact\",\"components.programs\"]},\"published_at\":{\"type\":\"datetime\",\"configurable\":false,\"writable\":true,\"visible\":false},\"created_by\":{\"model\":\"user\",\"plugin\":\"admin\",\"configurable\":false,\"writable\":false,\"visible\":false,\"private\":true},\"updated_by\":{\"model\":\"user\",\"plugin\":\"admin\",\"configurable\":false,\"writable\":false,\"visible\":false,\"private\":true}}}','object',NULL,NULL),(45,'plugin_content_manager_configuration_content_types::application::page.page','{\"uid\":\"application::page.page\",\"settings\":{\"bulkable\":true,\"filterable\":true,\"searchable\":true,\"pageSize\":10,\"mainField\":\"name\",\"defaultSortBy\":\"name\",\"defaultSortOrder\":\"ASC\"},\"metadatas\":{\"id\":{\"edit\":{},\"list\":{\"label\":\"Id\",\"searchable\":true,\"sortable\":true}},\"name\":{\"edit\":{\"label\":\"Name\",\"description\":\"\",\"placeholder\":\"\",\"visible\":true,\"editable\":true},\"list\":{\"label\":\"Name\",\"searchable\":true,\"sortable\":true}},\"slug\":{\"edit\":{\"label\":\"Slug\",\"description\":\"\",\"placeholder\":\"\",\"visible\":true,\"editable\":true},\"list\":{\"label\":\"Slug\",\"searchable\":true,\"sortable\":true}},\"Layout\":{\"edit\":{\"label\":\"Layout\",\"description\":\"\",\"placeholder\":\"\",\"visible\":true,\"editable\":true},\"list\":{\"label\":\"Layout\",\"searchable\":false,\"sortable\":false}},\"created_at\":{\"edit\":{\"label\":\"Created_at\",\"description\":\"\",\"placeholder\":\"\",\"visible\":false,\"editable\":true},\"list\":{\"label\":\"Created_at\",\"searchable\":true,\"sortable\":true}},\"updated_at\":{\"edit\":{\"label\":\"Updated_at\",\"description\":\"\",\"placeholder\":\"\",\"visible\":false,\"editable\":true},\"list\":{\"label\":\"Updated_at\",\"searchable\":true,\"sortable\":true}}},\"layouts\":{\"list\":[\"id\",\"name\",\"slug\",\"created_at\"],\"editRelations\":[],\"edit\":[[{\"name\":\"name\",\"size\":6},{\"name\":\"slug\",\"size\":6}],[{\"name\":\"Layout\",\"size\":12}]]}}','object','',''),(46,'model_def_components.home-middle','{\"uid\":\"components.home-middle\",\"collectionName\":\"components_components_home_middles\",\"info\":{\"name\":\"HomeMiddle\",\"icon\":\"angle-double-right\"},\"options\":{\"timestamps\":false},\"attributes\":{\"title\":{\"type\":\"string\"},\"slug\":{\"type\":\"string\"},\"ProductSector\":{\"type\":\"component\",\"repeatable\":true,\"component\":\"components.product-sector\"}}}','object',NULL,NULL),(47,'model_def_components.product-sector','{\"uid\":\"components.product-sector\",\"collectionName\":\"components_components_product_sectors\",\"info\":{\"name\":\"ProductSector\",\"icon\":\"project-diagram\",\"description\":\"\"},\"options\":{\"timestamps\":false},\"attributes\":{\"title_head\":{\"type\":\"string\"},\"title\":{\"type\":\"string\"},\"slug\":{\"type\":\"string\"},\"description\":{\"type\":\"text\"},\"image\":{\"model\":\"file\",\"via\":\"related\",\"allowedTypes\":[\"images\",\"files\",\"videos\"],\"plugin\":\"upload\",\"required\":false,\"pluginOptions\":{}},\"code\":{\"type\":\"enumeration\",\"enum\":[\"one\",\"two\",\"three\",\"four\",\"five\",\"six\"]}}}','object',NULL,NULL),(48,'plugin_content_manager_configuration_components::components.home-middle','{\"uid\":\"components.home-middle\",\"settings\":{\"bulkable\":true,\"filterable\":true,\"searchable\":true,\"pageSize\":10,\"mainField\":\"title\",\"defaultSortBy\":\"title\",\"defaultSortOrder\":\"ASC\"},\"metadatas\":{\"id\":{\"edit\":{},\"list\":{\"label\":\"Id\",\"searchable\":false,\"sortable\":false}},\"title\":{\"edit\":{\"label\":\"Title\",\"description\":\"\",\"placeholder\":\"\",\"visible\":true,\"editable\":true},\"list\":{\"label\":\"Title\",\"searchable\":true,\"sortable\":true}},\"slug\":{\"edit\":{\"label\":\"Slug\",\"description\":\"\",\"placeholder\":\"\",\"visible\":true,\"editable\":true},\"list\":{\"label\":\"Slug\",\"searchable\":true,\"sortable\":true}},\"ProductSector\":{\"edit\":{\"label\":\"ProductSector\",\"description\":\"\",\"placeholder\":\"\",\"visible\":true,\"editable\":true},\"list\":{\"label\":\"ProductSector\",\"searchable\":false,\"sortable\":false}}},\"layouts\":{\"list\":[\"id\",\"title\",\"slug\"],\"edit\":[[{\"name\":\"title\",\"size\":6},{\"name\":\"slug\",\"size\":6}],[{\"name\":\"ProductSector\",\"size\":12}]],\"editRelations\":[]},\"isComponent\":true}','object','',''),(49,'plugin_content_manager_configuration_components::components.product-sector','{\"uid\":\"components.product-sector\",\"settings\":{\"bulkable\":true,\"filterable\":true,\"searchable\":true,\"pageSize\":10,\"mainField\":\"title_head\",\"defaultSortBy\":\"title_head\",\"defaultSortOrder\":\"ASC\"},\"metadatas\":{\"id\":{\"edit\":{},\"list\":{\"label\":\"Id\",\"searchable\":false,\"sortable\":false}},\"title_head\":{\"edit\":{\"label\":\"Title_head\",\"description\":\"\",\"placeholder\":\"\",\"visible\":true,\"editable\":true},\"list\":{\"label\":\"Title_head\",\"searchable\":true,\"sortable\":true}},\"title\":{\"edit\":{\"label\":\"Title\",\"description\":\"\",\"placeholder\":\"\",\"visible\":true,\"editable\":true},\"list\":{\"label\":\"Title\",\"searchable\":true,\"sortable\":true}},\"slug\":{\"edit\":{\"label\":\"Slug\",\"description\":\"\",\"placeholder\":\"\",\"visible\":true,\"editable\":true},\"list\":{\"label\":\"Slug\",\"searchable\":true,\"sortable\":true}},\"description\":{\"edit\":{\"label\":\"Description\",\"description\":\"\",\"placeholder\":\"\",\"visible\":true,\"editable\":true},\"list\":{\"label\":\"Description\",\"searchable\":true,\"sortable\":true}},\"image\":{\"edit\":{\"label\":\"Image\",\"description\":\"\",\"placeholder\":\"\",\"visible\":true,\"editable\":true},\"list\":{\"label\":\"Image\",\"searchable\":false,\"sortable\":false}},\"code\":{\"edit\":{\"label\":\"Code\",\"description\":\"\",\"placeholder\":\"\",\"visible\":true,\"editable\":true},\"list\":{\"label\":\"Code\",\"searchable\":true,\"sortable\":true}}},\"layouts\":{\"list\":[\"id\",\"title_head\",\"title\",\"slug\"],\"edit\":[[{\"name\":\"title_head\",\"size\":6},{\"name\":\"title\",\"size\":6}],[{\"name\":\"slug\",\"size\":6},{\"name\":\"description\",\"size\":6}],[{\"name\":\"image\",\"size\":6},{\"name\":\"code\",\"size\":6}]],\"editRelations\":[]},\"isComponent\":true}','object','',''),(51,'model_def_components.footer-sector','{\"uid\":\"components.footer-sector\",\"collectionName\":\"components_components_footer_sectors\",\"info\":{\"name\":\"FooterSector\",\"icon\":\"angle-double-down\"},\"options\":{\"timestamps\":false},\"attributes\":{\"FooterMenu\":{\"type\":\"component\",\"repeatable\":true,\"component\":\"header.footer-menu\"},\"Copyright\":{\"type\":\"string\"},\"aboutUs\":{\"type\":\"text\"},\"phone\":{\"type\":\"string\"},\"email\":{\"type\":\"string\"},\"location\":{\"type\":\"string\"},\"SocialButton\":{\"type\":\"component\",\"repeatable\":true,\"component\":\"components.social-button\"}}}','object',NULL,NULL),(52,'model_def_components.social-button','{\"uid\":\"components.social-button\",\"collectionName\":\"components_components_social_buttons\",\"info\":{\"name\":\"SocialButton\",\"icon\":\"icons\",\"description\":\"\"},\"options\":{\"timestamps\":false},\"attributes\":{\"name\":{\"type\":\"string\"},\"link\":{\"type\":\"string\"}}}','object',NULL,NULL),(53,'plugin_content_manager_configuration_components::components.social-button','{\"uid\":\"components.social-button\",\"settings\":{\"bulkable\":true,\"filterable\":true,\"searchable\":true,\"pageSize\":10,\"mainField\":\"name\",\"defaultSortBy\":\"name\",\"defaultSortOrder\":\"ASC\"},\"metadatas\":{\"id\":{\"edit\":{},\"list\":{\"label\":\"Id\",\"searchable\":false,\"sortable\":false}},\"name\":{\"edit\":{\"label\":\"Name\",\"description\":\"\",\"placeholder\":\"\",\"visible\":true,\"editable\":true},\"list\":{\"label\":\"Name\",\"searchable\":true,\"sortable\":true}},\"link\":{\"edit\":{\"label\":\"Link\",\"description\":\"\",\"placeholder\":\"\",\"visible\":true,\"editable\":true},\"list\":{\"label\":\"Link\",\"searchable\":true,\"sortable\":true}}},\"layouts\":{\"list\":[\"id\",\"name\",\"link\"],\"edit\":[[{\"name\":\"name\",\"size\":6},{\"name\":\"link\",\"size\":6}]],\"editRelations\":[]},\"isComponent\":true}','object','',''),(54,'plugin_content_manager_configuration_components::components.footer-sector','{\"uid\":\"components.footer-sector\",\"settings\":{\"bulkable\":true,\"filterable\":true,\"searchable\":true,\"pageSize\":10,\"mainField\":\"Copyright\",\"defaultSortBy\":\"Copyright\",\"defaultSortOrder\":\"ASC\"},\"metadatas\":{\"id\":{\"edit\":{},\"list\":{\"label\":\"Id\",\"searchable\":false,\"sortable\":false}},\"FooterMenu\":{\"edit\":{\"label\":\"FooterMenu\",\"description\":\"\",\"placeholder\":\"\",\"visible\":true,\"editable\":true},\"list\":{\"label\":\"FooterMenu\",\"searchable\":false,\"sortable\":false}},\"Copyright\":{\"edit\":{\"label\":\"Copyright\",\"description\":\"\",\"placeholder\":\"\",\"visible\":true,\"editable\":true},\"list\":{\"label\":\"Copyright\",\"searchable\":true,\"sortable\":true}},\"aboutUs\":{\"edit\":{\"label\":\"AboutUs\",\"description\":\"\",\"placeholder\":\"\",\"visible\":true,\"editable\":true},\"list\":{\"label\":\"AboutUs\",\"searchable\":true,\"sortable\":true}},\"phone\":{\"edit\":{\"label\":\"Phone\",\"description\":\"\",\"placeholder\":\"\",\"visible\":true,\"editable\":true},\"list\":{\"label\":\"Phone\",\"searchable\":true,\"sortable\":true}},\"email\":{\"edit\":{\"label\":\"Email\",\"description\":\"\",\"placeholder\":\"\",\"visible\":true,\"editable\":true},\"list\":{\"label\":\"Email\",\"searchable\":true,\"sortable\":true}},\"location\":{\"edit\":{\"label\":\"Location\",\"description\":\"\",\"placeholder\":\"\",\"visible\":true,\"editable\":true},\"list\":{\"label\":\"Location\",\"searchable\":true,\"sortable\":true}},\"SocialButton\":{\"edit\":{\"label\":\"SocialButton\",\"description\":\"\",\"placeholder\":\"\",\"visible\":true,\"editable\":true},\"list\":{\"label\":\"SocialButton\",\"searchable\":false,\"sortable\":false}}},\"layouts\":{\"list\":[\"id\",\"Copyright\",\"aboutUs\",\"phone\"],\"edit\":[[{\"name\":\"FooterMenu\",\"size\":12}],[{\"name\":\"Copyright\",\"size\":6},{\"name\":\"aboutUs\",\"size\":6}],[{\"name\":\"phone\",\"size\":6},{\"name\":\"email\",\"size\":6}],[{\"name\":\"location\",\"size\":6}],[{\"name\":\"SocialButton\",\"size\":12}]],\"editRelations\":[]},\"isComponent\":true}','object','',''),(55,'model_def_components.home-news','{\"uid\":\"components.home-news\",\"collectionName\":\"components_components_home_news\",\"info\":{\"name\":\"HomeNews\",\"icon\":\"allergies\",\"description\":\"\"},\"options\":{\"timestamps\":false},\"attributes\":{\"title\":{\"type\":\"string\"}}}','object',NULL,NULL),(56,'plugin_content_manager_configuration_components::components.home-news','{\"uid\":\"components.home-news\",\"settings\":{\"bulkable\":true,\"filterable\":true,\"searchable\":true,\"pageSize\":10,\"mainField\":\"title\",\"defaultSortBy\":\"title\",\"defaultSortOrder\":\"ASC\"},\"metadatas\":{\"id\":{\"edit\":{},\"list\":{\"label\":\"Id\",\"searchable\":false,\"sortable\":false}},\"title\":{\"edit\":{\"label\":\"Title\",\"description\":\"\",\"placeholder\":\"\",\"visible\":true,\"editable\":true},\"list\":{\"label\":\"Title\",\"searchable\":true,\"sortable\":true}}},\"layouts\":{\"list\":[\"id\",\"title\"],\"edit\":[[{\"name\":\"title\",\"size\":6}]],\"editRelations\":[]},\"isComponent\":true}','object','',''),(57,'model_def_application::post.post','{\"uid\":\"application::post.post\",\"collectionName\":\"posts\",\"kind\":\"collectionType\",\"info\":{\"name\":\"post\",\"description\":\"\"},\"options\":{\"increments\":true,\"timestamps\":[\"created_at\",\"updated_at\"],\"draftAndPublish\":true},\"pluginOptions\":{},\"attributes\":{\"title\":{\"type\":\"string\"},\"slug\":{\"type\":\"uid\",\"targetField\":\"title\"},\"image\":{\"model\":\"file\",\"via\":\"related\",\"allowedTypes\":[\"images\",\"files\",\"videos\"],\"plugin\":\"upload\",\"required\":false,\"pluginOptions\":{}},\"catigory\":{\"type\":\"string\"},\"description\":{\"type\":\"richtext\"},\"count\":{\"type\":\"biginteger\",\"default\":\"0\"},\"published_at\":{\"type\":\"datetime\",\"configurable\":false,\"writable\":true,\"visible\":false},\"created_by\":{\"model\":\"user\",\"plugin\":\"admin\",\"configurable\":false,\"writable\":false,\"visible\":false,\"private\":true},\"updated_by\":{\"model\":\"user\",\"plugin\":\"admin\",\"configurable\":false,\"writable\":false,\"visible\":false,\"private\":true}}}','object',NULL,NULL),(58,'plugin_content_manager_configuration_content_types::application::post.post','{\"uid\":\"application::post.post\",\"settings\":{\"bulkable\":true,\"filterable\":true,\"searchable\":true,\"pageSize\":10,\"mainField\":\"id\",\"defaultSortBy\":\"id\",\"defaultSortOrder\":\"ASC\"},\"metadatas\":{\"id\":{\"edit\":{},\"list\":{\"label\":\"Id\",\"searchable\":true,\"sortable\":true}},\"title\":{\"edit\":{\"label\":\"Title\",\"description\":\"\",\"placeholder\":\"\",\"visible\":true,\"editable\":true},\"list\":{\"label\":\"Title\",\"searchable\":true,\"sortable\":true}},\"slug\":{\"edit\":{\"label\":\"Slug\",\"description\":\"\",\"placeholder\":\"\",\"visible\":true,\"editable\":true},\"list\":{\"label\":\"Slug\",\"searchable\":true,\"sortable\":true}},\"image\":{\"edit\":{\"label\":\"Image\",\"description\":\"\",\"placeholder\":\"\",\"visible\":true,\"editable\":true},\"list\":{\"label\":\"Image\",\"searchable\":false,\"sortable\":false}},\"catigory\":{\"edit\":{\"label\":\"Catigory\",\"description\":\"\",\"placeholder\":\"\",\"visible\":true,\"editable\":true},\"list\":{\"label\":\"Catigory\",\"searchable\":true,\"sortable\":true}},\"description\":{\"edit\":{\"label\":\"Description\",\"description\":\"\",\"placeholder\":\"\",\"visible\":true,\"editable\":true},\"list\":{\"label\":\"Description\",\"searchable\":false,\"sortable\":false}},\"count\":{\"edit\":{\"label\":\"Count\",\"description\":\"\",\"placeholder\":\"\",\"visible\":true,\"editable\":true},\"list\":{\"label\":\"Count\",\"searchable\":true,\"sortable\":true}},\"created_at\":{\"edit\":{\"label\":\"Created_at\",\"description\":\"\",\"placeholder\":\"\",\"visible\":false,\"editable\":true},\"list\":{\"label\":\"Created_at\",\"searchable\":true,\"sortable\":true}},\"updated_at\":{\"edit\":{\"label\":\"Updated_at\",\"description\":\"\",\"placeholder\":\"\",\"visible\":false,\"editable\":true},\"list\":{\"label\":\"Updated_at\",\"searchable\":true,\"sortable\":true}}},\"layouts\":{\"list\":[\"id\",\"created_at\",\"updated_at\",\"title\"],\"edit\":[[{\"name\":\"title\",\"size\":6},{\"name\":\"slug\",\"size\":6}],[{\"name\":\"image\",\"size\":6},{\"name\":\"catigory\",\"size\":6}],[{\"name\":\"description\",\"size\":12}],[{\"name\":\"count\",\"size\":4}]],\"editRelations\":[]}}','object','',''),(59,'model_def_components.all-products','{\"uid\":\"components.all-products\",\"collectionName\":\"components_components_all_products\",\"info\":{\"name\":\"AllProducts\",\"icon\":\"ambulance\",\"description\":\"\"},\"options\":{\"timestamps\":false},\"attributes\":{\"title\":{\"type\":\"string\"},\"products\":{\"collection\":\"product\",\"attribute\":\"product\",\"column\":\"id\",\"isVirtual\":true},\"posts\":{\"collection\":\"post\",\"attribute\":\"post\",\"column\":\"id\",\"isVirtual\":true}}}','object',NULL,NULL),(60,'plugin_content_manager_configuration_components::components.all-products','{\"uid\":\"components.all-products\",\"settings\":{\"bulkable\":true,\"filterable\":true,\"searchable\":true,\"pageSize\":10,\"mainField\":\"title\",\"defaultSortBy\":\"title\",\"defaultSortOrder\":\"ASC\"},\"metadatas\":{\"id\":{\"edit\":{},\"list\":{\"label\":\"Id\",\"searchable\":false,\"sortable\":false}},\"title\":{\"edit\":{\"label\":\"Title\",\"description\":\"\",\"placeholder\":\"\",\"visible\":true,\"editable\":true},\"list\":{\"label\":\"Title\",\"searchable\":true,\"sortable\":true}},\"products\":{\"edit\":{\"label\":\"Products\",\"description\":\"\",\"placeholder\":\"\",\"visible\":true,\"editable\":true,\"mainField\":\"title\"},\"list\":{\"label\":\"Products\",\"searchable\":false,\"sortable\":false}},\"posts\":{\"edit\":{\"label\":\"Posts\",\"description\":\"\",\"placeholder\":\"\",\"visible\":true,\"editable\":true,\"mainField\":\"title\"},\"list\":{\"label\":\"Posts\",\"searchable\":false,\"sortable\":false}}},\"layouts\":{\"list\":[\"id\",\"title\",\"products\",\"posts\"],\"edit\":[[{\"name\":\"title\",\"size\":6},{\"name\":\"products\",\"size\":6}],[{\"name\":\"posts\",\"size\":6}]],\"editRelations\":[]},\"isComponent\":true}','object','',''),(61,'model_def_application::product.product','{\"uid\":\"application::product.product\",\"collectionName\":\"products\",\"kind\":\"collectionType\",\"info\":{\"name\":\"product\",\"description\":\"\"},\"options\":{\"increments\":true,\"timestamps\":[\"created_at\",\"updated_at\"],\"draftAndPublish\":true},\"pluginOptions\":{},\"attributes\":{\"title\":{\"type\":\"string\"},\"slug\":{\"type\":\"string\",\"required\":true},\"image\":{\"model\":\"file\",\"via\":\"related\",\"allowedTypes\":[\"images\",\"files\",\"videos\"],\"plugin\":\"upload\",\"required\":false,\"pluginOptions\":{}},\"description\":{\"type\":\"richtext\"},\"count\":{\"type\":\"biginteger\",\"default\":\"0\",\"required\":false},\"catigory\":{\"type\":\"string\"},\"product_feedbacks\":{\"via\":\"product\",\"collection\":\"product-feedback\",\"isVirtual\":true},\"users\":{\"via\":\"products\",\"plugin\":\"users-permissions\",\"collection\":\"user\",\"attribute\":\"user\",\"column\":\"id\",\"isVirtual\":true},\"published_at\":{\"type\":\"datetime\",\"configurable\":false,\"writable\":true,\"visible\":false},\"created_by\":{\"model\":\"user\",\"plugin\":\"admin\",\"configurable\":false,\"writable\":false,\"visible\":false,\"private\":true},\"updated_by\":{\"model\":\"user\",\"plugin\":\"admin\",\"configurable\":false,\"writable\":false,\"visible\":false,\"private\":true}}}','object',NULL,NULL),(62,'plugin_content_manager_configuration_content_types::application::product.product','{\"uid\":\"application::product.product\",\"settings\":{\"bulkable\":true,\"filterable\":true,\"searchable\":true,\"pageSize\":10,\"mainField\":\"title\",\"defaultSortBy\":\"title\",\"defaultSortOrder\":\"ASC\"},\"metadatas\":{\"id\":{\"edit\":{},\"list\":{\"label\":\"Id\",\"searchable\":true,\"sortable\":true}},\"title\":{\"edit\":{\"label\":\"Title\",\"description\":\"\",\"placeholder\":\"\",\"visible\":true,\"editable\":true},\"list\":{\"label\":\"Title\",\"searchable\":true,\"sortable\":true}},\"slug\":{\"edit\":{\"label\":\"Slug\",\"description\":\"\",\"placeholder\":\"\",\"visible\":true,\"editable\":true},\"list\":{\"label\":\"Slug\",\"searchable\":true,\"sortable\":true}},\"image\":{\"edit\":{\"label\":\"Image\",\"description\":\"\",\"placeholder\":\"\",\"visible\":true,\"editable\":true},\"list\":{\"label\":\"Image\",\"searchable\":false,\"sortable\":false}},\"description\":{\"edit\":{\"label\":\"Description\",\"description\":\"\",\"placeholder\":\"\",\"visible\":true,\"editable\":true},\"list\":{\"label\":\"Description\",\"searchable\":false,\"sortable\":false}},\"count\":{\"edit\":{\"label\":\"Count\",\"description\":\"\",\"placeholder\":\"\",\"visible\":true,\"editable\":true},\"list\":{\"label\":\"Count\",\"searchable\":true,\"sortable\":true}},\"catigory\":{\"edit\":{\"label\":\"Catigory\",\"description\":\"\",\"placeholder\":\"\",\"visible\":true,\"editable\":true},\"list\":{\"label\":\"Catigory\",\"searchable\":true,\"sortable\":true}},\"product_feedbacks\":{\"edit\":{\"label\":\"Product_feedbacks\",\"description\":\"\",\"placeholder\":\"\",\"visible\":true,\"editable\":true,\"mainField\":\"name\"},\"list\":{\"label\":\"Product_feedbacks\",\"searchable\":false,\"sortable\":false}},\"users\":{\"edit\":{\"label\":\"Users\",\"description\":\"\",\"placeholder\":\"\",\"visible\":true,\"editable\":true,\"mainField\":\"username\"},\"list\":{\"label\":\"Users\",\"searchable\":false,\"sortable\":false}},\"created_at\":{\"edit\":{\"label\":\"Created_at\",\"description\":\"\",\"placeholder\":\"\",\"visible\":false,\"editable\":true},\"list\":{\"label\":\"Created_at\",\"searchable\":true,\"sortable\":true}},\"updated_at\":{\"edit\":{\"label\":\"Updated_at\",\"description\":\"\",\"placeholder\":\"\",\"visible\":false,\"editable\":true},\"list\":{\"label\":\"Updated_at\",\"searchable\":true,\"sortable\":true}}},\"layouts\":{\"list\":[\"id\",\"title\",\"slug\",\"image\"],\"edit\":[[{\"name\":\"title\",\"size\":6},{\"name\":\"slug\",\"size\":6}],[{\"name\":\"image\",\"size\":6}],[{\"name\":\"description\",\"size\":12}],[{\"name\":\"count\",\"size\":4},{\"name\":\"catigory\",\"size\":6}]],\"editRelations\":[\"product_feedbacks\",\"users\"]}}','object','',''),(63,'model_def_components.about-us','{\"uid\":\"components.about-us\",\"collectionName\":\"components_components_aboutuses\",\"info\":{\"name\":\"AboutUs\",\"icon\":\"user-friends\",\"description\":\"\"},\"options\":{\"timestamps\":false},\"attributes\":{\"title\":{\"type\":\"string\"},\"AboutUsChild\":{\"type\":\"component\",\"repeatable\":true,\"component\":\"components.about-us-child\"}}}','object',NULL,NULL),(64,'plugin_content_manager_configuration_components::components.about-us','{\"uid\":\"components.about-us\",\"settings\":{\"bulkable\":true,\"filterable\":true,\"searchable\":true,\"pageSize\":10,\"mainField\":\"title\",\"defaultSortBy\":\"title\",\"defaultSortOrder\":\"ASC\"},\"metadatas\":{\"id\":{\"edit\":{},\"list\":{\"label\":\"Id\",\"searchable\":false,\"sortable\":false}},\"title\":{\"edit\":{\"label\":\"Title\",\"description\":\"\",\"placeholder\":\"\",\"visible\":true,\"editable\":true},\"list\":{\"label\":\"Title\",\"searchable\":true,\"sortable\":true}},\"AboutUsChild\":{\"edit\":{\"label\":\"AboutUsChild\",\"description\":\"\",\"placeholder\":\"\",\"visible\":true,\"editable\":true},\"list\":{\"label\":\"AboutUsChild\",\"searchable\":false,\"sortable\":false}}},\"layouts\":{\"list\":[\"id\",\"title\"],\"edit\":[[{\"name\":\"title\",\"size\":6}],[{\"name\":\"AboutUsChild\",\"size\":12}]],\"editRelations\":[]},\"isComponent\":true}','object','',''),(65,'model_def_components.about-us-child','{\"uid\":\"components.about-us-child\",\"collectionName\":\"components_components_about_us_children\",\"info\":{\"name\":\"AboutUsChild\",\"icon\":\"anchor\"},\"options\":{\"timestamps\":false},\"attributes\":{\"title\":{\"type\":\"string\"},\"description\":{\"type\":\"richtext\"}}}','object',NULL,NULL),(66,'plugin_content_manager_configuration_components::components.about-us-child','{\"uid\":\"components.about-us-child\",\"settings\":{\"bulkable\":true,\"filterable\":true,\"searchable\":true,\"pageSize\":10,\"mainField\":\"title\",\"defaultSortBy\":\"title\",\"defaultSortOrder\":\"ASC\"},\"metadatas\":{\"id\":{\"edit\":{},\"list\":{\"label\":\"Id\",\"searchable\":false,\"sortable\":false}},\"title\":{\"edit\":{\"label\":\"Title\",\"description\":\"\",\"placeholder\":\"\",\"visible\":true,\"editable\":true},\"list\":{\"label\":\"Title\",\"searchable\":true,\"sortable\":true}},\"description\":{\"edit\":{\"label\":\"Description\",\"description\":\"\",\"placeholder\":\"\",\"visible\":true,\"editable\":true},\"list\":{\"label\":\"Description\",\"searchable\":false,\"sortable\":false}}},\"layouts\":{\"list\":[\"id\",\"title\"],\"edit\":[[{\"name\":\"title\",\"size\":6}],[{\"name\":\"description\",\"size\":12}]],\"editRelations\":[]},\"isComponent\":true}','object','',''),(67,'model_def_components.about-us-two-child','{\"uid\":\"components.about-us-two-child\",\"collectionName\":\"components_components_about_us_two_children\",\"info\":{\"name\":\"AboutUsTwoChild\",\"icon\":\"asterisk\"},\"options\":{\"timestamps\":false},\"attributes\":{\"title\":{\"type\":\"string\"},\"image\":{\"model\":\"file\",\"via\":\"related\",\"allowedTypes\":[\"images\",\"files\",\"videos\"],\"plugin\":\"upload\",\"required\":false,\"pluginOptions\":{}}}}','object',NULL,NULL),(68,'model_def_components.about-us-two','{\"uid\":\"components.about-us-two\",\"collectionName\":\"components_components_about_us_twos\",\"info\":{\"name\":\"AboutUsTwo\",\"icon\":\"american-sign-language-interpreting\",\"description\":\"\"},\"options\":{\"timestamps\":false},\"attributes\":{\"AboutUsTwoChild\":{\"type\":\"component\",\"repeatable\":false,\"component\":\"components.about-us-two-child\"},\"Awards\":{\"type\":\"component\",\"repeatable\":false,\"component\":\"components.awards\"},\"PurposeComp\":{\"type\":\"component\",\"repeatable\":true,\"component\":\"components.purpose-comp\"}}}','object',NULL,NULL),(69,'plugin_content_manager_configuration_components::components.about-us-two','{\"uid\":\"components.about-us-two\",\"settings\":{\"bulkable\":true,\"filterable\":true,\"searchable\":true,\"pageSize\":10,\"mainField\":\"id\",\"defaultSortBy\":\"id\",\"defaultSortOrder\":\"ASC\"},\"metadatas\":{\"id\":{\"edit\":{},\"list\":{\"label\":\"Id\",\"searchable\":false,\"sortable\":false}},\"AboutUsTwoChild\":{\"edit\":{\"label\":\"AboutUsTwoChild\",\"description\":\"\",\"placeholder\":\"\",\"visible\":true,\"editable\":true},\"list\":{\"label\":\"AboutUsTwoChild\",\"searchable\":false,\"sortable\":false}},\"Awards\":{\"edit\":{\"label\":\"Awards\",\"description\":\"\",\"placeholder\":\"\",\"visible\":true,\"editable\":true},\"list\":{\"label\":\"Awards\",\"searchable\":false,\"sortable\":false}},\"PurposeComp\":{\"edit\":{\"label\":\"PurposeComp\",\"description\":\"\",\"placeholder\":\"\",\"visible\":true,\"editable\":true},\"list\":{\"label\":\"PurposeComp\",\"searchable\":false,\"sortable\":false}}},\"layouts\":{\"list\":[\"id\"],\"edit\":[[{\"name\":\"AboutUsTwoChild\",\"size\":12}],[{\"name\":\"Awards\",\"size\":12}],[{\"name\":\"PurposeComp\",\"size\":12}]],\"editRelations\":[]},\"isComponent\":true}','object','',''),(70,'plugin_content_manager_configuration_components::components.about-us-two-child','{\"uid\":\"components.about-us-two-child\",\"settings\":{\"bulkable\":true,\"filterable\":true,\"searchable\":true,\"pageSize\":10,\"mainField\":\"title\",\"defaultSortBy\":\"title\",\"defaultSortOrder\":\"ASC\"},\"metadatas\":{\"id\":{\"edit\":{},\"list\":{\"label\":\"Id\",\"searchable\":false,\"sortable\":false}},\"title\":{\"edit\":{\"label\":\"Title\",\"description\":\"\",\"placeholder\":\"\",\"visible\":true,\"editable\":true},\"list\":{\"label\":\"Title\",\"searchable\":true,\"sortable\":true}},\"image\":{\"edit\":{\"label\":\"Image\",\"description\":\"\",\"placeholder\":\"\",\"visible\":true,\"editable\":true},\"list\":{\"label\":\"Image\",\"searchable\":false,\"sortable\":false}}},\"layouts\":{\"list\":[\"id\",\"title\",\"image\"],\"edit\":[[{\"name\":\"title\",\"size\":6},{\"name\":\"image\",\"size\":6}]],\"editRelations\":[]},\"isComponent\":true}','object','',''),(71,'model_def_components.awards','{\"uid\":\"components.awards\",\"collectionName\":\"components_components_awards\",\"info\":{\"name\":\"Awards\",\"icon\":\"arrow-circle-up\"},\"options\":{\"timestamps\":false},\"attributes\":{\"title\":{\"type\":\"string\"},\"image\":{\"collection\":\"file\",\"via\":\"related\",\"allowedTypes\":[\"images\",\"files\",\"videos\"],\"plugin\":\"upload\",\"required\":false,\"pluginOptions\":{}}}}','object',NULL,NULL),(72,'plugin_content_manager_configuration_components::components.awards','{\"uid\":\"components.awards\",\"settings\":{\"bulkable\":true,\"filterable\":true,\"searchable\":true,\"pageSize\":10,\"mainField\":\"title\",\"defaultSortBy\":\"title\",\"defaultSortOrder\":\"ASC\"},\"metadatas\":{\"id\":{\"edit\":{},\"list\":{\"label\":\"Id\",\"searchable\":false,\"sortable\":false}},\"title\":{\"edit\":{\"label\":\"Title\",\"description\":\"\",\"placeholder\":\"\",\"visible\":true,\"editable\":true},\"list\":{\"label\":\"Title\",\"searchable\":true,\"sortable\":true}},\"image\":{\"edit\":{\"label\":\"Image\",\"description\":\"\",\"placeholder\":\"\",\"visible\":true,\"editable\":true},\"list\":{\"label\":\"Image\",\"searchable\":false,\"sortable\":false}}},\"layouts\":{\"list\":[\"id\",\"title\",\"image\"],\"edit\":[[{\"name\":\"title\",\"size\":6},{\"name\":\"image\",\"size\":6}]],\"editRelations\":[]},\"isComponent\":true}','object','',''),(73,'model_def_components.about-list','{\"uid\":\"components.about-list\",\"collectionName\":\"components_components_about_lists\",\"info\":{\"name\":\"AboutList\",\"icon\":\"angle-double-left\",\"description\":\"\"},\"options\":{\"timestamps\":false},\"attributes\":{\"text\":{\"type\":\"text\"}}}','object',NULL,NULL),(74,'model_def_components.purpose-comp','{\"uid\":\"components.purpose-comp\",\"collectionName\":\"components_components_purpose_comps\",\"info\":{\"name\":\"PurposeComp\",\"icon\":\"archway\",\"description\":\"\"},\"options\":{\"timestamps\":false},\"attributes\":{\"title\":{\"type\":\"string\"},\"smTitle\":{\"type\":\"string\"},\"AboutList\":{\"type\":\"component\",\"repeatable\":true,\"component\":\"components.about-list\"}}}','object',NULL,NULL),(75,'plugin_content_manager_configuration_components::components.about-list','{\"uid\":\"components.about-list\",\"settings\":{\"bulkable\":true,\"filterable\":true,\"searchable\":true,\"pageSize\":10,\"mainField\":\"text\",\"defaultSortBy\":\"text\",\"defaultSortOrder\":\"ASC\"},\"metadatas\":{\"id\":{\"edit\":{},\"list\":{\"label\":\"Id\",\"searchable\":false,\"sortable\":false}},\"text\":{\"edit\":{\"label\":\"Text\",\"description\":\"\",\"placeholder\":\"\",\"visible\":true,\"editable\":true},\"list\":{\"label\":\"Text\",\"searchable\":true,\"sortable\":true}}},\"layouts\":{\"list\":[\"id\",\"text\"],\"edit\":[[{\"name\":\"text\",\"size\":6}]],\"editRelations\":[]},\"isComponent\":true}','object','',''),(76,'plugin_content_manager_configuration_components::components.purpose-comp','{\"uid\":\"components.purpose-comp\",\"settings\":{\"bulkable\":true,\"filterable\":true,\"searchable\":true,\"pageSize\":10,\"mainField\":\"title\",\"defaultSortBy\":\"title\",\"defaultSortOrder\":\"ASC\"},\"metadatas\":{\"id\":{\"edit\":{},\"list\":{\"label\":\"Id\",\"searchable\":false,\"sortable\":false}},\"title\":{\"edit\":{\"label\":\"Title\",\"description\":\"\",\"placeholder\":\"\",\"visible\":true,\"editable\":true},\"list\":{\"label\":\"Title\",\"searchable\":true,\"sortable\":true}},\"smTitle\":{\"edit\":{\"label\":\"SmTitle\",\"description\":\"\",\"placeholder\":\"\",\"visible\":true,\"editable\":true},\"list\":{\"label\":\"SmTitle\",\"searchable\":true,\"sortable\":true}},\"AboutList\":{\"edit\":{\"label\":\"AboutList\",\"description\":\"\",\"placeholder\":\"\",\"visible\":true,\"editable\":true},\"list\":{\"label\":\"AboutList\",\"searchable\":false,\"sortable\":false}}},\"layouts\":{\"list\":[\"id\",\"title\",\"smTitle\"],\"edit\":[[{\"name\":\"title\",\"size\":6},{\"name\":\"smTitle\",\"size\":6}],[{\"name\":\"AboutList\",\"size\":12}]],\"editRelations\":[]},\"isComponent\":true}','object','',''),(77,'model_def_components.contact','{\"uid\":\"components.contact\",\"collectionName\":\"components_components_contacts\",\"info\":{\"name\":\"Contact\",\"icon\":\"address-book\",\"description\":\"\"},\"options\":{\"timestamps\":false},\"attributes\":{\"location\":{\"type\":\"string\"},\"phone\":{\"type\":\"string\"},\"email\":{\"type\":\"string\"},\"SocialButton\":{\"type\":\"component\",\"repeatable\":true,\"component\":\"components.social-button\"},\"title\":{\"type\":\"string\"}}}','object',NULL,NULL),(78,'plugin_content_manager_configuration_components::components.contact','{\"uid\":\"components.contact\",\"settings\":{\"bulkable\":true,\"filterable\":true,\"searchable\":true,\"pageSize\":10,\"mainField\":\"location\",\"defaultSortBy\":\"location\",\"defaultSortOrder\":\"ASC\"},\"metadatas\":{\"id\":{\"edit\":{},\"list\":{\"label\":\"Id\",\"searchable\":false,\"sortable\":false}},\"location\":{\"edit\":{\"label\":\"Location\",\"description\":\"\",\"placeholder\":\"\",\"visible\":true,\"editable\":true},\"list\":{\"label\":\"Location\",\"searchable\":true,\"sortable\":true}},\"phone\":{\"edit\":{\"label\":\"Phone\",\"description\":\"\",\"placeholder\":\"\",\"visible\":true,\"editable\":true},\"list\":{\"label\":\"Phone\",\"searchable\":true,\"sortable\":true}},\"email\":{\"edit\":{\"label\":\"Email\",\"description\":\"\",\"placeholder\":\"\",\"visible\":true,\"editable\":true},\"list\":{\"label\":\"Email\",\"searchable\":true,\"sortable\":true}},\"SocialButton\":{\"edit\":{\"label\":\"SocialButton\",\"description\":\"\",\"placeholder\":\"\",\"visible\":true,\"editable\":true},\"list\":{\"label\":\"SocialButton\",\"searchable\":false,\"sortable\":false}},\"title\":{\"edit\":{\"label\":\"Title\",\"description\":\"\",\"placeholder\":\"\",\"visible\":true,\"editable\":true},\"list\":{\"label\":\"Title\",\"searchable\":true,\"sortable\":true}}},\"layouts\":{\"list\":[\"id\",\"location\",\"phone\",\"email\"],\"edit\":[[{\"name\":\"location\",\"size\":6},{\"name\":\"phone\",\"size\":6}],[{\"name\":\"email\",\"size\":6}],[{\"name\":\"SocialButton\",\"size\":12}],[{\"name\":\"title\",\"size\":6}]],\"editRelations\":[]},\"isComponent\":true}','object','',''),(79,'model_def_application::infosystem-report.infosystem-report','{\"uid\":\"application::infosystem-report.infosystem-report\",\"collectionName\":\"infosystem_reports\",\"kind\":\"collectionType\",\"info\":{\"name\":\"infosystem-feedback\",\"description\":\"\"},\"options\":{\"increments\":true,\"timestamps\":[\"created_at\",\"updated_at\"],\"draftAndPublish\":true},\"pluginOptions\":{},\"attributes\":{\"name\":{\"type\":\"string\"},\"description\":{\"type\":\"text\"},\"email\":{\"type\":\"string\"},\"seen\":{\"type\":\"boolean\",\"default\":false},\"published_at\":{\"type\":\"datetime\",\"configurable\":false,\"writable\":true,\"visible\":false},\"created_by\":{\"model\":\"user\",\"plugin\":\"admin\",\"configurable\":false,\"writable\":false,\"visible\":false,\"private\":true},\"updated_by\":{\"model\":\"user\",\"plugin\":\"admin\",\"configurable\":false,\"writable\":false,\"visible\":false,\"private\":true}}}','object',NULL,NULL),(80,'plugin_content_manager_configuration_content_types::application::infosystem-report.infosystem-report','{\"uid\":\"application::infosystem-report.infosystem-report\",\"settings\":{\"bulkable\":true,\"filterable\":true,\"searchable\":true,\"pageSize\":10,\"mainField\":\"name\",\"defaultSortBy\":\"name\",\"defaultSortOrder\":\"ASC\"},\"metadatas\":{\"id\":{\"edit\":{},\"list\":{\"label\":\"Id\",\"searchable\":true,\"sortable\":true}},\"name\":{\"edit\":{\"label\":\"Name\",\"description\":\"\",\"placeholder\":\"\",\"visible\":true,\"editable\":true},\"list\":{\"label\":\"Name\",\"searchable\":true,\"sortable\":true}},\"description\":{\"edit\":{\"label\":\"Description\",\"description\":\"\",\"placeholder\":\"\",\"visible\":true,\"editable\":true},\"list\":{\"label\":\"Description\",\"searchable\":true,\"sortable\":true}},\"email\":{\"edit\":{\"label\":\"Email\",\"description\":\"\",\"placeholder\":\"\",\"visible\":true,\"editable\":true},\"list\":{\"label\":\"Email\",\"searchable\":true,\"sortable\":true}},\"seen\":{\"edit\":{\"label\":\"Seen\",\"description\":\"\",\"placeholder\":\"\",\"visible\":true,\"editable\":true},\"list\":{\"label\":\"Seen\",\"searchable\":true,\"sortable\":true}},\"created_at\":{\"edit\":{\"label\":\"Created_at\",\"description\":\"\",\"placeholder\":\"\",\"visible\":false,\"editable\":true},\"list\":{\"label\":\"Created_at\",\"searchable\":true,\"sortable\":true}},\"updated_at\":{\"edit\":{\"label\":\"Updated_at\",\"description\":\"\",\"placeholder\":\"\",\"visible\":false,\"editable\":true},\"list\":{\"label\":\"Updated_at\",\"searchable\":true,\"sortable\":true}}},\"layouts\":{\"list\":[\"id\",\"name\",\"email\",\"description\"],\"edit\":[[{\"name\":\"name\",\"size\":6},{\"name\":\"email\",\"size\":6}],[{\"name\":\"description\",\"size\":6},{\"name\":\"seen\",\"size\":4}]],\"editRelations\":[]}}','object','',''),(81,'model_def_application::product-feedback.product-feedback','{\"uid\":\"application::product-feedback.product-feedback\",\"collectionName\":\"product_feedbacks\",\"kind\":\"collectionType\",\"info\":{\"name\":\"product-issue\",\"description\":\"\"},\"options\":{\"increments\":true,\"timestamps\":[\"created_at\",\"updated_at\"],\"draftAndPublish\":true},\"pluginOptions\":{},\"attributes\":{\"name\":{\"type\":\"string\"},\"content\":{\"type\":\"richtext\"},\"product\":{\"via\":\"product_feedbacks\",\"model\":\"product\"},\"user\":{\"via\":\"product_feedbacks\",\"plugin\":\"users-permissions\",\"model\":\"user\"},\"issue_answers\":{\"via\":\"product_issue\",\"collection\":\"issue-answer\",\"isVirtual\":true},\"admin_confirmed\":{\"type\":\"boolean\",\"default\":false},\"resolved\":{\"type\":\"boolean\",\"default\":false},\"seen\":{\"type\":\"boolean\",\"default\":false},\"published_at\":{\"type\":\"datetime\",\"configurable\":false,\"writable\":true,\"visible\":false},\"created_by\":{\"model\":\"user\",\"plugin\":\"admin\",\"configurable\":false,\"writable\":false,\"visible\":false,\"private\":true},\"updated_by\":{\"model\":\"user\",\"plugin\":\"admin\",\"configurable\":false,\"writable\":false,\"visible\":false,\"private\":true}}}','object',NULL,NULL),(82,'plugin_content_manager_configuration_content_types::application::product-feedback.product-feedback','{\"uid\":\"application::product-feedback.product-feedback\",\"settings\":{\"bulkable\":true,\"filterable\":true,\"searchable\":true,\"pageSize\":10,\"mainField\":\"name\",\"defaultSortBy\":\"name\",\"defaultSortOrder\":\"ASC\"},\"metadatas\":{\"id\":{\"edit\":{},\"list\":{\"label\":\"Id\",\"searchable\":true,\"sortable\":true}},\"name\":{\"edit\":{\"label\":\"Name\",\"description\":\"\",\"placeholder\":\"\",\"visible\":true,\"editable\":true},\"list\":{\"label\":\"Name\",\"searchable\":true,\"sortable\":true}},\"content\":{\"edit\":{\"label\":\"Content\",\"description\":\"\",\"placeholder\":\"\",\"visible\":true,\"editable\":true},\"list\":{\"label\":\"Content\",\"searchable\":false,\"sortable\":false}},\"product\":{\"edit\":{\"label\":\"Product\",\"description\":\"\",\"placeholder\":\"\",\"visible\":true,\"editable\":true,\"mainField\":\"title\"},\"list\":{\"label\":\"Product\",\"searchable\":true,\"sortable\":true}},\"user\":{\"edit\":{\"label\":\"User\",\"description\":\"\",\"placeholder\":\"\",\"visible\":true,\"editable\":true,\"mainField\":\"username\"},\"list\":{\"label\":\"User\",\"searchable\":true,\"sortable\":true}},\"issue_answers\":{\"edit\":{\"label\":\"Issue_answers\",\"description\":\"\",\"placeholder\":\"\",\"visible\":true,\"editable\":true,\"mainField\":\"id\"},\"list\":{\"label\":\"Issue_answers\",\"searchable\":false,\"sortable\":false}},\"admin_confirmed\":{\"edit\":{\"label\":\"Admin_confirmed\",\"description\":\"\",\"placeholder\":\"\",\"visible\":true,\"editable\":true},\"list\":{\"label\":\"Admin_confirmed\",\"searchable\":true,\"sortable\":true}},\"resolved\":{\"edit\":{\"label\":\"Resolved\",\"description\":\"\",\"placeholder\":\"\",\"visible\":true,\"editable\":true},\"list\":{\"label\":\"Resolved\",\"searchable\":true,\"sortable\":true}},\"seen\":{\"edit\":{\"label\":\"Seen\",\"description\":\"\",\"placeholder\":\"\",\"visible\":true,\"editable\":true},\"list\":{\"label\":\"Seen\",\"searchable\":true,\"sortable\":true}},\"created_at\":{\"edit\":{\"label\":\"Created_at\",\"description\":\"\",\"placeholder\":\"\",\"visible\":false,\"editable\":true},\"list\":{\"label\":\"Created_at\",\"searchable\":true,\"sortable\":true}},\"updated_at\":{\"edit\":{\"label\":\"Updated_at\",\"description\":\"\",\"placeholder\":\"\",\"visible\":false,\"editable\":true},\"list\":{\"label\":\"Updated_at\",\"searchable\":true,\"sortable\":true}}},\"layouts\":{\"list\":[\"id\",\"name\",\"created_at\",\"updated_at\"],\"edit\":[[{\"name\":\"name\",\"size\":6}],[{\"name\":\"content\",\"size\":12}],[{\"name\":\"admin_confirmed\",\"size\":4},{\"name\":\"resolved\",\"size\":4},{\"name\":\"seen\",\"size\":4}]],\"editRelations\":[\"product\",\"user\",\"issue_answers\"]}}','object','',''),(83,'model_def_application::issue-answer.issue-answer','{\"uid\":\"application::issue-answer.issue-answer\",\"collectionName\":\"issue_answers\",\"kind\":\"collectionType\",\"info\":{\"name\":\"issue-answer\",\"description\":\"\"},\"options\":{\"increments\":true,\"timestamps\":[\"created_at\",\"updated_at\"],\"draftAndPublish\":true},\"pluginOptions\":{},\"attributes\":{\"content\":{\"type\":\"richtext\"},\"product_issue\":{\"via\":\"issue_answers\",\"model\":\"product-feedback\"},\"user\":{\"via\":\"issue_answers\",\"plugin\":\"users-permissions\",\"model\":\"user\"},\"seen\":{\"type\":\"boolean\"},\"published_at\":{\"type\":\"datetime\",\"configurable\":false,\"writable\":true,\"visible\":false},\"created_by\":{\"model\":\"user\",\"plugin\":\"admin\",\"configurable\":false,\"writable\":false,\"visible\":false,\"private\":true},\"updated_by\":{\"model\":\"user\",\"plugin\":\"admin\",\"configurable\":false,\"writable\":false,\"visible\":false,\"private\":true}}}','object',NULL,NULL),(84,'plugin_content_manager_configuration_content_types::application::issue-answer.issue-answer','{\"uid\":\"application::issue-answer.issue-answer\",\"settings\":{\"bulkable\":true,\"filterable\":true,\"searchable\":true,\"pageSize\":10,\"mainField\":\"id\",\"defaultSortBy\":\"id\",\"defaultSortOrder\":\"ASC\"},\"metadatas\":{\"id\":{\"edit\":{},\"list\":{\"label\":\"Id\",\"searchable\":true,\"sortable\":true}},\"content\":{\"edit\":{\"label\":\"Content\",\"description\":\"\",\"placeholder\":\"\",\"visible\":true,\"editable\":true},\"list\":{\"label\":\"Content\",\"searchable\":false,\"sortable\":false}},\"product_issue\":{\"edit\":{\"label\":\"Product_issue\",\"description\":\"\",\"placeholder\":\"\",\"visible\":true,\"editable\":true,\"mainField\":\"name\"},\"list\":{\"label\":\"Product_issue\",\"searchable\":true,\"sortable\":true}},\"user\":{\"edit\":{\"label\":\"User\",\"description\":\"\",\"placeholder\":\"\",\"visible\":true,\"editable\":true,\"mainField\":\"username\"},\"list\":{\"label\":\"User\",\"searchable\":true,\"sortable\":true}},\"seen\":{\"edit\":{\"label\":\"Seen\",\"description\":\"\",\"placeholder\":\"\",\"visible\":true,\"editable\":true},\"list\":{\"label\":\"Seen\",\"searchable\":true,\"sortable\":true}},\"created_at\":{\"edit\":{\"label\":\"Created_at\",\"description\":\"\",\"placeholder\":\"\",\"visible\":false,\"editable\":true},\"list\":{\"label\":\"Created_at\",\"searchable\":true,\"sortable\":true}},\"updated_at\":{\"edit\":{\"label\":\"Updated_at\",\"description\":\"\",\"placeholder\":\"\",\"visible\":false,\"editable\":true},\"list\":{\"label\":\"Updated_at\",\"searchable\":true,\"sortable\":true}}},\"layouts\":{\"list\":[\"id\",\"product_issue\",\"created_at\",\"seen\"],\"edit\":[[{\"name\":\"content\",\"size\":12}],[{\"name\":\"seen\",\"size\":4}]],\"editRelations\":[\"product_issue\",\"user\"]}}','object','',''),(85,'model_def_components.programs','{\"uid\":\"components.programs\",\"collectionName\":\"components_components_programs\",\"info\":{\"name\":\"programs\",\"icon\":\"download\",\"description\":\"\"},\"options\":{\"timestamps\":false},\"attributes\":{\"file\":{\"type\":\"component\",\"repeatable\":true,\"component\":\"components.file\"},\"name\":{\"type\":\"string\"}}}','object',NULL,NULL),(86,'plugin_content_manager_configuration_components::components.programs','{\"uid\":\"components.programs\",\"settings\":{\"bulkable\":true,\"filterable\":true,\"searchable\":true,\"pageSize\":10,\"mainField\":\"name\",\"defaultSortBy\":\"name\",\"defaultSortOrder\":\"ASC\"},\"metadatas\":{\"id\":{\"edit\":{},\"list\":{\"label\":\"Id\",\"searchable\":false,\"sortable\":false}},\"file\":{\"edit\":{\"label\":\"File\",\"description\":\"\",\"placeholder\":\"\",\"visible\":true,\"editable\":true},\"list\":{\"label\":\"File\",\"searchable\":false,\"sortable\":false}},\"name\":{\"edit\":{\"label\":\"Name\",\"description\":\"\",\"placeholder\":\"\",\"visible\":true,\"editable\":true},\"list\":{\"label\":\"Name\",\"searchable\":true,\"sortable\":true}}},\"layouts\":{\"list\":[\"id\",\"name\"],\"edit\":[[{\"name\":\"name\",\"size\":6}],[{\"name\":\"file\",\"size\":12}]],\"editRelations\":[]},\"isComponent\":true}','object','',''),(87,'model_def_components.file','{\"uid\":\"components.file\",\"collectionName\":\"components_components_files\",\"info\":{\"name\":\"file\",\"icon\":\"file\",\"description\":\"\"},\"options\":{\"timestamps\":false},\"attributes\":{\"name\":{\"type\":\"string\"},\"files\":{\"model\":\"file\",\"via\":\"related\",\"allowedTypes\":[\"images\",\"files\",\"videos\"],\"plugin\":\"upload\",\"required\":false,\"pluginOptions\":{}},\"full_name\":{\"type\":\"string\"},\"post\":{\"model\":\"post\"}}}','object',NULL,NULL),(88,'plugin_content_manager_configuration_components::components.file','{\"uid\":\"components.file\",\"settings\":{\"bulkable\":true,\"filterable\":true,\"searchable\":true,\"pageSize\":10,\"mainField\":\"name\",\"defaultSortBy\":\"name\",\"defaultSortOrder\":\"ASC\"},\"metadatas\":{\"id\":{\"edit\":{},\"list\":{\"label\":\"Id\",\"searchable\":false,\"sortable\":false}},\"name\":{\"edit\":{\"label\":\"Name\",\"description\":\"\",\"placeholder\":\"\",\"visible\":true,\"editable\":true},\"list\":{\"label\":\"Name\",\"searchable\":true,\"sortable\":true}},\"files\":{\"edit\":{\"label\":\"Files\",\"description\":\"\",\"placeholder\":\"\",\"visible\":true,\"editable\":true},\"list\":{\"label\":\"Files\",\"searchable\":false,\"sortable\":false}},\"full_name\":{\"edit\":{\"label\":\"Full_name\",\"description\":\"\",\"placeholder\":\"\",\"visible\":true,\"editable\":true},\"list\":{\"label\":\"Full_name\",\"searchable\":true,\"sortable\":true}},\"post\":{\"edit\":{\"label\":\"Post\",\"description\":\"\",\"placeholder\":\"\",\"visible\":true,\"editable\":true,\"mainField\":\"title\"},\"list\":{\"label\":\"Post\",\"searchable\":true,\"sortable\":true}}},\"layouts\":{\"list\":[\"id\",\"name\",\"files\",\"full_name\"],\"edit\":[[{\"name\":\"name\",\"size\":6},{\"name\":\"files\",\"size\":6}],[{\"name\":\"full_name\",\"size\":6},{\"name\":\"post\",\"size\":6}]],\"editRelations\":[]},\"isComponent\":true}','object','',''),(89,'plugin_upload_settings','{\"sizeOptimization\":true,\"responsiveDimensions\":true}','object','production',''),(90,'model_def_application::insert-notification.insert-notification','{\"uid\":\"application::insert-notification.insert-notification\",\"collectionName\":\"insert_notifications\",\"kind\":\"collectionType\",\"info\":{\"name\":\"insert-notification\",\"description\":\"\"},\"options\":{\"increments\":true,\"timestamps\":[\"created_at\",\"updated_at\"],\"draftAndPublish\":true},\"pluginOptions\":{},\"attributes\":{\"description\":{\"type\":\"string\"},\"macsversion\":{\"type\":\"integer\"},\"apptype\":{\"type\":\"integer\"},\"to_customer\":{\"type\":\"integer\"},\"expire_date\":{\"type\":\"date\"},\"acount\":{\"type\":\"biginteger\"},\"filetype\":{\"type\":\"integer\"},\"news_text\":{\"type\":\"richtext\"},\"pdf_file\":{\"type\":\"string\"},\"is_active\":{\"type\":\"integer\"},\"customer_id\":{\"type\":\"text\"},\"file_url\":{\"type\":\"string\"},\"published_at\":{\"type\":\"datetime\",\"configurable\":false,\"writable\":true,\"visible\":false},\"created_by\":{\"model\":\"user\",\"plugin\":\"admin\",\"configurable\":false,\"writable\":false,\"visible\":false,\"private\":true},\"updated_by\":{\"model\":\"user\",\"plugin\":\"admin\",\"configurable\":false,\"writable\":false,\"visible\":false,\"private\":true}}}','object',NULL,NULL),(91,'plugin_content_manager_configuration_content_types::application::insert-notification.insert-notification','{\"uid\":\"application::insert-notification.insert-notification\",\"settings\":{\"bulkable\":true,\"filterable\":true,\"searchable\":true,\"pageSize\":10,\"mainField\":\"description\",\"defaultSortBy\":\"description\",\"defaultSortOrder\":\"ASC\"},\"metadatas\":{\"id\":{\"edit\":{},\"list\":{\"label\":\"Id\",\"searchable\":true,\"sortable\":true}},\"description\":{\"edit\":{\"label\":\"Description\",\"description\":\"\",\"placeholder\":\"\",\"visible\":true,\"editable\":true},\"list\":{\"label\":\"Description\",\"searchable\":true,\"sortable\":true}},\"macsversion\":{\"edit\":{\"label\":\"Macsversion\",\"description\":\"\",\"placeholder\":\"\",\"visible\":true,\"editable\":true},\"list\":{\"label\":\"Macsversion\",\"searchable\":true,\"sortable\":true}},\"apptype\":{\"edit\":{\"label\":\"Apptype\",\"description\":\"\",\"placeholder\":\"\",\"visible\":true,\"editable\":true},\"list\":{\"label\":\"Apptype\",\"searchable\":true,\"sortable\":true}},\"to_customer\":{\"edit\":{\"label\":\"To_customer\",\"description\":\"\",\"placeholder\":\"\",\"visible\":true,\"editable\":true},\"list\":{\"label\":\"To_customer\",\"searchable\":true,\"sortable\":true}},\"expire_date\":{\"edit\":{\"label\":\"Expire_date\",\"description\":\"\",\"placeholder\":\"\",\"visible\":true,\"editable\":true},\"list\":{\"label\":\"Expire_date\",\"searchable\":true,\"sortable\":true}},\"acount\":{\"edit\":{\"label\":\"Acount\",\"description\":\"\",\"placeholder\":\"\",\"visible\":true,\"editable\":true},\"list\":{\"label\":\"Acount\",\"searchable\":true,\"sortable\":true}},\"filetype\":{\"edit\":{\"label\":\"Filetype\",\"description\":\"\",\"placeholder\":\"\",\"visible\":true,\"editable\":true},\"list\":{\"label\":\"Filetype\",\"searchable\":true,\"sortable\":true}},\"news_text\":{\"edit\":{\"label\":\"News_text\",\"description\":\"\",\"placeholder\":\"\",\"visible\":true,\"editable\":true},\"list\":{\"label\":\"News_text\",\"searchable\":false,\"sortable\":false}},\"pdf_file\":{\"edit\":{\"label\":\"Pdf_file\",\"description\":\"\",\"placeholder\":\"\",\"visible\":true,\"editable\":true},\"list\":{\"label\":\"Pdf_file\",\"searchable\":true,\"sortable\":true}},\"is_active\":{\"edit\":{\"label\":\"Is_active\",\"description\":\"\",\"placeholder\":\"\",\"visible\":true,\"editable\":true},\"list\":{\"label\":\"Is_active\",\"searchable\":true,\"sortable\":true}},\"customer_id\":{\"edit\":{\"label\":\"Customer_id\",\"description\":\"\",\"placeholder\":\"\",\"visible\":true,\"editable\":true},\"list\":{\"label\":\"Customer_id\",\"searchable\":true,\"sortable\":true}},\"file_url\":{\"edit\":{\"label\":\"File_url\",\"description\":\"\",\"placeholder\":\"\",\"visible\":true,\"editable\":true},\"list\":{\"label\":\"File_url\",\"searchable\":true,\"sortable\":true}},\"created_at\":{\"edit\":{\"label\":\"Created_at\",\"description\":\"\",\"placeholder\":\"\",\"visible\":false,\"editable\":true},\"list\":{\"label\":\"Created_at\",\"searchable\":true,\"sortable\":true}},\"updated_at\":{\"edit\":{\"label\":\"Updated_at\",\"description\":\"\",\"placeholder\":\"\",\"visible\":false,\"editable\":true},\"list\":{\"label\":\"Updated_at\",\"searchable\":true,\"sortable\":true}}},\"layouts\":{\"list\":[\"id\",\"description\",\"macsversion\",\"apptype\"],\"edit\":[[{\"name\":\"description\",\"size\":6},{\"name\":\"macsversion\",\"size\":4}],[{\"name\":\"apptype\",\"size\":4},{\"name\":\"to_customer\",\"size\":4},{\"name\":\"expire_date\",\"size\":4}],[{\"name\":\"acount\",\"size\":4},{\"name\":\"filetype\",\"size\":4}],[{\"name\":\"news_text\",\"size\":12}],[{\"name\":\"pdf_file\",\"size\":6},{\"name\":\"is_active\",\"size\":4}],[{\"name\":\"customer_id\",\"size\":6},{\"name\":\"file_url\",\"size\":6}]],\"editRelations\":[]}}','object','',''),(92,'model_def_application::coreissue.coreissue','{\"uid\":\"application::coreissue.coreissue\",\"collectionName\":\"coreissues\",\"kind\":\"collectionType\",\"info\":{\"name\":\"coreissue\",\"description\":\"\"},\"options\":{\"increments\":true,\"timestamps\":[\"created_at\",\"updated_at\"],\"draftAndPublish\":true},\"pluginOptions\":{},\"attributes\":{\"email\":{\"type\":\"email\"},\"name\":{\"type\":\"string\"},\"description\":{\"type\":\"richtext\"},\"title\":{\"type\":\"string\"},\"image\":{\"collection\":\"file\",\"via\":\"related\",\"allowedTypes\":[\"images\",\"files\",\"videos\"],\"plugin\":\"upload\",\"required\":false,\"pluginOptions\":{}},\"status\":{\"type\":\"boolean\"},\"checked_user\":{\"via\":\"coreissues\",\"plugin\":\"users-permissions\",\"collection\":\"user\",\"attribute\":\"user\",\"column\":\"id\",\"isVirtual\":true},\"projectcategory\":{\"model\":\"projectcategory\",\"via\":\"coreissues\"},\"published_at\":{\"type\":\"datetime\",\"configurable\":false,\"writable\":true,\"visible\":false},\"created_by\":{\"model\":\"user\",\"plugin\":\"admin\",\"configurable\":false,\"writable\":false,\"visible\":false,\"private\":true},\"updated_by\":{\"model\":\"user\",\"plugin\":\"admin\",\"configurable\":false,\"writable\":false,\"visible\":false,\"private\":true}}}','object',NULL,NULL),(93,'model_def_application::projectcategory.projectcategory','{\"uid\":\"application::projectcategory.projectcategory\",\"collectionName\":\"projectcategories\",\"kind\":\"collectionType\",\"info\":{\"name\":\"projectcategory\"},\"options\":{\"increments\":true,\"timestamps\":[\"created_at\",\"updated_at\"],\"draftAndPublish\":true},\"pluginOptions\":{},\"attributes\":{\"name\":{\"type\":\"string\"},\"slug\":{\"type\":\"uid\",\"targetField\":\"name\"},\"coreissues\":{\"via\":\"projectcategory\",\"collection\":\"coreissue\",\"isVirtual\":true},\"published_at\":{\"type\":\"datetime\",\"configurable\":false,\"writable\":true,\"visible\":false},\"created_by\":{\"model\":\"user\",\"plugin\":\"admin\",\"configurable\":false,\"writable\":false,\"visible\":false,\"private\":true},\"updated_by\":{\"model\":\"user\",\"plugin\":\"admin\",\"configurable\":false,\"writable\":false,\"visible\":false,\"private\":true}}}','object',NULL,NULL),(94,'plugin_content_manager_configuration_content_types::application::coreissue.coreissue','{\"uid\":\"application::coreissue.coreissue\",\"settings\":{\"bulkable\":true,\"filterable\":true,\"searchable\":true,\"pageSize\":10,\"mainField\":\"name\",\"defaultSortBy\":\"name\",\"defaultSortOrder\":\"ASC\"},\"metadatas\":{\"id\":{\"edit\":{},\"list\":{\"label\":\"Id\",\"searchable\":true,\"sortable\":true}},\"email\":{\"edit\":{\"label\":\"Email\",\"description\":\"\",\"placeholder\":\"\",\"visible\":true,\"editable\":true},\"list\":{\"label\":\"Email\",\"searchable\":true,\"sortable\":true}},\"name\":{\"edit\":{\"label\":\"Name\",\"description\":\"\",\"placeholder\":\"\",\"visible\":true,\"editable\":true},\"list\":{\"label\":\"Name\",\"searchable\":true,\"sortable\":true}},\"description\":{\"edit\":{\"label\":\"Description\",\"description\":\"\",\"placeholder\":\"\",\"visible\":true,\"editable\":true},\"list\":{\"label\":\"Description\",\"searchable\":false,\"sortable\":false}},\"title\":{\"edit\":{\"label\":\"Title\",\"description\":\"\",\"placeholder\":\"\",\"visible\":true,\"editable\":true},\"list\":{\"label\":\"Title\",\"searchable\":true,\"sortable\":true}},\"image\":{\"edit\":{\"label\":\"Image\",\"description\":\"\",\"placeholder\":\"\",\"visible\":true,\"editable\":true},\"list\":{\"label\":\"Image\",\"searchable\":false,\"sortable\":false}},\"status\":{\"edit\":{\"label\":\"Status\",\"description\":\"\",\"placeholder\":\"\",\"visible\":true,\"editable\":true},\"list\":{\"label\":\"Status\",\"searchable\":true,\"sortable\":true}},\"checked_user\":{\"edit\":{\"label\":\"Checked_user\",\"description\":\"\",\"placeholder\":\"\",\"visible\":true,\"editable\":true,\"mainField\":\"username\"},\"list\":{\"label\":\"Checked_user\",\"searchable\":false,\"sortable\":false}},\"projectcategory\":{\"edit\":{\"label\":\"Projectcategory\",\"description\":\"\",\"placeholder\":\"\",\"visible\":true,\"editable\":true,\"mainField\":\"name\"},\"list\":{\"label\":\"Projectcategory\",\"searchable\":true,\"sortable\":true}},\"created_at\":{\"edit\":{\"label\":\"Created_at\",\"description\":\"\",\"placeholder\":\"\",\"visible\":false,\"editable\":true},\"list\":{\"label\":\"Created_at\",\"searchable\":true,\"sortable\":true}},\"updated_at\":{\"edit\":{\"label\":\"Updated_at\",\"description\":\"\",\"placeholder\":\"\",\"visible\":false,\"editable\":true},\"list\":{\"label\":\"Updated_at\",\"searchable\":true,\"sortable\":true}}},\"layouts\":{\"list\":[\"id\",\"email\",\"name\",\"title\"],\"editRelations\":[\"checked_user\",\"projectcategory\"],\"edit\":[[{\"name\":\"email\",\"size\":6},{\"name\":\"name\",\"size\":6}],[{\"name\":\"description\",\"size\":12}],[{\"name\":\"title\",\"size\":6},{\"name\":\"image\",\"size\":6}],[{\"name\":\"status\",\"size\":4}]]}}','object','',''),(95,'plugin_content_manager_configuration_content_types::application::projectcategory.projectcategory','{\"uid\":\"application::projectcategory.projectcategory\",\"settings\":{\"bulkable\":true,\"filterable\":true,\"searchable\":true,\"pageSize\":10,\"mainField\":\"name\",\"defaultSortBy\":\"name\",\"defaultSortOrder\":\"ASC\"},\"metadatas\":{\"id\":{\"edit\":{},\"list\":{\"label\":\"Id\",\"searchable\":true,\"sortable\":true}},\"name\":{\"edit\":{\"label\":\"Name\",\"description\":\"\",\"placeholder\":\"\",\"visible\":true,\"editable\":true},\"list\":{\"label\":\"Name\",\"searchable\":true,\"sortable\":true}},\"slug\":{\"edit\":{\"label\":\"Slug\",\"description\":\"\",\"placeholder\":\"\",\"visible\":true,\"editable\":true},\"list\":{\"label\":\"Slug\",\"searchable\":true,\"sortable\":true}},\"coreissues\":{\"edit\":{\"label\":\"Coreissues\",\"description\":\"\",\"placeholder\":\"\",\"visible\":true,\"editable\":true,\"mainField\":\"name\"},\"list\":{\"label\":\"Coreissues\",\"searchable\":false,\"sortable\":false}},\"created_at\":{\"edit\":{\"label\":\"Created_at\",\"description\":\"\",\"placeholder\":\"\",\"visible\":false,\"editable\":true},\"list\":{\"label\":\"Created_at\",\"searchable\":true,\"sortable\":true}},\"updated_at\":{\"edit\":{\"label\":\"Updated_at\",\"description\":\"\",\"placeholder\":\"\",\"visible\":false,\"editable\":true},\"list\":{\"label\":\"Updated_at\",\"searchable\":true,\"sortable\":true}}},\"layouts\":{\"list\":[\"id\",\"name\",\"slug\",\"coreissues\"],\"editRelations\":[\"coreissues\"],\"edit\":[[{\"name\":\"name\",\"size\":6},{\"name\":\"slug\",\"size\":6}]]}}','object','',''),(96,'model_def_application::version-info.version-info','{\"uid\":\"application::version-info.version-info\",\"collectionName\":\"version_infos\",\"kind\":\"collectionType\",\"info\":{\"name\":\"version_info\",\"description\":\"\"},\"options\":{\"increments\":true,\"timestamps\":[\"created_at\",\"updated_at\"],\"draftAndPublish\":true},\"pluginOptions\":{},\"attributes\":{\"changed_date\":{\"type\":\"date\",\"required\":true},\"description\":{\"type\":\"text\"},\"productname\":{\"type\":\"enumeration\",\"enum\":[\"MACS\",\"POS\",\"MACSPOS\"]},\"published_at\":{\"type\":\"datetime\",\"configurable\":false,\"writable\":true,\"visible\":false},\"created_by\":{\"model\":\"user\",\"plugin\":\"admin\",\"configurable\":false,\"writable\":false,\"visible\":false,\"private\":true},\"updated_by\":{\"model\":\"user\",\"plugin\":\"admin\",\"configurable\":false,\"writable\":false,\"visible\":false,\"private\":true}}}','object',NULL,NULL),(97,'plugin_content_manager_configuration_content_types::application::version-info.version-info','{\"uid\":\"application::version-info.version-info\",\"settings\":{\"bulkable\":true,\"filterable\":true,\"searchable\":true,\"pageSize\":10,\"mainField\":\"id\",\"defaultSortBy\":\"id\",\"defaultSortOrder\":\"ASC\"},\"metadatas\":{\"id\":{\"edit\":{},\"list\":{\"label\":\"Id\",\"searchable\":true,\"sortable\":true}},\"changed_date\":{\"edit\":{\"label\":\"Changed_date\",\"description\":\"\",\"placeholder\":\"\",\"visible\":true,\"editable\":true},\"list\":{\"label\":\"Changed_date\",\"searchable\":true,\"sortable\":true}},\"description\":{\"edit\":{\"label\":\"Description\",\"description\":\"\",\"placeholder\":\"\",\"visible\":true,\"editable\":true},\"list\":{\"label\":\"Description\",\"searchable\":true,\"sortable\":true}},\"productname\":{\"edit\":{\"label\":\"Productname\",\"description\":\"\",\"placeholder\":\"\",\"visible\":true,\"editable\":true},\"list\":{\"label\":\"Productname\",\"searchable\":true,\"sortable\":true}},\"created_at\":{\"edit\":{\"label\":\"Created_at\",\"description\":\"\",\"placeholder\":\"\",\"visible\":false,\"editable\":true},\"list\":{\"label\":\"Created_at\",\"searchable\":true,\"sortable\":true}},\"updated_at\":{\"edit\":{\"label\":\"Updated_at\",\"description\":\"\",\"placeholder\":\"\",\"visible\":false,\"editable\":true},\"list\":{\"label\":\"Updated_at\",\"searchable\":true,\"sortable\":true}}},\"layouts\":{\"list\":[\"id\",\"changed_date\",\"description\",\"productname\"],\"editRelations\":[],\"edit\":[[{\"name\":\"changed_date\",\"size\":4},{\"name\":\"description\",\"size\":6}],[{\"name\":\"productname\",\"size\":6}]]}}','object','','');
/*!40000 ALTER TABLE `core_store` ENABLE KEYS */;
UNLOCK TABLES;

--
-- Table structure for table `coreissues`
--

DROP TABLE IF EXISTS `coreissues`;
/*!40101 SET @saved_cs_client     = @@character_set_client */;
/*!40101 SET character_set_client = utf8 */;
CREATE TABLE `coreissues` (
  `id` int(10) unsigned NOT NULL AUTO_INCREMENT,
  `email` varchar(255) DEFAULT NULL,
  `name` varchar(255) DEFAULT NULL,
  `description` longtext,
  `title` varchar(255) DEFAULT NULL,
  `status` tinyint(1) DEFAULT NULL,
  `projectcategory` int(11) DEFAULT NULL,
  `published_at` datetime DEFAULT NULL,
  `created_by` int(11) DEFAULT NULL,
  `updated_by` int(11) DEFAULT NULL,
  `created_at` timestamp NULL DEFAULT CURRENT_TIMESTAMP,
  `updated_at` timestamp NULL DEFAULT CURRENT_TIMESTAMP,
  PRIMARY KEY (`id`)
) ENGINE=InnoDB AUTO_INCREMENT=40 DEFAULT CHARSET=utf8;
/*!40101 SET character_set_client = @saved_cs_client */;

--
-- Dumping data for table `coreissues`
--

LOCK TABLES `coreissues` WRITE;
/*!40000 ALTER TABLE `coreissues` DISABLE KEYS */;
INSERT INTO `coreissues` VALUES (1,'test@gmail.com','names','<p>assudal2</p>','asuudal shuu',NULL,NULL,'2022-06-30 05:12:19',1,1,'2022-06-30 05:12:00','2022-06-30 05:12:19'),(2,'g.maaaaa1219@gmail.com','test','adadad','adadad',0,1,'2022-06-30 07:51:27',NULL,NULL,'2022-06-30 07:51:27','2022-08-12 03:47:03'),(3,'adad@mgial.com','adad','adad','adad',1,1,'2022-06-30 07:52:37',NULL,NULL,'2022-06-30 07:52:37','2022-08-12 03:47:14'),(4,'yondok@gmail.com','yondooo61@gmail.com','https://infosystems.mn/cf?pname=macs-onlinehttps://infosystems.mn/cf?pname=macs-onlinehttps://infosystems.mn/cf?pname=macs-onlinehttps://infosystems.mn/cf?pname=macs-onlinehttps://infosystems.mn/cf?pname=macs-onlinehttps://infosystems.mn/cf?pname=macs-onlinehttps://infosystems.mn/cf?pname=macs-onlinehttps://infosystems.mn/cf?pname=macs-onlinehttps://infosystems.mn/cf?pname=macs-onlinehttps://infosystems.mn/cf?pname=macs-onlinehttps://infosystems.mn/cf?pname=macs-onlinehttps://infosystems.mn/cf?pname=macs-onlinehttps://infosystems.mn/cf?pname=macs-onlinehttps://infosystems.mn/cf?pname=macs-onlinehttps://infosystems.mn/cf?pname=macs-onlinehttps://infosystems.mn/cf?pname=macs-onlinehttps://infosystems.mn/cf?pname=macs-onlinehttps://infosystems.mn/cf?pname=macs-onlinehttps://infosystems.mn/cf?pname=macs-onlinehttps://infosystems.mn/cf?pname=macs-onlinehttps://infosystems.mn/cf?pname=macs-onlinehttps://infosystems.mn/cf?pname=macs-onlinehttps://infosystems.mn/cf?pname=macs-online','test',NULL,1,'2022-06-30 08:02:37',NULL,NULL,'2022-06-30 08:02:37','2022-06-30 08:02:37'),(5,'saikhnaa09@gmail.com','Баярсайхан','Зураг дээрхи талбарыг сонгоод хадгалахад амжилтгүй болоод бна. ','Компанийн мэдээлэл засахад амжилтгүй болоод бна.',1,1,'2022-07-22 02:31:05',NULL,NULL,'2022-07-22 02:31:05','2022-08-24 09:11:18'),(6,'saikhnaa09@gmail.com','Баярсайхан','компаны мэдээлэл дээр check сонголт хийхэд хадгалахгүй бна.','компаны мэдээлэл дээр check сонголт хийхэд хадгалахгүй бна.',1,1,'2022-07-22 02:32:37',NULL,NULL,'2022-07-22 02:32:37','2022-08-24 09:10:12'),(7,'saikhnaa09@gmail.com','Баярсайхан','Данс сонгох талбар дээр дансны кодыг эхний тэмдэгтээс нь хайлт хийдэг болгох. Дурын байрлалаас хайж байгааг болиулах. \n','Данс сонгох талбар дээр дансны кодыг эхний тэмдэгтээс нь хайлт хийдэг болгох',0,1,'2022-07-22 02:37:46',NULL,NULL,'2022-07-22 02:37:46','2022-07-25 04:29:15'),(8,'g.maaaaa1219@gmail.com','yondooo61@gmail.com','123123','test',NULL,1,'2022-07-22 03:05:13',NULL,NULL,'2022-07-22 03:05:13','2022-07-22 03:05:13'),(9,'yondok@gmail.com','yondooo61@gmail.com','123','123',NULL,1,'2022-07-22 03:17:26',NULL,NULL,'2022-07-22 03:17:26','2022-07-22 03:17:26'),(10,'g.maaaaa1219@gmail.com','test','123123','123123',NULL,1,'2022-07-22 03:18:04',NULL,NULL,'2022-07-22 03:18:04','2022-07-22 03:18:05'),(11,'g.maaaaa1219@gmail.com','yondooo61@gmail.com','3123123','12312',NULL,1,'2022-07-22 03:18:17',NULL,NULL,'2022-07-22 03:18:17','2022-07-22 03:18:17'),(12,'123maraltsolmon.97@gmail.com','yondooo61@gmail.com','123123','123123',NULL,1,'2022-07-22 03:18:39',NULL,NULL,'2022-07-22 03:18:39','2022-07-22 03:18:39'),(13,'123maraltsolmon.97@gmail.com','yondooo61@gmail.com123','123123','123',NULL,1,'2022-07-22 03:20:13',NULL,NULL,'2022-07-22 03:20:13','2022-07-22 03:20:13'),(14,'123maraltsolmon.97@gmail.com','yondooo61@gmail.com','124125125','4124',NULL,1,'2022-07-22 03:20:37',NULL,NULL,'2022-07-22 03:20:37','2022-07-22 03:20:37'),(15,'g.maaaaa1219@gmail.com','yondooo61@gmail.com','123123123','123123',NULL,1,'2022-07-22 03:24:55',NULL,NULL,'2022-07-22 03:24:55','2022-07-22 03:24:55'),(16,'g.maaaaa1219@gmail.com','yondooo61@gmail.com','123123','123123',NULL,1,'2022-07-22 03:34:42',NULL,NULL,'2022-07-22 03:34:42','2022-07-22 03:34:42'),(17,'123maraltsolmon.97@gmail.com','yondooo61@gmail.com','123123','123',NULL,1,'2022-07-22 03:35:43',NULL,NULL,'2022-07-22 03:35:43','2022-07-22 03:35:43'),(18,'g.maaaaa1219@gmail.com','yondooo61@gmail.com','123','123',NULL,1,'2022-07-22 03:38:20',NULL,NULL,'2022-07-22 03:38:20','2022-07-22 03:38:20'),(19,'g.maaaaa1219@gmail.com','nightmarereal4@gmail.com','123','123',NULL,1,'2022-07-22 03:38:25',NULL,NULL,'2022-07-22 03:38:25','2022-07-22 03:38:25'),(20,'g.maaaaa1219@gmail.com','yondooo61@gmail.com','123','123',NULL,1,'2022-07-22 03:38:50',NULL,NULL,'2022-07-22 03:38:50','2022-07-22 03:38:50'),(21,'g.maaaaa1219@gmail.com','nightmarereal4@gmail.com','123','123',NULL,1,'2022-07-26 02:46:40',NULL,NULL,'2022-07-26 02:46:40','2022-07-26 02:46:40'),(22,'124@gmail.com','124','124','124',NULL,1,'2022-07-26 02:46:48',NULL,NULL,'2022-07-26 02:46:48','2022-07-26 02:46:48'),(23,'g.maaaaa1219@gmail.com','yondooo61@gmail.com','123','123',NULL,1,'2022-07-26 02:52:57',NULL,NULL,'2022-07-26 02:52:57','2022-07-26 02:52:57'),(24,'123maraltsolmon.97@gmail.com','12312','123','123',NULL,1,'2022-07-26 02:53:37',NULL,NULL,'2022-07-26 02:53:37','2022-07-26 02:53:37'),(26,'nightmarereal4@gmail.com','123','3','123',NULL,1,'2022-07-26 02:55:10',NULL,NULL,'2022-07-26 02:55:10','2022-07-26 02:55:10'),(27,'nightmarereal4@gmail.com','123','123','123',NULL,1,'2022-07-26 02:55:39',NULL,NULL,'2022-07-26 02:55:39','2022-07-26 02:55:39'),(28,'buukbuuk@gmail.com','bulgaa','урьдчилгаа цалин болон сарын сүүл цалин бодох гэхээр ямар ч сонголт гарч ирэхгүй байна','цалингийн тухай санал хүсэлт',1,1,'2022-08-11 08:56:35',NULL,NULL,'2022-08-11 08:56:35','2022-08-12 03:47:09'),(29,'buukbuuk@gmail.com','bulgaa','Тайлангууд талбарт цалинтай холбоотой тайлан, гүйлгээ журналууд харагдахгүй байна','Тайлан',NULL,1,'2022-08-12 02:08:51',NULL,NULL,'2022-08-12 02:08:51','2022-08-12 02:08:51'),(30,'munkhtulgaworks@gmail.com','awda','aldaatai baishdeeee','aaaa',NULL,1,'2022-08-12 05:34:32',NULL,NULL,'2022-08-12 05:34:32','2022-08-12 05:34:32'),(31,'saikhnaa09@gmail.com','Баярсайхан','test','test',NULL,1,'2022-08-12 07:12:40',NULL,NULL,'2022-08-12 07:12:41','2022-08-12 07:12:41'),(32,'saikhnaa09@gmail.com','Баярсайхан','test1 fgdgdg','test1',NULL,1,'2022-08-12 07:13:09',NULL,NULL,'2022-08-12 07:13:09','2022-08-12 07:13:09'),(33,'pro.itgelt@gmail.com','Итгэлт','Би яг юу шалгах вэ ? ;) ','Тест',NULL,1,'2022-08-12 07:13:55',NULL,NULL,'2022-08-12 07:13:55','2022-08-12 07:13:55'),(34,'saikhnaa09@gmail.com','Баярсайхан','test2','test2',NULL,1,'2022-08-12 07:15:43',NULL,NULL,'2022-08-12 07:15:43','2022-08-12 07:15:43'),(35,'saikhnaa09@gmail.com','Баярсайхан','Компаны мэдээлэл дээр НӨАТ төлөгч гэж сонгогдсон л бол БМ Орлого авахад НӨАТ нь сонгогдсоноор гаргах ','БМ Орлого авахад НӨАТ ',1,1,'2022-08-12 08:53:57',NULL,NULL,'2022-08-12 08:53:57','2022-08-30 03:24:10'),(36,'baihgui@gmail.com','Үүрийнтуяа',' c','Авлага, өглөгийн 1-с олон дебит болон кредит гүйлгээ хийгдэхгүй байна 2022.08.12',1,1,'2022-08-12 10:10:36',NULL,NULL,'2022-08-12 10:10:36','2022-08-24 08:18:27'),(37,'saikhnaa09@gmail.com','Баярсайхан','Бараа материалын гүйлгээ нэршилийг солих\n\nБараа материалын шилжүүлэг эсвэл  Дотоод шилжүүлэг ','Нэршил солих',1,1,'2022-08-15 03:52:40',NULL,NULL,'2022-08-15 03:52:40','2022-08-17 04:32:26'),(38,'saikhnaa09@gmail.com','Баярсайхан','Зарлагадах барааны тасаг нүдэнд зөвхөн БМ шинжтэй данс л харагдах','Зарлагадах барааны тасаг нүдэнд ',1,1,'2022-08-15 03:55:51',NULL,NULL,'2022-08-15 03:55:51','2022-08-30 02:40:45'),(39,'baihgui@gmail.com','Үүрийнтуяа','Авлага өглөгийн гүйлгээ 1-ээс олон дебит болон кредит гүйлгээ хийж  болохгүй байна. 2022,08,15','Авлага өглөг',1,1,'2022-08-15 06:27:50',NULL,NULL,'2022-08-15 06:27:50','2022-08-24 08:17:26');
/*!40000 ALTER TABLE `coreissues` ENABLE KEYS */;
UNLOCK TABLES;

--
-- Table structure for table `coreissues_checked_users__users_coreissues`
--

DROP TABLE IF EXISTS `coreissues_checked_users__users_coreissues`;
/*!40101 SET @saved_cs_client     = @@character_set_client */;
/*!40101 SET character_set_client = utf8 */;
CREATE TABLE `coreissues_checked_users__users_coreissues` (
  `id` int(10) unsigned NOT NULL AUTO_INCREMENT,
  `user_id` int(11) DEFAULT NULL,
  `coreissue_id` int(11) DEFAULT NULL,
  PRIMARY KEY (`id`)
) ENGINE=InnoDB AUTO_INCREMENT=9 DEFAULT CHARSET=utf8;
/*!40101 SET character_set_client = @saved_cs_client */;

--
-- Dumping data for table `coreissues_checked_users__users_coreissues`
--

LOCK TABLES `coreissues_checked_users__users_coreissues` WRITE;
/*!40000 ALTER TABLE `coreissues_checked_users__users_coreissues` DISABLE KEYS */;
INSERT INTO `coreissues_checked_users__users_coreissues` VALUES (1,59,2),(2,59,3),(4,62,7),(5,59,28),(6,6,37),(7,6,38),(8,6,35);
/*!40000 ALTER TABLE `coreissues_checked_users__users_coreissues` ENABLE KEYS */;
UNLOCK TABLES;

--
-- Table structure for table `homes`
--

DROP TABLE IF EXISTS `homes`;
/*!40101 SET @saved_cs_client     = @@character_set_client */;
/*!40101 SET character_set_client = utf8 */;
CREATE TABLE `homes` (
  `id` int(10) unsigned NOT NULL AUTO_INCREMENT,
  `published_at` datetime DEFAULT NULL,
  `created_by` int(11) DEFAULT NULL,
  `updated_by` int(11) DEFAULT NULL,
  `created_at` timestamp NULL DEFAULT CURRENT_TIMESTAMP,
  `updated_at` timestamp NULL DEFAULT CURRENT_TIMESTAMP,
  PRIMARY KEY (`id`)
) ENGINE=InnoDB AUTO_INCREMENT=2 DEFAULT CHARSET=utf8;
/*!40101 SET character_set_client = @saved_cs_client */;

--
-- Dumping data for table `homes`
--

LOCK TABLES `homes` WRITE;
/*!40000 ALTER TABLE `homes` DISABLE KEYS */;
INSERT INTO `homes` VALUES (1,'2021-06-08 07:26:20',1,1,'2021-06-07 23:26:11','2022-09-09 23:39:48');
/*!40000 ALTER TABLE `homes` ENABLE KEYS */;
UNLOCK TABLES;

--
-- Table structure for table `homes_components`
--

DROP TABLE IF EXISTS `homes_components`;
/*!40101 SET @saved_cs_client     = @@character_set_client */;
/*!40101 SET character_set_client = utf8 */;
CREATE TABLE `homes_components` (
  `id` int(10) unsigned NOT NULL AUTO_INCREMENT,
  `field` varchar(255) NOT NULL,
  `order` int(10) unsigned NOT NULL,
  `component_type` varchar(255) NOT NULL,
  `component_id` int(11) NOT NULL,
  `home_id` int(10) unsigned NOT NULL,
  PRIMARY KEY (`id`),
  KEY `home_id_fk` (`home_id`),
  CONSTRAINT `home_id_fk` FOREIGN KEY (`home_id`) REFERENCES `homes` (`id`) ON DELETE CASCADE
) ENGINE=InnoDB AUTO_INCREMENT=4 DEFAULT CHARSET=utf8;
/*!40101 SET character_set_client = @saved_cs_client */;

--
-- Dumping data for table `homes_components`
--

LOCK TABLES `homes_components` WRITE;
/*!40000 ALTER TABLE `homes_components` DISABLE KEYS */;
INSERT INTO `homes_components` VALUES (1,'Layout',1,'components_components_home_top1s',1,1),(2,'Layout',2,'components_components_home_middles',1,1),(3,'Layout',3,'components_components_home_news',1,1);
/*!40000 ALTER TABLE `homes_components` ENABLE KEYS */;
UNLOCK TABLES;

--
-- Table structure for table `i18n_locales`
--

DROP TABLE IF EXISTS `i18n_locales`;
/*!40101 SET @saved_cs_client     = @@character_set_client */;
/*!40101 SET character_set_client = utf8 */;
CREATE TABLE `i18n_locales` (
  `id` int(10) unsigned NOT NULL AUTO_INCREMENT,
  `name` varchar(255) DEFAULT NULL,
  `code` varchar(255) DEFAULT NULL,
  `created_by` int(11) DEFAULT NULL,
  `updated_by` int(11) DEFAULT NULL,
  `created_at` timestamp NULL DEFAULT CURRENT_TIMESTAMP,
  `updated_at` timestamp NULL DEFAULT CURRENT_TIMESTAMP,
  PRIMARY KEY (`id`),
  UNIQUE KEY `i18n_locales_code_unique` (`code`)
) ENGINE=InnoDB AUTO_INCREMENT=2 DEFAULT CHARSET=utf8;
/*!40101 SET character_set_client = @saved_cs_client */;

--
-- Dumping data for table `i18n_locales`
--

LOCK TABLES `i18n_locales` WRITE;
/*!40000 ALTER TABLE `i18n_locales` DISABLE KEYS */;
INSERT INTO `i18n_locales` VALUES (1,'English (en)','en',NULL,NULL,'2021-06-07 18:40:36','2021-06-07 18:40:36');
/*!40000 ALTER TABLE `i18n_locales` ENABLE KEYS */;
UNLOCK TABLES;

--
-- Table structure for table `infosystem_reports`
--

DROP TABLE IF EXISTS `infosystem_reports`;
/*!40101 SET @saved_cs_client     = @@character_set_client */;
/*!40101 SET character_set_client = utf8 */;
CREATE TABLE `infosystem_reports` (
  `id` int(10) unsigned NOT NULL AUTO_INCREMENT,
  `name` varchar(255) DEFAULT NULL,
  `email` varchar(255) DEFAULT NULL,
  `description` longtext,
  `published_at` datetime DEFAULT NULL,
  `created_by` int(11) DEFAULT NULL,
  `updated_by` int(11) DEFAULT NULL,
  `created_at` timestamp NULL DEFAULT CURRENT_TIMESTAMP,
  `updated_at` timestamp NULL DEFAULT CURRENT_TIMESTAMP,
  `seen` tinyint(1) DEFAULT NULL,
  PRIMARY KEY (`id`)
) ENGINE=InnoDB AUTO_INCREMENT=58 DEFAULT CHARSET=utf8;
/*!40101 SET character_set_client = @saved_cs_client */;

--
-- Dumping data for table `infosystem_reports`
--

LOCK TABLES `infosystem_reports` WRITE;
/*!40000 ALTER TABLE `infosystem_reports` DISABLE KEYS */;
INSERT INTO `infosystem_reports` VALUES (15,'test23123','test@test.comm','test','2021-06-21 13:02:10',NULL,NULL,'2021-06-21 05:02:10','2021-06-21 05:02:10',NULL),(16,'test23123','test@test.comm','test','2021-06-21 13:02:41',NULL,NULL,'2021-06-21 05:02:41','2021-06-21 05:02:41',NULL),(18,'123','test@test.com123','sagasgasg','2021-06-21 13:06:03',NULL,NULL,'2021-06-21 05:06:03','2021-06-21 05:06:03',NULL),(23,'dd','dd@gg.com','dd','2021-07-01 18:20:29',NULL,NULL,'2021-07-01 18:20:29','2021-07-01 18:20:29',0),(24,'123','dash.oyuntvlkhvvr@gmail.com','123','2021-07-02 04:15:33',NULL,NULL,'2021-07-02 04:15:33','2021-07-02 04:15:33',0),(25,'123','bulgan@infosystems.mn','nvknvk, vlsmdvk doklvms. ,k svkl','2021-07-02 05:56:56',NULL,NULL,'2021-07-02 05:56:56','2021-07-02 05:56:56',0),(26,'test','testtest@test.test','test','2021-07-17 04:00:40',NULL,NULL,'2021-07-17 04:00:40','2021-07-17 04:00:40',0),(27,'Dashnyam','bataa.dashnyam@gmail.com','Авто сэлбэг худалдааны газарт программ хайж байгаа.\n','2021-08-26 03:17:56',NULL,NULL,'2021-08-26 03:17:56','2021-08-26 03:17:56',0),(28,'Tsendkhuu Ariunbileg','tsendkhuu.a@4hospital.mn','Сайн байна уу\n\nМанай байгууллага нь Эм ханган нийлүүлэх үйл ажиллагаа эрхэлдэг бөгөөд MACS программыг хэрэглээндээ нэвтрүүлэхээр сонирхож байна. Бүтээгдэхүүний үнийн саналыг илгээж өгнө үү. \n\nБаярлалаа\nХүндэтгэсэн \nА.Цэндхүү\nМенежер \nДөрөвдүгээр фарм ХХК','2022-01-19 04:42:14',NULL,NULL,'2022-01-19 04:42:14','2022-01-19 04:42:14',0),(29,'Энхбаяр','anu89215588@gmail.com','сайн байна уу жижг аж ахуйн нэгжид хэргэлж болохоор хэрэглэхэд хялбар санхүүгийн программ бн уу\n','2022-01-21 06:13:26',NULL,NULL,'2022-01-21 06:13:26','2022-01-21 06:13:26',0),(30,'Goomaral','stem@edit.mn','Сайн байна уу, \nМАСS санхүү, нбб-ийн програмын үнийн саналыг авах хүсэлтэй байна.\n\nХүндэтгэсэн,\nГоомарал\n','2022-02-24 07:43:47',NULL,NULL,'2022-02-24 07:43:47','2022-02-24 07:43:47',0),(31,'Goomaral','stem@edit.mn','Сайн байна уу, \nМАСS санхүү, нбб-ийн програмын үнийн саналыг авах хүсэлтэй байна.\n\nХүндэтгэсэн,\nГоомарал\n','2022-02-24 07:43:54',NULL,NULL,'2022-02-24 07:43:54','2022-02-24 07:43:54',0),(32,'Enkhmanlai','Ganboldenkhmanlai@gmail.com','бүтээгдэхүүний үнэ болон демо хувилбарын мэдээлэл авий','2022-03-09 04:51:00',NULL,NULL,'2022-03-09 04:51:00','2022-03-09 04:51:00',0),(33,'Enkhmanlai','Ganboldenkhmanlai@gmail.com','бүтээгдэхүүний үнэ болон демо хувилбарын мэдээлэл авий','2022-03-09 04:52:25',NULL,NULL,'2022-03-09 04:52:25','2022-03-09 04:52:25',0),(34,'Саруултуяа','gunjee@togtokh.com','Сайн байна уу? \nМанай Тогтох трейд ХХК танай Macs кассын программыг 3 жил ашиглаж байна. Өнөөдөр кассын программаа нээтэл лицензийн хугацаа дуусахад 5 хоног үлдсэн байна гэсэн анхааруулга гарч ирээд ажиллах боломжгүй болгосон байна. Мэдээж амралтын өдөр тул танай оффис ажиллахгүй, харин манайх дэлгүүр тул хагас бүтэн сайн хүртэл ажлын өдөр. 1 дэх өдрийг хүртэл программыг ашиглах боломжгүй.\nҮүнээс үүдээд дараах гомдлыг гаргаж байна.\n1. Бусад үйлчилгээний байгууллага шиг хэрэглэгчийн бүртгэлийнхээ дагуу бидний төлбөрийн нэхэмжлэхийг урьдчилан илгээж сануулдаг бол бид цаг хугацаандаа төлөөд ажлын тасалдал гаргахгүй байж болно. Программын доголдол үүсээд танайх руу хандсан тохиолдолд л танайх төлбөрөө төлөөгүй юм байна гэдэг байдлаар ажиллах нь учир дутагдалтай байна. \n2. Анхааруулга өгсөн 5 хоногийн хугацаанд програмыг хэрэглэх боломжгүйгээр шууд таслах нь маш бүдүүлэг байна. Бизнесийн байгууллагын хувьд алдагдсан боломжийн зардал гэж юу байдгийг гадарлах биз?\nИймд бидний гомдлыг хүлээн авч шийдвэрлэж өгнө үү?','2022-04-09 03:03:05',NULL,NULL,'2022-04-09 03:03:05','2022-04-09 03:03:05',0),(35,'Саруултуяа','gunjee@togtokh.com','Сайн байна уу? \nМанай Тогтох трейд ХХК танай Macs кассын программыг 3 жил ашиглаж байна. Өнөөдөр кассын программаа нээтэл лицензийн хугацаа дуусахад 5 хоног үлдсэн байна гэсэн анхааруулга гарч ирээд ажиллах боломжгүй болгосон байна. Мэдээж амралтын өдөр тул танай оффис ажиллахгүй, харин манайх дэлгүүр тул хагас бүтэн сайн хүртэл ажлын өдөр. 1 дэх өдрийг хүртэл программыг ашиглах боломжгүй.\nҮүнээс үүдээд дараах гомдлыг гаргаж байна.\n1. Бусад үйлчилгээний байгууллага шиг хэрэглэгчийн бүртгэлийнхээ дагуу бидний төлбөрийн нэхэмжлэхийг урьдчилан илгээж сануулдаг бол бид цаг хугацаандаа төлөөд ажлын тасалдал гаргахгүй байж болно. Программын доголдол үүсээд танайх руу хандсан тохиолдолд л танайх төлбөрөө төлөөгүй юм байна гэдэг байдлаар ажиллах нь учир дутагдалтай байна. \n2. Анхааруулга өгсөн 5 хоногийн хугацаанд програмыг хэрэглэх боломжгүйгээр шууд таслах нь маш бүдүүлэг байна. Бизнесийн байгууллагын хувьд алдагдсан боломжийн зардал гэж юу байдгийг гадарлах биз?\nИймд бидний гомдлыг хүлээн авч шийдвэрлэж өгнө үү?','2022-04-09 03:03:13',NULL,NULL,'2022-04-09 03:03:13','2022-04-09 03:03:13',0),(36,'Ё.Бямбадорж','hunnupetroliumllc@gmail.com','Хүний нөөцийн удирдлага, төлөвлөлтийн систем сонирхож байна','2022-05-02 03:04:21',NULL,NULL,'2022-05-02 03:04:21','2022-05-02 03:04:21',0),(37,'enkhtuul','enkhtuulll.1999@gmail.com','манай эмийн сангийн пос машин нөат хэвлэдэггүйээ. 3;4 хонож байна. тохиргоо алдагдсан байна гээд янзалж чаддаггүй. ','2022-07-23 02:29:25',NULL,NULL,'2022-07-23 02:29:25','2022-07-23 02:29:25',0),(38,'Enkhzul','Enkhzul.e@e-mart.mn','Үнийн санал авъя','2022-07-27 10:09:06',NULL,NULL,'2022-07-27 10:09:06','2022-07-27 10:09:06',0),(39,'Т.Түвшинжаргал','tuvshinjargal@zes-erdene.mn','Танай хүний нөөцийн программыг сонирхож байгаа тул үнийн санал илгээж өгнө үү','2022-08-22 07:12:54',NULL,NULL,'2022-08-22 07:12:54','2022-08-22 07:12:54',0),(40,'Ц.Оюунцэцэг','oyuntsetsegts@yahoo.com','Сайн байна уу.MACS санхүүгийн програм ашигладаг компанид ажилд орсон.Програмын   гарын авлага ном байдаг уу.Өмнө нь СиТи Эс төсөвт газрын санхүүгийн програм дээр 8 жил ажилласан туршлага байгаа.Тухайн байгуулга маань зөвхөн барааны орлого зарлагын гүйлгээг хийдэг юм байна.СП-аа иж бүрэнээр нь ашиглах шаардлага байгаа юм.Мэргэжлийн тусламж үзүүлэхийг хүсье.Утас:99836068 ','2022-08-23 12:32:31',NULL,NULL,'2022-08-23 12:32:31','2022-08-23 12:32:31',0),(41,'Алтанцэцэг 88909337','finance@sgtrans.mn','Манай компаны хувьд гадаад дотоод гэсэн 2 харилцагчидтай,\nхарилцагчийн мэдээлэл хэсэгт гадаад харилчагчийн хувьд дараахи мэдээлэлийг нэмж оруулах шаардлагатай, \nBeneficiary name/Хүлээн авагчийн нэр:\n\nBeneficiary address/Хүлээн авагчийн хаяг:\n\nBank name/Банкны нэр:\n\nBank address/Банкны хаяг:\n\nSWIFT code:\n\nAccount number/Дансны дугаар:\n\nЕвропруу шилжүүлэг хийх тохиолдолд IBAN number:\nЭдгээр мэдээлэлүүдийг бөгөлсөний дараа төлбөрийн даалгавар дээр автоматаар гарч ирэх тохиргоо хийж өнгө үү,\nНэхэмлэх мөн адил харилцагчийн мэдээлэлд багаа мэдээлэлүүд татагдаж байхаар тохируулга хийлгье,\n- төлбөрийн даалгавар болон  нэхэмжлэх дээр олон утга цувраа хэлбэрээр харагдаж байхаар нэммээр байна,','2022-08-31 09:17:59',NULL,NULL,'2022-08-31 09:17:59','2022-08-31 09:17:59',0),(42,'Ариунзул','ariunzul.g@nomin.net','Macs Freight – Тээвэр зуучийн бүртгэлийн системийн танилцуулга болон үнийн санал илгээж өгнө үү','2022-09-23 09:29:06',NULL,NULL,'2022-09-23 09:29:06','2022-09-23 09:29:06',0),(43,'Мөнгөнтуяа','munguntuya.altai@gmail.com','Жижиг дунд Аж ахуй нэгж байгаа юмаа. НББ программ хангамж авах хүсэлтэй байгаа тул Бүтээгдэхүүнийхээ үнийн санал болон танилцуулгыг явуулж өгнө үү. ','2022-10-07 03:12:25',NULL,NULL,'2022-10-07 03:12:25','2022-10-07 03:12:25',0),(44,'serik','hr@ehlelmail.com','Хүний нөөцийн удирдлага төлөвлөлтийн цогц системийн үнийн санал авъя','2022-10-31 06:46:18',NULL,NULL,'2022-10-31 06:46:18','2022-10-31 06:46:18',0),(45,'Билгүүнтөгс','bilguuntugs@numur.mn','Хүний нөөцийн системийн талаарх танилцуулга болон үнийн саналаа явуулж өгнө үү.','2022-11-21 08:59:07',NULL,NULL,'2022-11-21 08:59:07','2022-11-21 08:59:07',0),(46,'Uranjargal','Uranjargal@namac.coop','Сайн байна уу,\nТанай төслийн санхүүгийн программыг сонирхож байна\nТөсөв ба гүйцэтгэл, Төслийн зарцуулалтын тайланг санхүү бүртгэлийн системээс харьцуулан гаргах боломжтой программ хэрэгтэй байгаа юм','2022-12-08 07:00:03',NULL,NULL,'2022-12-08 07:00:03','2022-12-08 07:00:03',0),(47,'tuslamj','scounter247@gmail.com','1. macs 2012 программ дээр ө,ү үсэг гарж ирэхгүй ? тэмдэг гарж ирээд байх юм.\n2. ebarimt болон хаан банкнаас шууд татаад гүйлгээгээ оруулж болох болов уу?','2022-12-26 09:21:57',NULL,NULL,'2022-12-26 09:21:57','2022-12-26 09:21:57',0),(48,'Uuganzaya Zorigoo','uuganzaya@mongolianairways.com','Саын байна уу. Программын танилцуулга болон үнийн саналыг имэйл хаягаар илгээнэ үү. 88106481','2023-01-09 23:58:26',NULL,NULL,'2023-01-09 23:58:26','2023-01-09 23:58:26',0),(49,'Т.Намуун','t.namuun@ttz.mn','Тээвэрлэлтийн үйл ажиллагаатай холбоотой галт тэрэг, ачаа тээвэр, зүтгүүр, вагоны цогц программ хөгжүүлэхэд шаардлагатай үнийн саналыг хүргүүлж хамтран ажиллахыг хүсье.\n','2023-01-13 03:50:41',NULL,NULL,'2023-01-13 03:50:41','2023-01-13 03:50:41',0),(50,'Оюунтунгалаг','oyuntungalag0204@gmail.com','Өглөөний мэнд. Тогтох трейд ХХК-Гэр органик дэлгүүр байна. Танай лавлах руу залгаад холбогдож чадсангүй. Манай кассын систем 2023.01.28 өдөр хугацаа нь дуусна. Маргааш амралтын өдөр тул танайх ажиллах эсэхийг мэдэхгүй байгаа учир өнөөдөр холбогдож байна. Захирлын и-мейл хаяг болох solo@togtokh.com гэсэн хаяг руу нэхэмжлэл илгээж өгнө үү. \nЖич: Хэрэг болж магадгүй гээд anydesk code илгээе. 188383820','2023-01-27 02:35:37',NULL,NULL,'2023-01-27 02:35:37','2023-01-27 02:35:37',0),(51,'soyoloo','soyoltsoyoloo@gmail.com','үнийн санал, төлбөрийн нөхцөл\n','2023-03-22 03:35:53',NULL,NULL,'2023-03-22 03:35:53','2023-03-22 03:35:53',0),(52,'Buyanzul ','Buyanzuln@gmail.com','Сайн байна уу, \n\nТанай тээвэр зуучийн бүртгэлийн программыг сонирхож байна. Демо-хувилбар байгаа юу, үйлчлүүлэгчийн хүсэлтээр өөрлөлт хийх бололцоо бий юу, үнийн саналаа ирүүлнэ үү. ','2023-04-20 02:57:06',NULL,NULL,'2023-04-20 02:57:06','2023-04-20 02:57:06',0),(53,'Отгонжаргал','sukhee7971@gmail.com','Macs санхүүгийн программын үнийн санал авах хүсэлтэй байна. Бас боломжуудын талаар. Үйлдвэрлэлийн байгууллагад ашиглах юм.','2023-04-30 14:19:39',NULL,NULL,'2023-04-30 14:19:39','2023-04-30 14:19:39',0),(54,'gerel','gerelshuuder@gmail.com','Сайн байна уу\n\nСанхүүгийн программийн үнийн санал авьяа\nЕрөнхий болон туслах нябо 2 компьютер\n4 байгууллаг ашиглахаар\n\n99007301\n\n','2023-05-19 05:57:47',NULL,NULL,'2023-05-19 05:57:47','2023-05-19 05:57:47',0),(55,'Саруултуяа','saruul2015@gmail.com','Санхүүгийн тайлан гаргах программ 1 , 4 посын программтай авах үнийн санал авмаар байна. \nСанхүүгийн тайлангууд бүгд гарах уу?\nТанай программыг үйлдвэрлэлийн компани ашигладаг уу ','2023-06-16 06:03:28',NULL,NULL,'2023-06-16 06:03:28','2023-06-16 06:03:28',0),(56,'Хишигжаргал','khishgee.b1919@gmail.com','Шинэ системийн үнийн санал авах','2023-07-17 07:04:12',NULL,NULL,'2023-07-17 07:04:12','2023-07-17 07:04:12',0),(57,'Ачитмаа','aamaa_2009@yahoo.com','сайн бна уу танай санхүүгийн программыг сонирхож бна, Үнэ ханш жилийн төлбөр 91916984','2023-07-18 01:02:55',NULL,NULL,'2023-07-18 01:02:55','2023-07-18 01:02:55',0);
/*!40000 ALTER TABLE `infosystem_reports` ENABLE KEYS */;
UNLOCK TABLES;

--
-- Table structure for table `insert_notifications`
--

DROP TABLE IF EXISTS `insert_notifications`;
/*!40101 SET @saved_cs_client     = @@character_set_client */;
/*!40101 SET character_set_client = utf8 */;
CREATE TABLE `insert_notifications` (
  `id` int(10) unsigned NOT NULL AUTO_INCREMENT,
  `description` varchar(255) DEFAULT NULL,
  `macsversion` int(11) DEFAULT NULL,
  `apptype` int(11) DEFAULT NULL,
  `to_customer` int(11) DEFAULT NULL,
  `expire_date` date DEFAULT NULL,
  `acount` bigint(20) DEFAULT NULL,
  `filetype` int(11) DEFAULT NULL,
  `news_text` longtext,
  `pdf_file` varchar(255) DEFAULT NULL,
  `is_active` int(11) DEFAULT NULL,
  `customer_id` longtext,
  `published_at` datetime DEFAULT NULL,
  `created_by` int(11) DEFAULT NULL,
  `updated_by` int(11) DEFAULT NULL,
  `created_at` timestamp NULL DEFAULT CURRENT_TIMESTAMP,
  `updated_at` timestamp NULL DEFAULT CURRENT_TIMESTAMP,
  `file_url` varchar(255) DEFAULT NULL,
  PRIMARY KEY (`id`)
) ENGINE=InnoDB AUTO_INCREMENT=266 DEFAULT CHARSET=utf8;
/*!40101 SET character_set_client = @saved_cs_client */;

--
-- Dumping data for table `insert_notifications`
--

LOCK TABLES `insert_notifications` WRITE;
/*!40000 ALTER TABLE `insert_notifications` DISABLE KEYS */;
INSERT INTO `insert_notifications` VALUES (105,'1',NULL,NULL,NULL,'2022-08-04',1,NULL,NULL,NULL,NULL,NULL,NULL,NULL,NULL,'2022-08-24 05:58:24','2022-08-24 05:58:24',NULL),(106,'postteddddd',NULL,NULL,NULL,NULL,NULL,NULL,NULL,NULL,NULL,NULL,NULL,NULL,NULL,'2022-08-24 06:01:37','2022-08-24 06:01:37',NULL),(107,'last test',NULL,NULL,NULL,NULL,NULL,NULL,NULL,NULL,NULL,NULL,NULL,NULL,NULL,'2022-08-24 06:04:10','2022-08-24 06:04:10',NULL),(108,'one more',NULL,NULL,NULL,NULL,NULL,NULL,NULL,NULL,NULL,NULL,NULL,NULL,NULL,'2022-08-24 06:05:14','2022-08-24 06:05:14',NULL),(110,'123',NULL,NULL,NULL,'2022-08-10',123,2,NULL,NULL,1,NULL,NULL,NULL,NULL,'2022-08-24 06:45:08','2022-08-24 06:45:08',NULL),(111,'123',NULL,NULL,NULL,'2022-08-10',123,2,NULL,NULL,1,NULL,NULL,NULL,NULL,'2022-08-24 06:45:09','2022-08-24 06:45:09',NULL),(112,'123',NULL,NULL,NULL,'2022-08-10',123,2,NULL,NULL,1,NULL,NULL,NULL,NULL,'2022-08-24 06:45:17','2022-08-24 06:45:17',NULL),(258,'Put here',1,1,NULL,NULL,NULL,1,'1','',NULL,'1','2022-11-30 07:24:24',NULL,NULL,'2022-11-30 07:24:24','2022-11-30 07:32:18','1'),(259,'asd',NULL,NULL,NULL,NULL,NULL,NULL,NULL,NULL,NULL,NULL,'2022-11-30 07:24:59',NULL,NULL,'2022-11-30 07:24:59','2022-11-30 07:24:59',NULL),(260,NULL,NULL,NULL,NULL,NULL,NULL,NULL,NULL,NULL,NULL,NULL,'2023-01-06 06:18:57',NULL,NULL,'2023-01-06 06:18:57','2023-01-06 06:18:57',NULL),(261,NULL,NULL,NULL,NULL,NULL,NULL,NULL,NULL,NULL,NULL,NULL,'2023-01-06 06:18:58',NULL,NULL,'2023-01-06 06:18:58','2023-01-06 06:18:58',NULL),(262,NULL,NULL,NULL,NULL,NULL,NULL,NULL,NULL,NULL,NULL,NULL,'2023-01-06 06:18:58',NULL,NULL,'2023-01-06 06:18:58','2023-01-06 06:18:58',NULL),(263,NULL,NULL,NULL,NULL,NULL,NULL,NULL,NULL,NULL,NULL,NULL,'2023-01-06 06:18:59',NULL,NULL,'2023-01-06 06:18:59','2023-01-06 06:18:59',NULL),(264,NULL,NULL,NULL,NULL,NULL,NULL,NULL,NULL,NULL,NULL,NULL,'2023-01-06 06:19:04',NULL,NULL,'2023-01-06 06:19:04','2023-01-06 06:19:04',NULL),(265,NULL,NULL,NULL,NULL,NULL,NULL,NULL,NULL,NULL,NULL,NULL,'2023-01-06 06:19:04',NULL,NULL,'2023-01-06 06:19:04','2023-01-06 06:19:04',NULL);
/*!40000 ALTER TABLE `insert_notifications` ENABLE KEYS */;
UNLOCK TABLES;

--
-- Table structure for table `issue_answers`
--

DROP TABLE IF EXISTS `issue_answers`;
/*!40101 SET @saved_cs_client     = @@character_set_client */;
/*!40101 SET character_set_client = utf8 */;
CREATE TABLE `issue_answers` (
  `id` int(10) unsigned NOT NULL AUTO_INCREMENT,
  `name` varchar(255) DEFAULT NULL,
  `content` longtext,
  `product_issue` int(11) DEFAULT NULL,
  `published_at` datetime DEFAULT NULL,
  `created_by` int(11) DEFAULT NULL,
  `updated_by` int(11) DEFAULT NULL,
  `created_at` timestamp NULL DEFAULT CURRENT_TIMESTAMP,
  `updated_at` timestamp NULL DEFAULT CURRENT_TIMESTAMP,
  `user` int(11) DEFAULT NULL,
  `seen` tinyint(1) DEFAULT NULL,
  PRIMARY KEY (`id`)
) ENGINE=InnoDB AUTO_INCREMENT=60 DEFAULT CHARSET=utf8;
/*!40101 SET character_set_client = @saved_cs_client */;

--
-- Dumping data for table `issue_answers`
--

LOCK TABLES `issue_answers` WRITE;
/*!40000 ALTER TABLE `issue_answers` DISABLE KEYS */;
INSERT INTO `issue_answers` VALUES (56,NULL,'<p>test shiidsen</p>',15,'2021-12-09 02:40:12',NULL,NULL,'2021-12-09 02:40:12','2021-12-09 02:40:12',6,1),(57,NULL,'<p>121313</p><p>&nbsp;</p>',15,'2021-12-09 09:17:07',NULL,NULL,'2021-12-09 09:17:07','2022-08-12 03:54:23',27,1),(58,NULL,'<p>Санхүүгийн программын гарын авлага болон кассын программын гарын авлага и - майл хаягаар нь илгээлээ. Та өртөг тооцооллын талаар асуудалаа манайхтай anydesk &nbsp;программаар холбогдон шийдүүлээрэй. Баярлалаа</p>',19,'2022-02-17 08:19:56',NULL,NULL,'2022-02-17 08:19:56','2022-02-17 08:45:02',27,1),(59,NULL,'<p>gariin avlaga ilgeelee. bayrlalaa</p>',20,'2022-02-17 08:45:21',NULL,NULL,'2022-02-17 08:45:21','2022-02-17 08:46:01',27,1);
/*!40000 ALTER TABLE `issue_answers` ENABLE KEYS */;
UNLOCK TABLES;

--
-- Table structure for table `pages`
--

DROP TABLE IF EXISTS `pages`;
/*!40101 SET @saved_cs_client     = @@character_set_client */;
/*!40101 SET character_set_client = utf8 */;
CREATE TABLE `pages` (
  `id` int(10) unsigned NOT NULL AUTO_INCREMENT,
  `name` varchar(255) DEFAULT NULL,
  `slug` varchar(255) DEFAULT NULL,
  `published_at` datetime DEFAULT NULL,
  `created_by` int(11) DEFAULT NULL,
  `updated_by` int(11) DEFAULT NULL,
  `created_at` timestamp NULL DEFAULT CURRENT_TIMESTAMP,
  `updated_at` timestamp NULL DEFAULT CURRENT_TIMESTAMP,
  PRIMARY KEY (`id`)
) ENGINE=InnoDB AUTO_INCREMENT=6 DEFAULT CHARSET=utf8;
/*!40101 SET character_set_client = @saved_cs_client */;

--
-- Dumping data for table `pages`
--

LOCK TABLES `pages` WRITE;
/*!40000 ALTER TABLE `pages` DISABLE KEYS */;
INSERT INTO `pages` VALUES (1,'Бүтээгдэхүүн','product','2021-06-08 07:29:58',1,1,'2021-06-07 23:29:55','2021-06-16 01:56:32'),(2,'Зөвлөгөө, Мэдээ мэдээлэл','advice','2021-06-16 11:06:14',1,1,'2021-06-16 03:06:04','2021-06-16 03:06:14'),(3,'Бидний тухай','about-us','2021-06-17 06:09:10',1,1,'2021-06-16 22:04:12','2021-06-28 20:48:13'),(4,'Холбоо барих','contact','2021-06-17 09:44:47',1,1,'2021-06-17 01:44:44','2021-12-09 02:13:46'),(5,'Програм татах, Суулгах заавар','download','2021-06-29 04:01:55',1,1,'2021-06-28 20:01:52','2022-02-18 02:47:02');
/*!40000 ALTER TABLE `pages` ENABLE KEYS */;
UNLOCK TABLES;

--
-- Table structure for table `pages_components`
--

DROP TABLE IF EXISTS `pages_components`;
/*!40101 SET @saved_cs_client     = @@character_set_client */;
/*!40101 SET character_set_client = utf8 */;
CREATE TABLE `pages_components` (
  `id` int(10) unsigned NOT NULL AUTO_INCREMENT,
  `field` varchar(255) NOT NULL,
  `order` int(10) unsigned NOT NULL,
  `component_type` varchar(255) NOT NULL,
  `component_id` int(11) NOT NULL,
  `page_id` int(10) unsigned NOT NULL,
  PRIMARY KEY (`id`),
  KEY `page_id_fk` (`page_id`),
  CONSTRAINT `page_id_fk` FOREIGN KEY (`page_id`) REFERENCES `pages` (`id`) ON DELETE CASCADE
) ENGINE=InnoDB AUTO_INCREMENT=12 DEFAULT CHARSET=utf8;
/*!40101 SET character_set_client = @saved_cs_client */;

--
-- Dumping data for table `pages_components`
--

LOCK TABLES `pages_components` WRITE;
/*!40000 ALTER TABLE `pages_components` DISABLE KEYS */;
INSERT INTO `pages_components` VALUES (2,'Layout',1,'components_components_all_products',1,1),(3,'Layout',1,'components_components_all_products',2,2),(8,'Layout',1,'components_components_aboutuses',5,3),(9,'Layout',2,'components_components_about_us_twos',1,3),(10,'Layout',1,'components_components_contacts',1,4),(11,'Layout',1,'components_components_programs',1,5);
/*!40000 ALTER TABLE `pages_components` ENABLE KEYS */;
UNLOCK TABLES;

--
-- Table structure for table `posts`
--

DROP TABLE IF EXISTS `posts`;
/*!40101 SET @saved_cs_client     = @@character_set_client */;
/*!40101 SET character_set_client = utf8 */;
CREATE TABLE `posts` (
  `id` int(10) unsigned NOT NULL AUTO_INCREMENT,
  `published_at` datetime DEFAULT NULL,
  `created_by` int(11) DEFAULT NULL,
  `updated_by` int(11) DEFAULT NULL,
  `created_at` timestamp NULL DEFAULT CURRENT_TIMESTAMP,
  `updated_at` timestamp NULL DEFAULT CURRENT_TIMESTAMP,
  `title` varchar(255) DEFAULT NULL,
  `slug` varchar(255) DEFAULT NULL,
  `catigory` varchar(255) DEFAULT NULL,
  `description` longtext,
  `count` bigint(20) DEFAULT NULL,
  PRIMARY KEY (`id`),
  UNIQUE KEY `posts_slug_unique` (`slug`)
) ENGINE=InnoDB AUTO_INCREMENT=11 DEFAULT CHARSET=utf8;
/*!40101 SET character_set_client = @saved_cs_client */;

--
-- Dumping data for table `posts`
--

LOCK TABLES `posts` WRITE;
/*!40000 ALTER TABLE `posts` DISABLE KEYS */;
INSERT INTO `posts` VALUES (1,'2021-06-15 06:39:38',1,1,'2021-06-14 22:39:34','2023-11-21 01:46:51','Гар утас цэнэглэх хугацааг хурдасгах энгийн зөвлөгөө','gar-utas-czenegleh-hugaczaag-hurdasgah-engijn-z-vl-g-1','Зөвлөгөө','<p>Боломжтой бол утсаа унтраагаад цэнэглэвэл илүү хурдан цэнэглэгдэнэ. Асаалттай нь цэнэглэмээр байвал сүлжээнээс салгах буюу “Airplane Mode” дээр тохируулбал мөн л түргэн цэнэглэгдэнэ. Энэ үед утас тань үүрэн холбооны Data болон Wi-Fi сүлжээнүүдээс бүрэн салгагддаг тул энерги зарцуулалт нь эрс багасна. Эдгээр аргыг хэрэглэх боломжгүй бол ядаж цэнэглэж байх үедээ Lock хийвэл дээр.</p><p>USB портоор цэнэглэхийн оронд 220V цахилгаанаас цэнэглэвэл хурдан байдаг.</p><p>Хэрвээ танд USB портоор цэнэглэхээс өөр сонголт байхгүй бол цэнэглэлтийг хурдасгах хэд хэдэн арга бий. Мэдээж iTunes мэт програмтай холбож Sync хийхгүй байх хэрэгтэй. Өөр USB портуудад залгагдсан төхөөрөмжүүдийг аль болох цөөлөх хэрэгтэй. Тэд тэжээлийн чадлаас хуваалцдаг. Мөн холбосон компьютерээ унтах (Standby, Sleep, Hibernation) горимонд оруулах хэрэггүй.</p><p>Халуун орчинд зай нь цэнэгээ хурдан алддаг. Тиймээс утсаа нарны гэрлээс хол байлгах хэрэгтэй. Мөн цэнэглэж байх үедээ гадуур гэр, уут, цүнхнээс нь гаргавал сайн. Тасалгааны хэмд цэнэглэвэл хамгийн тохиромжтой байдаг.</p><p>Батерейг удаан хэрэглэхийн тулд түүн доторх электронуудыг хааяа бүрэн хөдѳлгөөнд оруулж байх хэрэгтэй. Ингэхийн тулд сард дор хаяж нэг удаа батерейгаа 100 хувь бүрэн цэнэглэсний дараа дуустал нь буюу 0 болтол нь хэрэглэж байх. Ингэснээр таны утасны батерей удаан эдлэгдэж, чанараа алдахгүй.</p>',501),(2,'2021-06-15 06:41:24',1,1,'2021-06-14 22:41:20','2023-11-13 02:52:09','Skype видео дуудлага хийхдээ ар талаа бүдэгрүүлж болно','skype-video-duudlaga-hijhdee-ar-talaa-b-degr-lzh-bolno','Зөвлөгөө','<p>Skype үйлчилгээ хэрэглэхдээ өөрийн ар талаа бүрсийлгэж болгодог горим шинээр нэмэгдсэн байна.</p><p>Skype-ын уг горим байгаа орчноо нуух, бүдгэрүүлэх хүсэлтэй байгаа хүмүүст зориулагдсан аж. Жишээлбэл таны өрөө эмх замбараагүй байгаа бол танд энэ горим хэрэг болно.</p><p>Skype албан ёсны блогтоо дуудлага хийж байгаа хүний ар хэсгийг бүрсийлгэхийн тулд хиймэл оюун ухаан ашиглаж байгаагаа дурджээ. Тухайн хиймэл оюун ухаан хэрэглэгчийн гар, нүүр царай, үс зэргийг таньж тэдгээрээс бусдыг нь бүрсийлгэдэг гэсэн үг юм.</p><p>Одоогоор тус горимыг компьютероос хандаж байгаа хэрэглэгчид ашиглах боломжтой бөгөөд ухаалаг утас, веб зэрэгт хэзээ нэвтрэх нь хараахан тодорхой болоогүй байна.&nbsp;&nbsp;</p>',310),(3,'2021-06-15 06:42:50',1,1,'2021-06-14 22:42:47','2023-11-21 10:53:59','Иргэний цахим үнэмлэхийг интернэтээр захиалдаг боллоо','irgenij-czahim-nemlehijg-interneteer-zahialdag-bolloo','Зөвлөгөө','<p>Улсын бүртгэлийн багц хуулийн хэрэгжилтийг хангах ажлын хүрээнд улсын бүртгэлийн үйлчилгээний талаарх мэдээллийн нээлттэй байдлыг хангах, шат дамжлагыг багасгах, төвлөрлийг сааруулах зорилгоор улсын бүртгэлийн зарим үйлчилгээг цахим хэлбэрт шилжүүлэх ажлыг үе шаттай эхлүүлээд байна. Үүний нэг нь иргэний үнэмлэхээ хаяж үрэгдүүлсэн, гэмтээсэн тохиолдолд дахин авах хүсэлтийг цахим хэлбэрээр хүлээн авах үйлчилгээг энэ сарын 19-ны өдрөөс нэвтрүүллээ. Иргэний үнэмлэхээ дахин авах иргэд маань улсын бүртгэлийн цахим систем burtgel.mn сайтаар орж захиалах боломжтой. Харин анх удаа буюу 25, 45 насны хугацааны сунгалтыг онлайнаар захиалах боломжгүй. Эдгээр тохиолдлуудад хурууны хээг дахин авах учраас заавал улсын бүртгэлийн байгууллагад биечлэн хандана.</p><p>Өмнө нь иргэд улсын бүртгэлийн үйлчилгээг холбогдох бичиг баримтаа бүрдүүлэн төв суурин газарт байрлах улсын бүртгэлийн газарт биечлэн хоёр удаа ханддаг байсан бол одоо зөвхөн нэг удаа очих юм. Цахим бүртгэлээр иргэний үнэмлэхээ нийслэл хот, дүүргээс захиалсан тохиолдолд ажлын 3-5 хоногт, орон нутаг, сумаас захиалсан тохиолдолд ажлын 10 хоногт багтаж гарах юм. Харин онлайнаар захиалсан үнэмлэхээ авахдаа өөрийн биеэр эсхүл итгэмжлэгдсэн төлөөлөгчөөр дамжуулан харъаллын дагуу очиж авна. 2018 оны жилийн эцсийн байдлаар иргэний үнэмлэхээ үрэгдүүлсэн, хаясан, хүчинтэй байдлыг алдагдуулсан шалтгаанаар 77869 иргэн улсын бүртгэлийн байгууллагад биечлэн ирж иргэний үнэмлэхийн дахин авах хүсэлт гаргасан байна.</p>',310),(4,'2021-06-15 06:44:46',1,1,'2021-06-14 22:44:41','2023-11-16 17:17:12','Баяр наадмын өдрүүдэд ажиллах ажилчдын нэрс, холбогдох утас','bayar-naadmyn-dr-ded-azhillah-azhilchdyn-ners-holbogdoh-utas','Мэдээ','<figure class=\"image\"><img src=\"/uploads/Naadam_42ea4246f9.png\" alt=\"\"></figure>',685),(5,'2021-06-15 07:08:13',1,1,'2021-06-14 23:08:04','2023-11-21 13:25:52','ByteFence Anti-Malware програмыг хэрхэн устгах вэ? (Вирус устгах заавар)','byte-fence-anti-malware-programyg-herhen-ustgah-ve-virus-ustgah-zaavar','Зөвлөгөө','<p><span style=\"background-color:rgb(255,255,255);color:rgb(34,34,34);font-family:Verdana, Geneva, sans-serif;\">ByteFence нь хууль ёсны, anti-malware програм хэдий ч зарим adware програмууд энэ програмыг суулгахдаа бусад үнэгүй програмуудыг интернэтээс татаж суулгадаг. Эдгээр adware програмууд&nbsp; нь бусад програмыг хамт суулгана гэдгээ тайлбарладаггүй учраас та ByteFence Anti-Malware-ыг өөрөө мэдэлгүйгээр суулгасан байх боломжтой.</span></p><p>&nbsp;</p><figure class=\"image\"><img src=\"/uploads/maxresdefault_696x392_42242546cd.jpg\" alt=\"\"></figure><p>&nbsp;</p><figure class=\"image\"><img src=\"/uploads/2_bytefence_63ae85431e.jpg\" alt=\"\"></figure><p>Энэ програмыг Control Panel-ыг Uninstall Programs рүү орж жагсаалтаас олж устгаж болно. Хэрэв устгахад асуудал гарах, эсвэл таны хортой програмууд ByteFence Anti-Malware-тай цуг суулгагдсан байж болзошгүй бол доорхи зааврыг ашиглан үнэгүй илрүүлж, устгах боломжтой.</p><p>Та програмууд суулгаж байхдаа үргэлж анхааралтай байх хэрэгтэй бөгөөд, учир нь програм суулгагч нь ихэнхдээ ByteFence Anti-Malware зэргийг хамт суулгах сонголттой байдаг. Суулгах зөвшөөрөл олгохдоо маш болгоомжтой бай.</p><p>Үргэлж Custom installation сонгож, танихгүй програм, ялангуяа суулгах сонголт дунд байгаа хэзээ ч татаж авч суулгахыг хортой програмын өмнөх чагтыг арилгах хэрэгтэй.</p><p>Энэ заавар олон алхам ба програмууд ашиглан хийгдэж байгаа нь түвэгтэй санагдаж магадгүй. Malware-ыг үнэгүй устгах заавар нь хэнд ч ойлгоход хялбар, нарийвчилсан байдлаар тайлбарлахын тулд бид ийм байдлаар бичлээ. Алхам бүрийг зөв дарааллын дагуу хийнэ үү.</p><p><strong>ByteFence Anti-Malware-ыг устгахын тулд дараахь алхмуудыг гүйцэтгэнэ:</strong></p><ul><li><a href=\"https://malwaretips.com/blogs/remove-bytefence/#uninstall\"><strong>АЛХАМ 1</strong>: Windows-аас ByteFence Anti-Malware-ыг устга</a>на</li><li><a href=\"https://malwaretips.com/blogs/remove-bytefence/#malwarebytes\">&nbsp;<strong>АЛХАМ 2</strong>: ByteFence Anti-Malware-ыг устгахдаа Malwarebytes ашигла</a>на</li><li><a href=\"https://malwaretips.com/blogs/remove-bytefence/#hitmanpro\">&nbsp;<strong>АЛХАМ 3</strong>: Хортой програмуудыг илрүүлж устгахын&nbsp; тулд HitmanPro </a>ашиглана</li><li>&nbsp;</li></ul><p><strong>АЛХАМ 1&nbsp;: Windows–аас ByteFence Anti-Malware-ыг устгах</strong></p><p>Уг алхамд таны компьютерт суусан байж болзошгүй хортой програмуудыг хэрхэн илрүүлж устгахыг тайлбарлая.</p><p>Programs and Features цэс рүү орно.</p><p>Windows 10 бол:</p><figure class=\"image image-style-align-left\"><img src=\"/uploads/CP_1_ea3864e96d.jpg\" alt=\"\"></figure><p>&nbsp;</p><p><span style=\"background-color:rgb(255,255,255);color:rgb(34,34,34);font-family:Verdana, Geneva, sans-serif;\">Start &nbsp;цэсийн хайлтын хэсэгт Control Panel uэж бичихэд гарч ирэх сонголтуудаас Control Panel гэснийг сонгоно.</span></p><p>&nbsp;</p><p>&nbsp;</p><p>&nbsp;</p><p>&nbsp;</p><p>&nbsp;</p><p>&nbsp;</p><p>&nbsp;</p><p>&nbsp;</p><p>&nbsp;</p><p>&nbsp;</p><p>&nbsp;</p><p>&nbsp;</p><p>&nbsp;</p><figure class=\"image\"><img src=\"/uploads/1_Unin_e9eaf91d9a.jpg\" alt=\"\"></figure><p><i>Control Panel цонх нээгдэхэд </i>“<i>Programs</i>”&nbsp;ангиллын доорхи “<strong>Uninstall a program</strong>” сонголт дээр товшино.</p><p>Windows 8 бол:</p><figure class=\"image image-style-align-center\"><img src=\"/uploads/2_CP_d62dd017e0.jpg\" alt=\"\"></figure><p>Right-click on the Зүүн доод булан дахь&nbsp;<strong>Start</strong>&nbsp; дээр баруун товчийг товшиж “Programs and Features” сонголт дээр дарна. Ингэснээр суулгасан програмуудын жагсаалт руу шууд орно.</p><ul><li>Start menu-ээс&nbsp;<i>Programs and Features</i>&nbsp;олохгүй байвал хайлтын хэсэгт <i>“programs and features”</i>&nbsp;гэж бичихэд “Programs and Features”&nbsp;гэсэн илэрц гарч ирнэ.</li><li>Хэрэв Start товч байхгүй бол та Windows 8.1 биш Windows 8 дээр ажиллаж байгаа гэсэн үг. Windows key + X товчлуурыг оронд нь дарж “Programs and Features”-ыг сонгоно.</li></ul><p>Windows 7 бол:</p><p>Start дээр товшоод “Control Panel”-ыг сонгоно.</p><p>&nbsp;</p><p>&nbsp;</p><figure class=\"image\"><img src=\"/uploads/CP_3_6ae111484d.jpg\" alt=\"\"></figure><p>Хэрэв “Control Panel” энд харагдахгүй бол хайлт дотор control panel гэж бичиж хайж гаргаж ирнэ.</p><p><i>“Control Panel” </i>цонх гарч ирмэгц Programs ангиллаас&nbsp;<strong> “Uninstall a Program”</strong> дээр товшино.<br>&nbsp;</p><p>2. Хортой програмуудыг олж устгана.</p><p><i>&nbsp;“Programs and Features”</i>&nbsp;дэлгэц дээр таны компьютерын бүх програмуудын жагсаалт гарч ирнэ. Доош гүйлгэн “<strong>ByteFence Anti-Malware</strong>” –ыг олоод товшиход уг програм сонгогдоно. Жагсаалтын дээд талд гарч ирсэн <strong>“Uninstall” товч дээр товшино.</strong></p><p><strong>Сүүлийн үед суулгагдсан програмуудыг олохын хялбар тулд </strong>“<i>Installed On</i>” багана дээр товшиж огноогоор сортолно.</p><p>&nbsp;</p><figure class=\"image\"><img src=\"/uploads/list_648da176fd.jpg\" alt=\"\"></figure><p>Програмыг устгахын тулд дэлгэцэнд гарч ирэх заавруудыг дага.</p><p>Дараагийн мэдээллийн цонх гарч ирэх цонхонд Yes дээр товшиж устгахыг баталгаажуулна.</p><p>Бүх зааврыг анхааралтай унших хэрэгтэй, учир нь зарим хортой програмууд таныг сайтар уншихгүй гэж найдаж, төөрөгдүүлэхээр хийгдсэн байдаг.</p><p><strong>АЛХАМ 2: Malwarebytes ашиглан ByteFence Anti-Malware-ыг устгах</strong></p><p>Malwarebytes нь хортой програмаас хамгаалдаг, хамгийн түгээмэл хэрэглэгддэг үнэ төлбөргүй &nbsp;програм юм. Үүнийг анх удаа суулгахад бодит цагийн горимын шалгалт, ransomeware-ын тусгай хамгаалалтыг багтаасан дээд түвшний хувилбарыг 14 хоног туршилтаар ашиглах эрх өгдөг. 14 хоногийн дараа үндсэн хувилбарт автоматаар шилжих бөгөөд, энэ нь та шалгалтыг ажиллуулсан үед хортой халдварыг илрүүлдэг хувилбар нь юм. Вирусын програмтай зөрчилдөхгүйгээр зэрэгцэн ажилладаг.</p><ol><li>Malwarebytes татаж авна</li></ol><p>Програмыг татахын тулд доорхи холбоос дээр дарна уу.</p><p><a href=\"https://malwaretips.com/download-malwarebytes\"><strong>MALWAREBYTES DOWNLOAD LINK</strong></a></p><ul><li>Malwarebytes програмын setup файл дээр 2 товшино.</li></ul><p>Malwarebytes татаж дуусмагц <strong>mb3-setup-consumer-x.x.x.xxxx.exe дээр 2 товшиж компьютертээ суулгана. Энэ файл ихэвчлэн </strong><i>Downloads дотор хадгалагдсан байдаг.</i></p><p>&nbsp;</p><figure class=\"image\"><img src=\"/uploads/2_CP_7190dd2535.jpg\" alt=\"\"></figure><figure class=\"image\"><img src=\"/uploads/UAC_1_malw_c5fe03974d.jpg\" alt=\"\"></figure><p><i>User Account Control</i>&nbsp; цонх гарч ирвэл Yes&nbsp; дээр товшиж үргэлжлүүлнэ.<br>&nbsp;</p><ul><li>Malwarebytes суулгахын тулд дэлгэц дээр гарч ирэх зааврыг дагана.</li></ul><p>&nbsp;</p><p>&nbsp;</p><p>&nbsp;</p><figure class=\"image\"><img src=\"/uploads/welcome_1_98a0b99e27.jpg\" alt=\"\"></figure><p>&nbsp;</p><figure class=\"image\"><img src=\"/uploads/malw_complete_17b39dd5e8.jpg\" alt=\"\"></figure><p>Malwarebytes &nbsp;суулгаж эхэлмэгц&nbsp;<i>Malwarebytes Setup Wizard</i>&nbsp;цонх гарч ирэх бөгөөд “<strong>Agree and Install</strong>” товч дээр товшиж үргэлжлүүлнэ.</p><ul><li>“Scan Now” дээр товшино.</li></ul><p>&nbsp;</p><figure class=\"image\"><img src=\"/uploads/scan_malw_22a5c6b880.jpg\" alt=\"\"></figure><p>Malwarebytes суулгаж дуусмагц автоматаар ажиллаж эхлэх ба вирусын санг шинэчилнэ. Системийг шалгахын тулд “Scan Now” дээр товшино.</p><ul><li>Malwarebytes шалгаж дуусахыг хүлээнэ.</li></ul><p>&nbsp;</p><figure class=\"image\"><img src=\"/uploads/mw1_d2a6e4d4ec.jpg\" alt=\"\"></figure><p>Malwarebytes-ын хортой програмын шалгалт хэдэн минут үргэлжлэх ба энэ хугацаанд өөр ажлаа амжуулан шалгалт дуусахаар үргэлжлүүлэх хэрэгтэй.<br>&nbsp;</p><ul><li>“Quarantine Selected” дээр товших.</li></ul><p>Шалгалт дууссаны дараа илэрсэн хортой халдваруудын жагсаалт гарч ирнэ. Тэдгээрийг устгахын тулд “<strong>Quarantine Selected</strong>” товч дээр товшино..<br>&nbsp;</p><ul><li>Компьютерээ Restart хийнэ.</li></ul><p>&nbsp;</p><figure class=\"image\"><img src=\"/uploads/qua_432f4fb97f.jpg\" alt=\"\"></figure><p>&nbsp;</p><figure class=\"image\"><img src=\"/uploads/finish_ac8c52ac48.jpg\" alt=\"\"></figure><p>Malwarebytes нь олдсон бүх хортой файлууд registry түлхүүрүүдийг устгах бөгөөд үүний дараа компьютерээ restart хийх хэрэгтэй.<br>&nbsp;</p><p><strong>АЛХАМ 3: HitmanPro ашиглан хортой ба хүсээгүй програмуудыг устгах</strong></p><p>HitmanPro бол хортой програм илрүүлдэг үүлэн шийдэлд суурилсан, санал болгож буй 2 дахь шалгагч програм юм. HitmanPro идэвхитэй файлуудын ажиллагаа, мөн хортой файлууд голдуу байрлаж сэжигтэй ажиллагаа явагддаг байршуудыг шалгадаг. Сэжигтэй файл илэрмэгц үүлэн шийдэл ашиглан түүнийг Bitdefender ба Kaspersky гэсэн 2 шилдэг вирусын програмаар шалгадаг.</p><p>HitmanPro 1 компьютерт 1 жилд $24.95 үнэтэй байдаг бөгөөд шалгалт ажиллах хугацааг хязгаарлаагүй. HitmanPro-оор илэрсэн хортой програмуудыг устгах эсвэл &nbsp;quarantine-д оруулах шаардлагатай бол хязгаарлалт байх бөгөөд энэ үед 1 удаагийн 30 өдрийн туршилтын хугацааг авч уг цэвэрлэгээг гүйцэтгэж болно.</p><ol><li>HitmanPro татах.</li></ol><p><strong>HitmanPro</strong>&nbsp;татахын тулд доорхи холбоос дээр дарна уу.</p><p><a href=\"https://malwaretips.com/download-hitman-pro\"><strong>HITMANPRO DOWNLOAD LINK</strong></a></p><ul><li>HitmanPro суулгах.</li></ul><p>&nbsp;</p><figure class=\"image\"><img src=\"/uploads/hit_setup_4df7353670.jpg\" alt=\"\"></figure><p><span style=\"background-color:rgb(255,255,255);color:rgb(34,34,34);font-family:Verdana, Geneva, sans-serif;\">Татаж дуусмагц Downloads дотор байгаа “hitmanpro.exe” (32-bit Windows) эсвэл “hitmanpro_x64.exe” (64-bit Windows) дээр 2 товшиж компьютертээ суулгана уу.</span></p><p>&nbsp;</p><figure class=\"image\"><img src=\"/uploads/hit_yes_2c16cb382d.jpg\" alt=\"\"></figure><p><i>User Account Control</i>&nbsp;pop-up гарч ирвэл <i>Yes</i> дарж үргэлжлүүлнэ.</p><ul><li>Дэлгэцэнд гарч ирэх зааврыг баримтална.</li></ul><p>&nbsp;</p><figure class=\"image\"><img src=\"/uploads/hit_next_1_c14538a9fd.jpg\" alt=\"\"></figure><p>&nbsp;</p><figure class=\"image\"><img src=\"/uploads/hit_next_2_3b2b157b8e.jpg\" alt=\"\"></figure><p>HitmanPro эхэлмэгц доорхи цонх гарч ирнэ. “<strong>Next</strong>” дээр товшиж шалгалт хийнэ.</p><ul><li>HitmanPro шалгаж дуусахыг хүлээнэ.</li></ul><p>&nbsp;</p><figure class=\"image\"><img src=\"/uploads/hit_list_24fdd8af9e.jpg\" alt=\"\"></figure><p>Шалгах процесс хэдэн минутын хугацаанд үргэлжилнэ.</p><ul><li>“Next” дээр товшино.</li></ul><p>&nbsp;</p><figure class=\"image\"><img src=\"/uploads/hit_next_3_8629627865.jpg\" alt=\"\"></figure><p>HitmanPro шалгалт хийж дуусмагц илэрсэн халдварын жагсаалт гарч ирнэ. Илэрсэн халдварыг устгахын тулд “<strong>Next</strong>” дээр товшино.</p><ul><li>“Activate free license” дээр товшино.</li></ul><figure class=\"image\"><img src=\"/uploads/activate_5d1e46a491.jpg\" alt=\"\"></figure><figure class=\"image\"><img src=\"/uploads/hit_finish_88a1f87543.jpg\" alt=\"\"></figure><p>“<strong>Activate free license</strong>” товч дээр товшсоноор 30 хоногийн туршилтын хугацааг авч бүх хортой файлуудыг устгаж болно.<br>Процесс дуусмагц HitmanPro-г хааж болно.</p><p>ByteFence Anti-Malware одоо таны компьютерээс устгагдсан байх ёстой.</p><p>Хэрэв ByteFence Anti-Malware –ыг устгах үед асуудал гарсан бол доорхи 2-ын аль нэгийг хийгээрэй:</p><ul><li>Системийн шалгалтын&nbsp;<a href=\"https://malwaretips.com/blogs/run-a-scan-with-zemana-antimalware/\"><strong>Zemana AntiMalware Free</strong></a><strong> –ээр хийх</strong></li><li><a href=\"https://malwaretips.com/forums/malware-removal-assistance-for-windows.10/\"><strong>Malware Removal Assistance for Windows</strong></a>&nbsp;форумаас тусламж хүсэх.</li></ul>',988),(6,'2021-06-15 07:29:35',1,1,'2021-06-14 23:29:17','2023-11-21 03:36:17','Цахим аюулгүй байдлын хамгийн чухал 13 санамж','czahim-ayuulg-j-bajdlyn-hamgijn-chuhal-13-sanamzh','Мэдээ','<h2 style=\"margin-left:0px;\">1. Файлын хавтас хуваалцахдаа нууц үг хэрэглэх</h2><p>Дотоод сүлжээн дэх компьютерийнхээ аль нэг файлын хавтасыг бусад хэрэглэгчтэй хуваалцах шаардлага байнга гардаг билээ. Энэ тохиолдолд та хэрэглэгчийн нэр, нууц үг үүсгэн хэрэглэвэл таны мэдээлэл сүлжээн дээр хэн ажиллаж байгаагаас үл хамааран хамгаалагдах болно. Мөн Homegroup бол сүлжээнд бусадтай мэдээлэл хуваалцахад хамгийн тохиромтой тохиргоо юм.</p><h2 style=\"margin-left:0px;\">2. Sleep mode-ыг нууц үгтэй болгох</h2><p>Зөөврийн ба ширээний компьютер, таблет дээр Windows –ыг sleep mode-с сэрээхэд нууц үг оруулдаг байх нь зүйтэй. Уг төхөөрөмжөө гээх, алдах, асаалттай орхих үед нууц үг таны мэдээллийн аюлгүй байдлыг хадгалдаг.</p><h2 style=\"margin-left:0px;\">3. Үнэгүй Wi-Fi-д холбогдохдоо VPN хэрэглэх</h2><p>Нийтийн хэрэглээнд зориулсан нээлттэй Wi-Fi хэрэглэх үед хакерууд таны хувийн мэдээллийн хуулж авах тохиолдол гардаг. Харин ийм Wi-Fi руу холбогдоод VPN үйлчилгээ хэрэглэвэл хэрэглэвэл төөхөрөмж рүү орж гарч буй таны мэдээлэл хамгаалагдана.</p><h2 style=\"margin-left:0px;\">4. Танд хэрэггүй програмуудыг устгах</h2><p>Шинэзөөврийн ба ширээний компьютер, таблет худалдан авах үед зарим програмууд урьдчилан суурилагдсан ирдэг. Тэдгээрийг нийлүүлэгчид ингэж суурилуулахын тулд төлбөр төлсөн байдаг боловч ихэнх нь танд онц шаардлагагүй програм байх нь бий. Мөн үнэгүй програм хангамжуудыг бодолтой хэрэглэх нь зүйтэй. Зарим үнэгүй програмууд хөтөч ба бусад програмуудыг суулгах үед зэрэг суулгагддаг. Гэвч тэдгээр нь та компьютерээ хэрхэн хэрэглэж байгааг тагнадаг програмтай байх нь их. Програмын сонголтоо болгоомжтой хийж, суурилуулахдаа түргэн суурилуулалтйн сонголтыг авахгүй байвал чухам юу интернэтээс татаж байгааг хянах боломжтой болох юм. Анзааргагүйгээр “тийм” гэсэн сонголтыг чагталснаар тагнуул програм суурилуулах зөвшөөрөл өгөх боломжтой тул анхааралтай байх хэрэгтэй.</p><h2 style=\"margin-left:0px;\">5. Сэжигтэй файлууд ажиллуулахдаа Security Suite ашиглах</h2><p>Security Suite нь файлуудыг ажиллуулах зориулалттай виртуал машинтай байгаа. Сэжигтэй&nbsp; санагдсан файлуудыг ашиглахдаа түүнийг ашиглах хэрэгтэй. Sandbox мөн адил зорилгоор хэрэглэгддэг. Эдгээр нь сэигтэй файлууд таны системийн тохиргоонд өөрчлөлт хийхээс хамгаална.</p><h2 style=\"margin-left:0px;\">6. Системийн шинэчлэлээ байнга хийх</h2><p>Windows-ын шинэчлэл гарсан тухайд нь татаж суулгах хэрэгтэй. Control Panel дотор шинэчлэл гарсан эсэхийг харж болно.</p><h2 style=\"margin-left:0px;\">7. Сэргээлтийн цэг буюу Restore point үүсгэх</h2><p>Хамгийн сүүлд гарсан системийн шинэчлэлийг суулгасны дараа шууд сэргээлтийн цэг үүсгээрэй. Үүсгэсэн сэргээлтийн цэгээ “Clean Installation” гэж нэрлэ. Ингэсний дараа програм ба драйверууд санаа зоволтгүйгээр нэмж болно. Тэдгээрийг суулгаснаас болж асуудал үүсвэл уг сэргээлтийн цэгээ ашиглан хэвийн байдалд эргэн очих болно.</p><h2 style=\"margin-left:0px;\">8. Үйлдлийн систем рүү стандарт хэрэглэгчийн бүртгэлээр ордог байх</h2><p>Хэрэглэгчийн бүртгэлийн тань төрөл үйлдлийн системд хандах эрхийг тодорхойлдог билээ. Товч хэлэхэд та адиминистратор болон стандарт хэрэглэгчийн бүртгэлтэй байж болно. Стандарт бүртгэл нь файлууд руу чинь бусад хэрэглэгчид шаардлагагүй хандалт хийхээс хамгаалахад илүү тохиромжтой. Администраторын бүртгэлээр та бусад бүртгэлүүдэд, мөн системийн тохиргоонд өөрчлөлт оруулах, шинэ програм татаж суулгах зэрэгт хэрэглэх нь тохиромжтой.</p><h2 style=\"margin-left:0px;\">9. User Account Control-ийг идэвхтэй байлгах</h2><p>Windows үйлдлийн систем суулгасны дараа User Account Control-ыг идэвхтэйгээр үлээдхийг аюулгүй байдлын шинжжэчид зөвлөдөг. User Account Control нь програмууд суулгах болон устгахад зөвшөөрөл хүссэн мэдээлэл дэлгэцэнд гаргадаг.</p><h2 style=\"margin-left:0px;\">10. Техник хангамжийн сайжруулалт хийх</h2><p>Сүүлийн үеийн BIOS, CPU ба эх хавтангуудад хамгаалалт суурилагдсан байдаг болжээ. Эн тэргүүний жишээ нь Trusted platform module (TPM)-тай Hard disk controller байна. Үүний ачаар хортой програм татаж авахаас сэргийлнэ.</p><h2 style=\"margin-left:0px;\">11. Firewall ажиллуулах</h2><p>Windows 7,8 ба 10 хэрэглэгчид Firewall-ын анхдагч тохиргоог хэвээр хэрэглэхэд болно. Мөн өөр Firewall-ууд хэрэглэж болох боловч тэр нь таны үйлдлийн системтэй зөрчилдөхгүй ажилладаг байх ёстойг анхаарна уу.</p><h2 style=\"margin-left:0px;\">12. Action Center хэрэглэх</h2><p>Системийн аюулгүй байдалд нөлөөтэй мэдээлэл харуулдаг болохоор үүнийг идэвхтэй үлдээх хэрэгтэй. Жишээ нь таны өгөгдөл &nbsp;хамгийн сүүлд хэзээ нөөцлөгдсөнийг эндээс харна.</p><h2 style=\"margin-left:0px;\">13. Anti-malware ба anti-spam хэрэглэж, тэдгээрийн шинэчлэлийг нь байнга хийх</h2><p>Trojan зэрэг вирус, хортой програмууд, спам суухаас сэргийлэх зорилготой бөгөөд байнга шинэчлэгдэж сүүлийн үед гарч байгаа халдлагуудаас хамгаалж байдаг.</p>',912),(7,'2021-06-15 07:30:36',1,1,'2021-06-14 23:30:27','2023-11-18 05:57:51','Цахим ном уншигч гэж юу вэ?','czahim-nom-unshigch-gezh-yuu-ve','Мэдээ','<p>Технологи хөгжих тусам бидний хэрэглэдэг зүйлс дижитал хэлбэрт шилжин илүү жижиг, илүү ухаалаг болж эхэлсэн билээ. Үүний тод жишээ нь хэдэн мянган номыг багтаадаг ч ганцхан дэвтэрний хэмжээтэй цахим ном уншигч eReader юм. Цахим ном уншигчийн ухаалаг утас эсвэл компьютероос ялгарах гол шинж нь цэнэгээ хадгалах хугацаа, нүдэнд хор уршиг багатай дэлгэц, хэрэглэхэд хялбар байдал нь юм.</p><p>Мэдээж гар утасны адилаар хүчин чадал, зориулалт нь хэдэн мянган төрөл, загварын цахим ном уншигч бий. Тийм ч учраас цахим ном худалдан авахыг хүсэж байвч яг ямар загварыг нь авахаа төдийлөн сайн мэдэхгүй байх тохиолдол элбэг.</p><p>Цахим ном уншигч худалдан авахдаа юуг анхаарах тухайд товчхон зөвлөгөө хүргэе.</p><ul><li><strong>Дэлгэцийн гэрэл.</strong> Юуны өмнө бүх цахим ном уншигч дэлгэцийн гэрэлтэй байдаггүйг санах хэрэгтэй. Иймд хэрэв та гэрэлгүй орчинд ном уншихыг хүсэж байгаа бол өөр дээрээ гэрэлтэй загварыг худалдаж авбал дээр.</li><li><strong>Үйлдвэрлэгч. </strong>Цахим ном уншигч үйлдвэрлэлээрээ Амазон, Kobo зэрэг компаниуд тэргүүлдэг. Үйлдвэрлэгч компаниас хамаараад тухайн уншигчийн үйлдлийн систем болон ном татаж суулгах арга зам нь өөр, өөр байна. Энгийнээр бол Андройд болон iOS утсанд байдаг шиг системийн ялгаа цахим ном уншигчдад мөн бий.</li><li><strong>Бусад. </strong>Шинээр цахим ном уншигч худалдан авахаасаа өмнө дээр дурдагдсан хоёроос гадна цэнэгээ барих хугацаа, ус болон тоосны хамгаалалт зэргийг нягтлаарай.</li></ul>',727),(8,'2021-06-15 07:32:30',1,1,'2021-06-14 23:31:42','2023-11-22 00:55:49','Агаар цэвэршүүлэгч сонгохдоо юуг анхаарах вэ?','agaar-czeversh-legch-songohdoo-yuug-anhaarah-ve','Мэдээ','<p>Хүний нүд 0,10 микроноос жижиг хэмжээтэй тоосонцрыг хардаггүй. Харин агаарт буй өвчин үүсгэгчид 0,03 микроноос ч бага хэмжээтэй байдаг. Тэдгээрийг шүүх нь төхөөрөмжийн үүрэг. Гэхдээ бидэнд харагддаггүй учир төхөөрөмж юу хийж чадах талаар заасан тоон үзүүлэлтүүдийг бид тайлж уншиж чаддаг байх хэрэгтэй.</p><p>Агаар цэвэршүүлэгч худалдан авахад 4 төрлийн түгээмэл үзүүлэлт байдаг. Үүнд:</p><ol><li>PM 2.5 нарийн тоосонцрыг шүүх хувь</li><li>Нян, бактери устгах хувь</li><li>Цэвэршүүлэх талбайн хэмжээ</li><li>Cadr буюу агаар сэлгэх хэмжээ</li></ol><p>Эхний 2 үзүүлэлтэд ихэнх худалдан авагчид анхаардаг ч &nbsp;үнэндээ хамгийн гол үзүүлэлт нь цэвэршүүлэх талбайн хэмжээ болон агаар сэлгэх хэмжээ юм. Учир нь эдгээр үзүүлэлтээс шалтгаалан агаар цэвэршүүлэгчийн ашиглалт харилцан адилгүй байдаг. Энэ хоёр үзүүлэлтийг дэлгэрэнгүй тайлбарлавал:</p><p><strong>Цэвэршүүлэх талбайн хэмжээ</strong></p><p>Энэ нь “тухайн агаар цэвэршүүлэгч хэр их талбайг хамран цэвэрлэх хүчин чадалтай вэ?” гэдгийг харуулдаг үзүүлэлт юм. Та гэрийнхээ хаана байрлуулахаас шалтгаалж өөрт тохирох үзүүлэлттэй төхөөрөмжийг сонгох хэрэгтэй юм.</p><ul><li>Том цэлгэр талбай</li><li>Дамждаг өрөө</li><li>2 давхар буюу Пентхаус</li><li>Салангид өрөөтэй байр</li><li>Эсвэл зөвхөн нэг өрөөнд байрлуулахыг хүсч байж болно. Энэ бүгдээс шалтгаалаад өөр өөр үзүүлэлттэй төхөөрөмж байрлуулах нь зүйтэй юм.</li></ul><p>Манай улсад худалдаалагдаж буй агаар цэвэршүүлэгч төхөөрөмжүүд ихэвчлэн 25-70 м2 талбайн агаарыг шүүх чадалтай байдаг. Тиймээс төхөөрөмжийг сонгохдоо талбайн хэмжээнээсээ хэтрүүлэх болон багасгахгүй байх нь чухал. Учир нь ихдүүлсэн тохиолдолд цахилгааны болон ашиглалтын зардал нэмэгдэх ба багассан үед бүтээгдэхүүнээс хүссэн үр дүнгээ авч чадахгүйд хүрнэ.</p><p>Хэмжээг тогтоох талаар ямар нэг төвөгтэй зүйл байхгүй гэж хэлж болно. Та зөвхөн байрныхаа нийт талбайн хэмжээг мэддэг байхад л хангалттай. Үнэн хэрэгтээ бүх үйлдвэрлэгчид агаар цэвэршүүлэгчийн тодорхойлолтод хамрах хүрээг “ойролцоогоор” тооцоолон тавьдаг. Тиймээс агаар цэвэршүүлэгчийг сонгохдоо байрныхаа талбайн хэмжээтэй ойролцоо аль эсвэл бага зэрэг илүү хэмжээтэйг сонгох хэрэгтэй.</p><p><strong>Агаар сэлгэх хэмжээ</strong></p><p>CADR (Cleaning air Delivery rate) буюу АГААР СЭЛГЭХ ХЭМЖЭЭ нь хэдий хэмжээтэй талбайн агаарыг цэвэршүүлэх чадамжтайг харуулах стандарт үзүүлэлт юм.</p><p>Энэхүү стандартыг “Дэлхийн гэр ахуйн цахилгаан бараа үйлдвэрлэгчдийн холбоо”-ноос тогтоосон байдаг ба үүнд цэвэрлэх тоос, тоосонцрыг:</p><ul><li>утаа /0.09-1.0 микрон/</li><li>тоос тоосонцор /0.5-3 микрон/</li><li>нарийн тоосонцор /5-11 микрон/ гэж 3 ангилдаг.</li></ul><p>Дунджаар 11 м2 тутамд 2/3 буюу 80%-с ихгүй хэмжээг утаанаас хамгаалах CADR үзүүлэлт эзлэх ёстой гэж үздэг.</p><p>Жишээ нь агаар цэвэршүүлэгчийн CADR үзүүлэлт = 350м3/ц байвал</p><p>Цэвэршүүлэх тохиромжтой бага талбай = 350*0.07 =24,5м2</p><p>Цэвэршүүлэх тохиромжтой дээд талбай = 350*0.12=42м2</p><p>Энэ нь 24,5-42м2 талбайд энэхүү агаар цэвэршүүлэгчийг тохиромжтой гэж үзнэ.</p><p>Гэхдээ бага CADR үзүүлэлттэй гэхээрээ үр дүн муутай гэж үзэхээс илүү агаарын урсгалыг арай их хугацаа зарцуулан сэлгэнэ гэж ойлгож болно.</p>',754),(9,'2022-02-17 08:44:14',1,1,'2022-02-17 08:44:08','2023-11-21 03:15:10','Anydesk програмыг суулгах заавар','anydesk-programyg-suulgah-zaavar','Заавар','<ol><li><strong>ANYDESK.COM</strong> &nbsp;гэж ороод <strong>DOWNLOAD </strong>товчийг дараад уг программаа татна.</li></ol><figure class=\"image image_resized\" style=\"width:75%;\"><img src=\"https://infosystems.mn/api/uploads/Screenshot_2_32042fb5a9.png\" alt=\"\"></figure><p>&nbsp;</p><p>&nbsp; &nbsp; &nbsp; &nbsp; &nbsp;2. &nbsp;</p><figure class=\"image image_resized\" style=\"width:50%;\"><img src=\"https://infosystems.mn/api/uploads/Screenshot_5_c2cdd915a6_b22ad0a57b.png\" alt=\"\"></figure><p>&nbsp;</p><p>&nbsp; &nbsp; &nbsp; &nbsp; 3. &nbsp;<strong>Anydesk</strong>- &nbsp;рүүгээ 2 дарж ороод <strong>Your address</strong>-г хэлсэнээр таныг компьютер дээр <strong>ACCEPT</strong> буюу зөвшөөрөх товч гарч ирнэ. Уг дээр дарсанаар таныг компьютер-руу нэвтрэх боломжтой &nbsp; &nbsp; &nbsp; болно.</p><figure class=\"image image_resized\" style=\"width:50%;\"><img src=\"https://infosystems.mn/api/uploads/Screenshot_4_64b3ef9157.png\" alt=\"\"></figure><p>&nbsp;</p>',616),(10,'2022-02-18 01:29:41',1,1,'2022-02-18 01:29:37','2023-11-20 03:24:37','TeamViewer програмыг ашиглах заавар','team-viewer-programyg-ashiglah-zaavar','Заавар','<ol><li><span style=\"background-color:rgb(255,255,255);color:rgb(45,55,72);\"><strong>&nbsp;Доорх линкээр хандаж аппликейшнийг татна:</strong></span></li></ol><p><span style=\"background-color:rgb(255,255,255);color:rgb(45,55,72);\">&nbsp; &nbsp; &nbsp; &nbsp; &nbsp; &nbsp;&nbsp;</span><a href=\"https://www.teamviewer.com/en/download/windows\"><span style=\"background-color:rgb(255,255,255);color:rgb(45,55,72);\">https://www.teamviewer.com/en/download/windows</span></a></p><p><span style=\"background-color:rgb(255,255,255);color:rgb(45,55,72);\">&nbsp; &nbsp; &nbsp; &nbsp; 2. &nbsp;<strong>Доорх зааврын дагуу аппликейшнийг суулгана:</strong></span></p><figure class=\"image image_resized image-style-align-center\" style=\"width:75%;\"><img src=\"https://infosystems.mn/api/uploads/2_18f952555b.png\" alt=\"\"></figure><p>&nbsp;</p><p><span style=\"background-color:rgb(255,255,255);color:rgb(45,55,72);\"><strong>3. &nbsp;Аппликейшн суугдаж цонх нээгдэнэ</strong></span></p><p>&nbsp;</p><figure class=\"image image_resized image-style-align-center\" style=\"width:75%;\"><img src=\"https://infosystems.mn/api/uploads/3_a5e4ea8e9a.png\" alt=\"\"></figure><p>&nbsp;</p><p><span style=\"background-color:rgb(255,255,255);color:rgb(45,55,72);\">Та Infosystems ХХК-ны инженерээс үйлчилгээ авахдаа</span></p><ul><li><strong>YOUR ID</strong></li><li><strong>PASSWORD</strong> хэсэгт байрлах айди болон нууц үгийг өгнө үү.</li></ul><p><span style=\"background-color:rgb(255,255,255);color:rgb(45,55,72);\">Мөн инженер үйлчилгээ үзүүлж байх үед давхар оролдлого хийхгүй, компьютероо унтраахгүй байхыг анхаарна уу.</span></p>',354);
/*!40000 ALTER TABLE `posts` ENABLE KEYS */;
UNLOCK TABLES;

--
-- Table structure for table `product_feedbacks`
--

DROP TABLE IF EXISTS `product_feedbacks`;
/*!40101 SET @saved_cs_client     = @@character_set_client */;
/*!40101 SET character_set_client = utf8 */;
CREATE TABLE `product_feedbacks` (
  `id` int(10) unsigned NOT NULL AUTO_INCREMENT,
  `name` varchar(255) DEFAULT NULL,
  `content` longtext,
  `published_at` datetime DEFAULT NULL,
  `created_by` int(11) DEFAULT NULL,
  `updated_by` int(11) DEFAULT NULL,
  `created_at` timestamp NULL DEFAULT CURRENT_TIMESTAMP,
  `updated_at` timestamp NULL DEFAULT CURRENT_TIMESTAMP,
  `product` int(11) DEFAULT NULL,
  `user` int(11) DEFAULT NULL,
  `seen` tinyint(1) DEFAULT NULL,
  `admin_confirmed` tinyint(1) DEFAULT NULL,
  `resolved` tinyint(1) DEFAULT NULL,
  PRIMARY KEY (`id`)
) ENGINE=InnoDB AUTO_INCREMENT=22 DEFAULT CHARSET=utf8;
/*!40101 SET character_set_client = @saved_cs_client */;

--
-- Dumping data for table `product_feedbacks`
--

LOCK TABLES `product_feedbacks` WRITE;
/*!40000 ALTER TABLE `product_feedbacks` DISABLE KEYS */;
INSERT INTO `product_feedbacks` VALUES (15,'test','<p>test</p>','2021-07-09 07:27:20',NULL,NULL,'2021-07-09 07:27:20','2022-07-27 07:34:24',1,6,1,1,0),(16,'Энд асуудал байна','<p>test</p>','2021-09-08 01:34:24',NULL,NULL,'2021-09-08 01:34:24','2021-09-08 02:34:21',6,6,1,0,0),(18,'123','<p>test</p>','2021-12-09 02:38:56',NULL,NULL,'2021-12-09 02:38:56','2022-07-27 07:34:24',1,43,1,1,0),(19,'Шинэ ажилтан','<p>&nbsp; &nbsp; &nbsp;Сайн байна уу?</p><p>&nbsp; &nbsp;Эверестфарм ХХК-д шинээр орсон ажилтан Э.Анхбаяр байгаамаа манай дээр ашигладаг санхүүгийн програмын гарын авлага болон програмтай холбоотой бүртгэл хийх зөвлөмж өгч тусална уу. Тайлан гаргасан нягтлан бодогч маань өртөг үнэ тооцоологдоогүй байна гэсэн гомдол гаргаад байгаа тул алдааг илрүүлж холбогдох заавар зөвлөмжийг кассын ажилтанд өгч хамтарч ажиллана гэдэгт итгэлтэй байна.</p><p>Холбогдох мэдээллийг <a href=\"mailto:e.ankhbayar2@gmail.com\">e.ankhbayar2@gmail.com</a> эсвэл 99258820 болон линкээр хүргүүлж өгнө үү&nbsp;</p><p>&nbsp;</p>','2022-02-17 08:01:09',NULL,NULL,'2022-02-17 08:01:09','2022-02-17 08:16:38',5,46,1,1,0),(20,'gariin avlaga','<p>gariin avlaga avah gsn yuma e mail haygaar ilgeegeed ugch tuslana uu?</p>','2022-02-17 08:44:35',NULL,NULL,'2022-02-17 08:44:35','2022-09-09 23:42:33',1,51,1,1,0),(21,'Яаралтай шийдвэрлэх','<p>&nbsp; &nbsp; &nbsp;Сайн байна уу?</p><p>&nbsp; &nbsp;Эверестфарм ХХК нь 2019.01.01 ны өдөр 36/19 дугаартай гэрээний дагуу 2022.01.01 хүртэл нэг хэрэглэгч улирлын 44,000 төгрөгийн хураамжтай гэрээ байгуулсан. Тус гэрээнд 3 жилийн хугацаатай бөгөөд гэрээний нөхцөлд жилээр төлвөл 10 хувь, хагас жилээр төлвөл 5 хувийн хөнгөлөлттэй &nbsp;гэж заасан байна. Манай байгууллага нь танай байгууллагатай 2010 оноос хойш тасралтгүй 12 жил хамтран ажилласан байна.&nbsp;</p><p>2022.01.10 нд &nbsp; 2 улирлын /44000*2/ төлбөр болох 176.000 төгрөгийг төлсөн. Гэтэл эхний улирал л дуусч байхад дахин төлбөрийн нэхэмжлэл ирсэн.&nbsp;</p><p>Мөн хагас жилээр төлбөр хийсэн бөгөөд гэрээнд заасан 4.2 -ийн дагуу 5%-ийн хөнгөлөлтөө үзүүлээгүй байна. 2022.04.04 -ний өдөр систем хаагдана гэсэн мэдэгдэл ирсэн.&nbsp;</p><p>Иймд бид өмнө хийсэн гэрээгээ сунган ажиллах хүсэлтэй байгаа тул та бүхэн энэ асуудлыг яаралтай шийдэж өгнө үү.</p><p><i>/Хавсралтанд төлбөрийн баримт, хугацаа дуусссан мэдэгдэл, гэрээг хавсаргав./</i></p><figure class=\"image\"><img src=\"https://infosystems.mn/api/uploads/received_898048611170363_5c5e13b002.jpeg\" alt=\"infosystem\"></figure><figure class=\"image\"><img src=\"https://infosystems.mn/api/uploads/received_898048611170363_05334cbb50.jpeg\" alt=\"infosystem\"></figure>','2022-04-03 05:10:17',NULL,NULL,'2022-04-03 05:10:17','2022-07-28 03:18:08',5,46,1,1,0);
/*!40000 ALTER TABLE `product_feedbacks` ENABLE KEYS */;
UNLOCK TABLES;

--
-- Table structure for table `products`
--

DROP TABLE IF EXISTS `products`;
/*!40101 SET @saved_cs_client     = @@character_set_client */;
/*!40101 SET character_set_client = utf8 */;
CREATE TABLE `products` (
  `id` int(10) unsigned NOT NULL AUTO_INCREMENT,
  `title` varchar(255) DEFAULT NULL,
  `slug` varchar(255) DEFAULT NULL,
  `description` longtext,
  `count` bigint(20) DEFAULT NULL,
  `published_at` datetime DEFAULT NULL,
  `created_by` int(11) DEFAULT NULL,
  `updated_by` int(11) DEFAULT NULL,
  `created_at` timestamp NULL DEFAULT CURRENT_TIMESTAMP,
  `updated_at` timestamp NULL DEFAULT CURRENT_TIMESTAMP,
  `catigory` varchar(255) DEFAULT NULL,
  `user` int(11) DEFAULT NULL,
  PRIMARY KEY (`id`)
) ENGINE=InnoDB AUTO_INCREMENT=10 DEFAULT CHARSET=utf8;
/*!40101 SET character_set_client = @saved_cs_client */;

--
-- Dumping data for table `products`
--

LOCK TABLES `products` WRITE;
/*!40000 ALTER TABLE `products` DISABLE KEYS */;
INSERT INTO `products` VALUES (1,'MACS санхүүгийн бүртгэлийн иж бүрэн програм','macs','<p style=\"margin-left:auto;\"><span style=\"color:rgb(128,0,0);\"><strong>“MACS” санхүүгийн програм:</strong></span> Сангийн Яамны нягтлан бодох бүртгэлийн газраас 2жил тутамд шинэчлэн олгодог тусгай зөвшөөрлийг 1998 оноос хойш авсаар ирсэн бөгөөд үүнээс хойш зах зээлийн болон эрх зүйн орчны өөрчлөлт, харилцагчдынхаа хэрэгцээ шаардлагыг тусган, мэдээллийн технологийн сүүлийн үеийн ололт амжилтыг ашиглан байнгын сайжруулалт хийгдэж, шинэчлэгдэн боловсронгуй болсоор байна. “MACS” програмыг санхүүгийн бүртгэлийн үйл ажиллагаандаа нэвтрүүлснээр цаг хугацаа, мөнгөө хэмнэхээс гадна удирдлагын шийдвэр гаргахад шаадлагатай мэдээллүүдээр шуурхай хангагдаж, танай байгууллагын өрсөлдөх чадвар, ашигт ажиллагааны түвшин нэмэгдэх боломжтой</p><p style=\"margin-left:auto;\">&nbsp;</p><blockquote><h4 style=\"margin-left:auto;text-align:center;\">“MACS” санхүүгийн програмын гол онцлог, давуу талууд</h4></blockquote><p style=\"margin-left:auto;\">&nbsp;</p><p style=\"margin-left:auto;\"><span style=\"color:rgb(128,0,0);\"><strong>Найдвартай ажиллагаа</strong></span>: “MACS” програм хийгдсэн технологи нь цахилгааны доголдлоос болж үүсдэг индекс файлын гэмтэл, мэдээлэл алдагдах гэх мэт зарим нийтлэг тохиолддог бэрхшээлүүдээс таныг бүрэн хамгаална. Өгөгдлийн сангийн оновчтой зохион байгуулалт, боловсруулалтын өндөр хурд зэрэг онцлогтой.</p><p style=\"margin-left:auto;\"><span style=\"color:rgb(128,0,0);\"><strong>Хэрэглэгчийн түвшин:</strong></span> Санхүүгийн мэдээлэлд хандах хэрэглэгчдийн эрхийг цэс бүрээр нарийн заагтайгаар тодорхойлон өгч болно.Мөн тухайн байгуулага олон салбартай бол хэрэглэгчдийг салбараар нь хязгаарлаж болно. Нэг ижил түвшний хэрэглэгчид өөр өөрийн хариуцдаг бараа материалын данстай байхаар тохируулж өгч болох ба бие биенийхээ мэдээлэлд хандах боломжгүй байхаар зохион байгуулна. Ингэснээр хэрэглэгч бүрт тохирсон мэдээллийн нууцлалыг өндөр түвшинд хангах ач холбогдолтой. Гүйлгээ хийсэн хэрэглэгчийн мэдээлэл автоматаар хадгалагддаг учир хэрэглэгчийн ажиллагааны хариуцлага, сахилга батыг хянах бололцоог олгоно.</p><p style=\"margin-left:auto;\"><span style=\"color:rgb(128,0,0);\"><strong>Хяналт:</strong></span> Байгууллагын дарга, захирал, эрх бүхий ажилтнууд санхүүгийн байдлын талаарх мэдээллийг өөрсдөө цаг тухай бүрт нь Realtime хянаж, шалгах боломжтой юм.</p><p style=\"margin-left:auto;\"><span style=\"color:rgb(128,0,0);\"><strong>Кассын програм:</strong> </span>POS програм нь Macs санхүүгийн програмтай холбогдож ажиллаж болох ба дангаараа ажиллах боломжтой. Дэлгүүр болон үйлчилгээний байгууллагууд ашиглах ба online орчинд ажиллана. Кассаар хийсэн бичилт Macs санхүүгийн програм руу борлуулалтын падаан болж орно</p><p style=\"margin-left:auto;\"><span style=\"color:rgb(128,0,0);\"><strong>Мөнгөн хөрөнгийн бүртгэл:</strong></span> Уг модуль нь байгууллагын бэлэн болон бэлэн бус мөнгөний урсгалыг хянах боломжийг олгож холбогдох мэдээллээр хангана</p><ul><li>Касс харилцахын баримтыг Ерөнхий журналын гүйлгээнд холбосон.</li><li>Баримтын дугаарлалтыг хэрэглэгчийн хүссэн тохиргоогоор дугаарлаж эмх цэгцтэй байлгана.</li><li>Excel-ээс касс харилцахын орлого, зарлагын баримт болон банкны хуулгыг импортлон оруулна.</li><li>Хэрэглэгчийн эрхийн тохиргоог нярав тус бүр дээр өөр өөрөөр зааж өгөх боломжтой.</li><li>Ханш бүртгэж, ханшийн өөрчлөлт хийн ханш тэгшитгэнэ.</li><li>Төгрөгийн болон валютын дансны хувьд баримтын цонхонд ханш, валютын дүн, төгрөгийн дүн зэрэг нь зэрэгцэж харагдана.</li><li>Нийт 7 тайлан</li></ul><p style=\"margin-left:auto;\"><span style=\"color:rgb(128,0,0);\"><strong>Бараа материалын бүртгэл</strong></span> нь барааг худалдан авч бүргэлт хийхээс эхлэн хадгалж борлуулах хүртлэх бүхий л бүртгэлийг хийж бараа тус бүрийн өртөг, зардал ашгийг тооцоолон харуулах зорилготой.</p><ul><li>Барааны эхний үлдэгдэл, орлого, зарлагын мэдээллүүдийг Excel-ээс татаж авах болон</li><li>Excel рүү хөрвүүлэнгаргах боломжтой.</li><li>Баркодын бүртгэлтэй. Нэг бараан дээр олон баркод бүртгэж болох ба үйлдвэрээс ирсэн баркодыг бусдаас нь ялгах боломжтой. Баркод нь тоо болон тоо үсэг холилдсон аль ч форматыг дэмжинэ.</li><li>Тооллогын илүүдэл дутагдлыг өртгөөр болон үнээр бүртгэх боломжтой.</li><li>Бараа материалын татан авалтын бүртгэл хөтөлж гарсан зардлуудыг автоматаар барааны өртөгт шингээнэ.</li><li>Үндсэн орлого, зарлагын бүртгэлээс гадна барааны борлуулалтын болон худалдан авалтын буцаалт, актлалт, тооллого, хөдөлгөөнийг бүртгэнэ.</li><li>Нийт 16 тайлан</li></ul><p style=\"margin-left:auto;\"><span style=\"color:rgb(128,0,0);\"><strong>Авлага, өглөг бүртгэл</strong></span> нь бэлтгэн нийлүүлэгч, салбар нэгж хооронд, ажилтан болон бусад харилцагчтай үүссэн тооцоог нарийн бүртгэнэ</p><ul><li>Харилцагчтай холбоотой баримт бүхий ажил гүйлгээг тухай бүр хөтөлж дэлгэрэнгүй тайланг гаргаж, харилцагчтай тооцоо нийлэх боломжтой.</li><li>Насжилтын бүртгэл хөтлөх ба насжилтын тайлан гарна.</li><li>Нийт 8 тайлан</li></ul><p>&nbsp;</p>',4557,'2021-06-16 08:56:05',1,1,'2021-06-16 00:55:29','2023-11-22 02:16:22','Бүтээгдэхүүн',29),(2,'PACS төслийн санхүүгийн программ','pacs','<p style=\"margin-left:auto;\"><span style=\"color:rgb(128,0,0);\"><strong>“PACS”</strong></span> санхүүгийн програмын анхны хувилбарыг 2006 онд боловсруулж гаргасан бөгөөд үүнээс хойш зах зээлийн болон эрх зүйн орчны өөрчлөлт, харилцагчдынхаа хэрэгцээ шаардлагыг тусган, мэдээллийн технологийн сүүлийн үеийн ололт амжилтыг ашиглан байнгын сайжруулалт хийгдэж шинэчлэгдэн өөрчлөгдсөөр байна. “PACS” програмыг санхүүгийн бүртгэлийн үйл ажиллагаандаа нэвтрүүлснээр цаг хугацаа, мөнгөө хэмнэхээс гадна удирдлагын шийдвэр гаргахад шаардлагатай мэдээллүүдээр шуурхай хангагдах боломжтой.<br>Энэ програмыг нь Embarcadero RAD Studio XE2 багаж ашиглаж боловсруулсан бөгөөд Interbase , MS SQL, PortgreSQL, MySQL зэрэг аль ч мэдээллийн сантай холбогдож ажиллах өргөн боломж бүхий Client/Server програм юм. Нэг ба олон хэрэглэгчийн аль ч горимд зохицон ажиллах чадвартай, Windows-ийн бүх хувилбар болон LINUX орчинд зориулан хийгдсэн програм хангамж юм.</p><p style=\"margin-left:auto;\"><span style=\"color:rgb(128,0,0);\"><strong>PACS санхүүгийн програмын гол онцлог, давуу талууд нь:</strong></span></p><p style=\"margin-left:auto;\">&nbsp;</p><p style=\"margin-left:auto;\"><span style=\"color:rgb(128,0,0);\"><strong>Уян хатан:&nbsp; </strong></span><span style=\"color:hsl(0,0%,0%);\">Байгууллага бүр өөрийн гэсэн дансны төлөвлөгөө, дотоод зохион байгуулалт, санхүүгийн болон бусад тайлангууд, бусад онцлогуудтай байдаг. Хэрэглэгч “PACS” програмыг өөрийн байгууллагын онцлог, хэрэгцээ шаардлагадаа тохируулан хялбархан өөрчилж болдог бөгөөд энэ ажлыг 1-2 долоо хоногийн дотор л хийж дуусгах боломжтой.</span></p><p style=\"margin-left:auto;\"><span style=\"background-color:rgb(255,255,255);color:rgb(128,0,0);\"><strong>Найдвартай ажиллагаа:</strong>&nbsp;</span><span style=\"background-color:rgb(255,255,255);color:rgb(34,34,34);\"> </span><span style=\"background-color:rgb(255,255,255);color:rgb(0,0,0);font-family:Verdana, Geneva, sans-serif;\">“PACS” программ нь клиент-сервер, SQL технологи ашиглаж хийгдсэн учраас цахилгааны доголдлоос болж үүс</span><span style=\"background-color:rgb(255,255,255);color:hsl(0,0%,0%);font-family:Verdana, Geneva, sans-serif;\">дэг индекс файлын гэмтэл, мэдээлэл алдагдах гэх мэт зарим програмд нийтлэг тохиолддог бэрхшээлүүдээс таныг бүрэн ангижруулна гэдэгт та бүү эргэлз. Түүнчлэн мэдээллийн нууцлал, мэдээлэл боловсруулах давуу ч</span><span style=\"background-color:rgb(255,255,255);color:rgb(0,0,0);font-family:Verdana, Geneva, sans-serif;\">анаруудаараа бусад технологиудаас онцлог юм.</span></p><p style=\"margin-left:auto;\"><span style=\"background-color:rgb(255,255,255);color:rgb(128,0,0);\"><strong>Мэдээллийн боловсруулах хурд:</strong></span><span style=\"background-color:rgb(255,255,255);color:rgb(34,34,34);\"> </span><span style=\"background-color:rgb(255,255,255);color:rgb(0,0,0);font-family:Verdana, Geneva, sans-serif;\">Мэдээллийг боловсруулах хурдыг бодитойгоор мэдэрнэ. Жишээ нь 1,000,000 гүйлгээтэй байгууллагын 1 жил, 3 улирал, 10 хоног гэх мэт хүссэн хугацааны ямар ч төрлийн тайланг ердөө л 1-10-хан секундын дотор гаргана. Үүнээс гадна өмнөх тайлангийн үеийн ямар ч мэдээллийг хугацаа сонгон харах боломжтой.</span></p><p style=\"margin-left:auto;\"><span style=\"background-color:rgb(255,255,255);color:rgb(128,0,0);\"><strong>Сурахад хялбар: </strong></span><span style=\"background-color:rgb(255,255,255);color:rgb(0,0,0);font-family:Verdana, Geneva, sans-serif;\">Уг програм нь хэрэглэгчийн түвшинд хийгдсэн учраас танаас компьютерийн нарийн мэдлэг шаардахгүй. Програмын цонхнууд нь хамгийн энгийн байдаг боловч хэрэгцээт бүх мэдээллийг хэрэглэгчид өгч чаддагаараа онцлогтой. Програмын сургалтыг үе шаттайгаар явуулах бөгөөд богино хугацаанд хэрэглэгч маань бие дааж программтай ажиллах бүрэн чадвартай болох юм.</span></p><p style=\"margin-left:auto;\"><span style=\"background-color:rgb(255,255,255);color:rgb(128,0,0);\"><strong>Тайлан:</strong></span><span style=\"background-color:rgb(255,255,255);color:rgb(34,34,34);\"> &nbsp;</span><span style=\"background-color:rgb(255,255,255);color:rgb(0,0,0);font-family:Verdana, Geneva, sans-serif;\">PACS програм нь Дэлхийн банкны төслийн нэгжүүд ашигладаг тайлангийн маягтын дагуу хийгдсэн болно</span></p><p style=\"margin-left:auto;\">&nbsp;</p>',819,'2021-06-16 09:00:41',1,1,'2021-06-16 01:00:37','2023-11-21 03:18:51','Бүтээгдэхүүн',6),(3,'Хүний нөөцийн удирдлага төлөвлөлтийн цогц систем','macs-human-capital','<p style=\"text-align:justify;\"><span style=\"color:rgb(128,0,0);\"><strong>Хүний нөөцийн удирдлага, төлөвлөлтийн систем</strong></span> нь Байгууллагын боловсон хүчний дэлгэрэнгүй бүртгэл хөтлөх, хэрэгцээт тайлан мэдээллээ хүссэн үзүүлэлтээр, тайлагнах, бүлэглэх, ажилтнуудын талаарх хайлт хийх, судалгаа гаргах, мэдээлэл цуглуулах, боловсруулалт хийх зэргээр хүний нөөцийн мэргэжилтний хувьд өдөр тутмын үйл ажиллагаагаа автоматжуулан, удирдлагад стратеги төлөвлөлтийн зөв шийдвэр гаргахад туслах зорилготой. Харилцагчдынхаа хэрэгцээ шаардлагыг тусган, сүүлийн үеийн технологи ашиглан сайжруулалт хийгдэж шинэчлэгдсээр байна.</p><p style=\"text-align:justify;\"><span style=\"color:rgb(128,0,0);\"><strong>Онцлог, давуу талууд</strong></span>: Уг системийг байгууллагын үйл ажиллагаандаа нэвтрүүлж цогц хэрэгжүүлснээр удирдлагын зардлыг бууруулах, ажилтан бүрийн бүтээмжийг сайжруулах, илүүдэл орон тоог багасгах, хяналтыг сайжруулах, зохион байгуулалтыг оновчтой болгох зэрэг олон давуу тал боломжийг бий болгох систем юм. Хүний нөөцийн програмын хэрэглэгч нь хүний нөөцийн менежерүүд болон удирдах албан тушаалтнууд байна.</p><p style=\"text-align:justify;\"><span style=\"color:rgb(128,0,0);\"><strong>Тайлан:&nbsp;</strong></span>Тайлангууд нь Excel-ийн шүүлттэй адил хэлбэрийн хялбар, ойлгомжтой төдийгүй хүчирхэг шүүлтийн системтэй учраас хүссэн мэдээллээ төвөггүй олоход таны цагийг хэмнэж, үнэнч туслагч байх болно. Програмаас хэвлэгдсэн тайлангуудыг дурын байдлаар өөрчилж, өргөн хэрэглэгддэг Excel, Word, PDF, Text гэх мэт форматтай файл болгож гаргана.</p><p style=\"text-align:justify;\"><span style=\"color:rgb(128,0,0);\"><strong>Хэрэглэгчийн хүсэл сонирхолд нийцнэ:</strong></span><br>Бид хэрэглэгчдийнхээ онцлогт бүрэн нийцсэн нэмэлт сайжруулалтыг чанарын өндөр түвшинд, түргэн шуурхай хийж гүйцэтгэнэ. Манай компанийн програм хангамжууд нь хоорондоо уялдан ажилладаг нь бидний нэг давуу тал болдог.</p><p><span style=\"color:rgb(128,0,0);\"><strong>Системээс гарах тайлангууд:</strong></span></p><ul><li>Дэлгэрэнгүй хайлт, статистик</li><li>Анкетны маягт</li><li>Ажилчдын жагсаалт</li><li>Хувийн хэргийн бүрдүүлэлтийн мэдээлэл</li><li>Хүүхдийн судалгаа</li><li>Хөдөлгөөний судалгаа</li><li>Хүүхдүүдэд бэлэг олгосон тайлан</li><li>Хүний нөөцийн тушаалууд</li><li>Буцалтгүй тусламж</li><li>Өрхийн баталгаажих түвшин</li><li>Шагнал урамшуулал</li><li>Сургалтанд хамрагдсан байдал</li><li>Сахилгын шийтгэл</li><li>Эрүүл мэндийн үзлэг</li><li>Холбоо барих</li><li>Инженер техникийн ажилчдын судалгаа</li><li>Гутал, хувцасны хэмжээний судалгаа</li><li>Ажилчдын насны судалгаа</li><li>Чөлөөлөгдсөн ажилчдын судалгаа</li><li>Үйлдвэр хурц хордлогын тайлан</li><li>Үйлдвэрчний эвлэлийн тайлан</li><li>Цалин хүснэгт ба түүвэр</li><li>Төрсөн өдрийн судалгаа гаргаснаар тухайн ажилтан руу төрсөн өдрийн мэндчилгээ и-мэйл явуулах гэх мэт…</li></ul>',960,'2021-06-16 09:02:01',1,1,'2021-06-16 01:01:41','2023-11-22 02:25:49','Бүтээгдэхүүн',NULL),(4,'Авто засварын газрын бүртгэл, удирдлагын систем','carservice','<figure class=\"image image_resized image-style-align-left\" style=\"width:37.9%;\"><img src=\"/uploads/car2_300x231_66b715e925.png\" alt=\"\"></figure><p>&nbsp;</p><ul><li>Автомашины үйлдвэрлэгч, ангилал, марк бүртгэх</li><li>Ажил үйлчилгээний үнийн цэс</li><li>Агрерат засварын бүртгэл</li><li>Кузов засварын бүртгэл</li><li>Нарядын тайлан</li><li>Норм хугацаа болон сэлбэг, үйлчилгээний тайлан</li><li>Гүйлгээ журнал, тайлан товчоо</li><li>Агрегат болон кузов засварын нэгдсэн тайлан</li><li>Захиалгат ажлын дэлгэрэнгүй тайлан</li></ul><p>&nbsp;</p><p><br><span style=\"color:rgb(128,0,0);\"><strong>Car service системийн онцлог:</strong></span></p><ul><li>Засварчны хийсэн ажлын үр дүнг тооцон гаргаж, хийсэн ажлын нарядаас цалин, урамшуулал тооцоолно.</li><li>Засварт зарцуулагдсан сэлбэг, материал, ажлын тооцоо нь бараа материалын нэгдсэн бүртгэлтэй уялдаж хийгдэнэ.</li><li>Үйлчлүүлэгчийн бүртгэл архивлагдан, мэдээллийн бааз үүснэ.</li><li>Үйлчлүүлэгчдийн мэдээллийн бааз үүссэнээр тухайн автомашины засвар, үйлчилгээ дахин хийх хугацааны талаарх сануулах мессеж явуулах боломжтой.</li><li>Автомашин хүлээлцэх актаар бүрэн бүтэн байдлыг баталгаажуулна.</li></ul><p><span style=\"color:rgb(128,0,0);\"><strong>Сэлбэг хайлтын модуль буюу Teller module:</strong></span><br>&nbsp;</p><p>Энэ модуль нь Macs болон Car service системээс бэлэн ба захиалах сэлбэг хайлт хийж тухайн барааны үлдэгдэл, загвар, зураг зэрэг бүх мэдээллийг харуулна. Мөн стандартын дагуу орлуулж болох хувилбарт сэлбэгийн жагсаалтыг хамт гаргаж ирнэ. Сэлбэг эд ангийн эрэлт хэрэгцээний судалгаа гаргадаг.</p><p><span style=\"color:rgb(128,0,0);\"><strong>Та уг системийг хэрэглэснээр ямар үр дүнг харах вэ?</strong></span></p><ul><li>Цехийн орлогын тайлан гаргаж, ажил үйлчилгээний урсгалыг хянах, төрөл бүрийн статистик судалгаа гаргаж үйл ажиллагаандаа дүн шинжилгээ хийх, удирдлагыг сайжруулах, зөв төлөвлөх боломж олгоно.</li><li>Үйлчлүүлэгчид норм хугацаа болон сэлбэг үйлчилгээний мессеж илгээснээр үйлчлүүлэгчийг өөртөө татан маркетингийг сайжруулна.</li><li>Ажилчдыг үнэн зөв дүгнэж, шагнал урамшуулал олгох</li><li>Ажлыг хурдан шуурхай хийх ба удирдлагын шийдвэр гаргахад чухал нөлөө үзүүлнэ.</li></ul><p><span style=\"color:rgb(128,0,0);\"><strong>Холбогдон ажиллах системүүд:</strong></span></p><ul><li>Нягтлан бодох бүртгэлийн MACS програм</li><li>Teller module-Сэлбэг хайлтын модуль</li><li>POS модуль</li><li>Манай бусад бүтээгдэхүүнүүд</li></ul>',1315,'2021-06-16 09:12:37',1,1,'2021-06-16 01:12:29','2023-11-21 02:27:08','Бүтээгдэхүүн',26),(5,'Эмийн санд зориулсан POS систем','farmacy-pos','<p style=\"margin-left:auto;\"><span style=\"color:rgb(128,0,0);\"><strong>Энэ систем нь</strong></span>&nbsp; эмийн сангуудад зориулагдсан бөгөөд таны цаг завыг хөнгөвчлөх, жор баригчтай тооцоо хийх, орлого зардлаа хянах, эрүүл мэндийн хөнгөлөлт тооцох, серийн нарийн бүртгэл хөтлөн бараа материалын дэлгэрэнгүй тайлан гарах боломжтой.</p><p style=\"margin-left:auto;\">&nbsp;</p><h3 style=\"margin-left:auto;\"><span style=\"color:rgb(128,0,0);\"><strong>Гүйлгээний хувьд:</strong></span></h3><p style=\"margin-left:auto;\">&nbsp;</p><ul><li>Барааны орлого</li><li>Барааг өртгөөр зарлагада</li><li>Барааны борлуулал</li><li>Серийн үлдэгдэл зоох</li><li>Барааны үнэ өөрчлөх</li><li>Авлага, Өглөг гүйлгээ</li></ul><figure class=\"image image_resized\" style=\"width:1068px;\"><img src=\"http://infosystems.mn/image-content/2017/06/16489_e042c9163e-300x216.jpg\" alt=\"\"></figure><h3 style=\"margin-left:auto;\"><span style=\"color:rgb(128,0,0);\"><strong>Гарах тайлангууд:</strong></span></h3><p style=\"margin-left:auto;\">&nbsp;</p><ul><li>Борлуулалтын тайлан</li><li>Тайлан товчоо</li><li>Бараа материалын тооллого, жагсаалт</li><li>Хөнгөлөлттэй үнээр зарсан барааны тайлан</li><li>Дэлгэрэнгүй бүртгэл</li><li>Харилцагчийн тооцоо</li><li>Нийгмийн даатгалын сайт руу ЭМД-ын хөнгөлөлттэй үнээр зарсан барааны тайланг хөрвүүлэх</li></ul>',433,'2021-06-16 09:14:11',1,1,'2021-06-16 01:14:07','2023-11-13 07:01:30','Бүтээгдэхүүн',NULL),(6,'“COST”- Бүтээгдэхүүний өртөг тооцооллын систем','cost','<p><span style=\"background-color:rgb(255,255,255);color:rgb(128,0,0);font-family:Verdana, Geneva, sans-serif;\"><strong>“COST” Бэлэн бүтээгдэхүүний өртөг тооцох</strong></span><span style=\"background-color:rgb(255,255,255);color:rgb(0,0,0);font-family:Verdana, Geneva, sans-serif;\"> програмыг нийтийн хоолны газар болон ресторан мөн түүнчлэн үйлдвэрлэл эрхэлдэг бөгөөд бүтээгдэхүүний өртөг тооцох шаардлагатай аж ахуй нэгж байгууллагууд ашиглах боломжтой юм. Програмын зориулалт нь бүтээгдэхүүнд орж байгаа бүх материалын хэмжээ орцыг бүртгэж тухайн</span><br><span style=\"background-color:rgb(255,255,255);color:rgb(0,0,0);font-family:Verdana, Geneva, sans-serif;\">бэлэн бүтээгдэхүүний нийт өртгийг гаргахад оршино.</span></p><p>&nbsp;</p><p><span style=\"background-color:rgb(255,255,255);color:rgb(128,0,0);\"><strong>Онцлог давуу тал :&nbsp;</strong></span></p><ul><li><span style=\"background-color:rgb(255,255,255);color:hsl(0,0%,0%);\">Өртгийн програмын давуу тал нь бүтээгдэхүүнд орж байгаа материалын хэвийн ба хэвийн бус хорогдлыг тооцож болно</span></li><li><span style=\"background-color:rgb(255,255,255);color:rgb(34,34,34);\">Технологи картыг мэргэжилтэн хэдэнч янзаар зохиож болно.</span></li><li><span style=\"background-color:rgb(255,255,255);color:rgb(34,34,34);\">Өртөг тооцсон дүнгээр дансны бичилт автоматаар “MACS” нягтлан бодох бүртгэлийн програмруу бичигдэнэ.</span></li><li><span style=\"background-color:rgb(255,255,255);color:rgb(34,34,34);\">Програм хэрэглэхэд хялбар учир бүх түвшний мэргэжилтэн ашиглахболомжтой.</span></li></ul><p><span style=\"background-color:rgb(255,255,255);color:rgb(128,0,0);\"><strong>Шинжилгээ, тайлан :</strong></span></p><ul><li><span style=\"background-color:rgb(255,255,255);color:rgb(34,34,34);\">Тайланг жилээр, сараар, өдрөөр гэх мэт ямарч хувилбараар гаргах боломжтой.</span></li><li><span style=\"background-color:rgb(255,255,255);color:rgb(34,34,34);\">Хамгийн их эргэцтэй байгаа материалын тайлан гарна.&nbsp;</span></li><li><span style=\"background-color:rgb(255,255,255);color:rgb(34,34,34);\">Борлуулалт хийгдсэн бэлэн бүтээгдэхүүний ашгийг тооцон шилжилгээ хийнэ.</span></li><li><span style=\"background-color:rgb(255,255,255);color:rgb(34,34,34);\">Дээжийн бүртгэл хийсэн тайлан хадгалагдах тул үүнийг ашиглах бүрэн бололцоотой.</span></li></ul>',756,'2021-06-16 09:18:12',1,1,'2021-06-16 01:18:04','2023-11-20 08:57:11','Бүтээгдэхүүн',NULL),(7,'Macs Freight – Тээвэр зуучийн бүртгэлийн систем','macs-freight','<p><span style=\"color:rgb(128,0,0);\"><strong>Macs Freight систем</strong></span><span style=\"background-color:rgb(255,255,255);color:rgb(0,0,0);font-family:Verdana, Geneva, sans-serif;\"> нь тээвэр зуучийн бизнес эрхэлдэг байгууллагуудад зориулагдсанба агаараар, төмөр замаар, газраар хийгдэх тээврийн бүх үйл явцыг бүртгэж хөтөлнө. Уг програмын давуу тал нь тээврийн хэрэгсэлээр нь ангилан бүртгэлээ хөтлөх ба ашиглахад хялбар учир бүх шатны мэргэжилтэн ашиглах боломжтой. Чингэлэгийн төрөл, чингэлэгийн статус, төлбөрийн нөхцөл, өртөө, тээврийн төрөл, худалдааны төрөл, ачилтын талбай зэргийг бүртгэхэд л танд шаардлагатай бүх тайлан гарах боломжтой. Програмаас гардаг тайлан нь зуучаар, чингэлэгийн даацаар, хүлээн авагчаар, захиалагчаар, сараар, жилээр гэх мэтээр бүлэглэн гаргаж болно</span></p><p>&nbsp;</p><h4><span style=\"background-color:rgb(255,255,255);color:rgb(128,0,0);\"><strong>Тээвэр зуучийн програм нь дараах үндсэн хэсгээс бүрдэнэ</strong></span></h4><p style=\"text-align:justify;\"><span style=\"color:rgb(128,0,0);\"><strong>Агаарын хэсэг</strong></span>:&nbsp;Агаарын ачааны импорт, экспорт, транзит гэсэн төрлүүдийн бүртгэл хөтлөх, тайлан гаргах, нэхэмжлэл бичих гэх мэт үйлдлүүдийг гүйцэтгэх боломжтой.</p><p style=\"text-align:justify;\"><span style=\"color:rgb(128,0,0);\"><strong>Импортын хэсэг</strong></span>:&nbsp;Импортоор илгээгдэж, олгогдож буй үйлчилгээний бүртгэл, төлбөр тооцоо хийх, тайлан гаргах зэргээр ажлыг тань хөнгөвчлөх болно</p><p style=\"text-align:justify;\"><span style=\"color:rgb(128,0,0);\"><strong>Экспортын хэсэг</strong></span>:&nbsp;Экспортын аль ч чиглэлээр гарч буй ачааны тєрлийг хянаж бүртгэл хөтлөх, тайлан гаргах, нэхэмжлэл бичих, төлбөр тооцоо хийх гэх мэтийн үйлдлүүдийг гүйцэтгэх боломжтой.</p><p style=\"text-align:justify;\"><span style=\"color:rgb(128,0,0);\"><strong>Транзитын хэсэг</strong></span>:&nbsp;Тухайн улсын нутаг дэвсгэр дээгүүр дамжин өнгөрөх ачааны бүртгэл хөтлөх, төлбөр тооцоо хийх, нэхэмжлэл бичих зэрэг үйлдлүүдийг гүйцэтгэнэ</p><p><span style=\"color:rgb(128,0,0);\"><strong>Гаалийн хэсэг</strong></span>:&nbsp;Гаалийн бүрдүүлэлт бүртгэл, тайлан гаргах</p><p style=\"text-align:justify;\"><span style=\"color:rgb(128,0,0);\"><strong>Талбайн хэсэг</strong></span>: &nbsp;Харилцагчтай шууд тооцоо хийх, нэхэмжлэл, төлөлт бүртгэх, талбайн<br>тайлан гаргах боломжтой. Компанийн статистик тооцоог хүссэнээрээ гаргах мөн харилцагчдаар тооцооны нэгтгэл гаргах боломжтой.</p><p style=\"text-align:justify;\">&nbsp;</p><h4 style=\"text-align:justify;\"><span style=\"background-color:rgb(255,255,255);color:rgb(128,0,0);\"><strong>Field-Талбайн ажиллагааны програм:</strong></span></h4><p style=\"text-align:justify;\"><span style=\"color:rgb(128,0,0);\"><strong>Талбайн програм</strong></span> нь тээвэр зуучийн үйл ажиллагаа эрхэлж байгаа өөрийн эзэмшлийн талбайтай байгууллагуудад зориулагдсан бөгөөд талбай дээр явагдаж байгаа бүх үйл ажиллагааны зардлууд болон талбайг ашиглаж байгаа харилцагч байгууллагуудын төлбөрийг орлого болон бүртгэх зорилготой.Өөрийн тээвэр, дайвар зуучаар гэсэн 2 сонголтоор бүх гүйлгээ хийгдэх ба Macs санхүүгийн програм руу дансны бичилт болон орно</p><p><span style=\"color:rgb(128,0,0);\"><strong>Тайлан:</strong></span></p><ul><li style=\"text-align:justify;\"><span style=\"background-color:rgb(255,255,255);color:rgb(0,0,0);font-family:Verdana, Geneva, sans-serif;\">Вагоны тайлан</span></li><li style=\"text-align:justify;\"><span style=\"background-color:rgb(255,255,255);color:rgb(0,0,0);font-family:Verdana, Geneva, sans-serif;\">Орлого зарлагын тайлан \\өдрөөр\\</span></li><li style=\"text-align:justify;\"><span style=\"background-color:rgb(255,255,255);color:rgb(0,0,0);font-family:Verdana, Geneva, sans-serif;\">Зөвшөөрлийн хуудас гарсан тайлан</span></li><li style=\"text-align:justify;\"><span style=\"background-color:rgb(255,255,255);color:rgb(0,0,0);font-family:Verdana, Geneva, sans-serif;\">Нийт талбай дээр буусан чингэлэгийн тайлан</span></li><li style=\"text-align:justify;\"><span style=\"background-color:rgb(255,255,255);color:rgb(0,0,0);font-family:Verdana, Geneva, sans-serif;\">Төлбөр тооцооны тайлан</span></li><li style=\"text-align:justify;\"><span style=\"background-color:rgb(255,255,255);color:rgb(0,0,0);font-family:Verdana, Geneva, sans-serif;\">Талбай дээр удаж байгаа чингэлэгийн тайлан</span></li><li style=\"text-align:justify;\"><span style=\"background-color:rgb(255,255,255);color:rgb(0,0,0);font-family:Verdana, Geneva, sans-serif;\">Авто машин болон крантай холбоотой зардлын тайлан</span></li><li style=\"text-align:justify;\"><span style=\"background-color:rgb(255,255,255);color:rgb(0,0,0);font-family:Verdana, Geneva, sans-serif;\">Зуучлалаарх тээврийн дэлгэрэнгүй тайлан</span></li><li style=\"text-align:justify;\"><span style=\"background-color:rgb(255,255,255);color:rgb(0,0,0);font-family:Verdana, Geneva, sans-serif;\">Тээврийн тооцоо дууссан болон дуусаагүйталбай дээр байгаа ачааны дэлгэрэнгүй тайлан</span></li><li style=\"text-align:justify;\"><span style=\"background-color:rgb(255,255,255);color:rgb(0,0,0);font-family:Verdana, Geneva, sans-serif;\">Гаалийн баталгаат болон түр агуулахад орсон ачааны тайлан</span></li><li style=\"text-align:justify;\"><span style=\"background-color:rgb(255,255,255);color:rgb(0,0,0);font-family:Verdana, Geneva, sans-serif;\">Тухайн зуучийн тайлан</span></li><li style=\"text-align:justify;\"><span style=\"background-color:rgb(255,255,255);color:rgb(0,0,0);font-family:Verdana, Geneva, sans-serif;\">Импортын ачааны дотоод үйлчилгээний орлогын тайлан</span></li><li style=\"text-align:justify;\"><span style=\"background-color:rgb(255,255,255);color:rgb(0,0,0);font-family:Verdana, Geneva, sans-serif;\">Авто машины орлогын тайлан</span></li><li style=\"text-align:justify;\"><span style=\"background-color:rgb(255,255,255);color:rgb(0,0,0);font-family:Verdana, Geneva, sans-serif;\">Хоосон чингэлэг буцаалтын тооцоо</span></li><li style=\"text-align:justify;\"><span style=\"background-color:rgb(255,255,255);color:rgb(0,0,0);font-family:Verdana, Geneva, sans-serif;\">Экспортын тооцооны тайлан</span></li><li style=\"text-align:justify;\"><span style=\"background-color:rgb(255,255,255);color:rgb(0,0,0);font-family:Verdana, Geneva, sans-serif;\">Чингэлэгийн нэгдсэн зардлын тайлан</span></li><li style=\"text-align:justify;\"><span style=\"background-color:rgb(255,255,255);color:rgb(0,0,0);font-family:Verdana, Geneva, sans-serif;\">Импортын дэлгэрэнгүй тайлан</span></li><li style=\"text-align:justify;\"><span style=\"background-color:rgb(255,255,255);color:rgb(0,0,0);font-family:Verdana, Geneva, sans-serif;\">Экспортын тайлан \\Дэлгэрэнгүй шүүлтээр\\</span></li><li style=\"text-align:justify;\"><span style=\"background-color:rgb(255,255,255);color:rgb(0,0,0);font-family:Verdana, Geneva, sans-serif;\">Илгээлтийн мэдээ \\Импорт, Экспорт\\</span></li></ul><p><span style=\"color:rgb(128,0,0);\"><strong>ТЭЭВЭР зуучийн програмыг ашигласнаар:</strong></span></p><ul><li><span style=\"background-color:rgb(255,255,255);color:rgb(0,0,0);font-family:Verdana, Geneva, sans-serif;\">Өдрийн бүх бүртгэлийг хэдхэн хормын дотор хянана.</span></li><li><span style=\"background-color:rgb(255,255,255);color:rgb(0,0,0);font-family:Verdana, Geneva, sans-serif;\">Мэргэжилтнүүдийн хүссэн тайлан товчоог харуулна.</span></li><li><span style=\"background-color:rgb(255,255,255);color:rgb(0,0,0);font-family:Verdana, Geneva, sans-serif;\">Үйл ажиллагааны зохион байгуулалт оновчтой болно.</span></li><li><span style=\"background-color:rgb(255,255,255);color:rgb(0,0,0);font-family:Verdana, Geneva, sans-serif;\">Тээвэр зуучид хэрэглэгдэх бүхий л баримтыг гаргана.</span></li><li><span style=\"background-color:rgb(255,255,255);color:rgb(0,0,0);font-family:Verdana, Geneva, sans-serif;\">Авлага өглөгийн товчоо</span></li><li><span style=\"background-color:rgb(255,255,255);color:rgb(0,0,0);font-family:Verdana, Geneva, sans-serif;\">Экспорт импортын мэдээ тайлан</span></li><li><span style=\"background-color:rgb(255,255,255);color:rgb(0,0,0);font-family:Verdana, Geneva, sans-serif;\">Тухайн тээврийн ажлын тайлан болон тухайн үед хийгдэж буй ажлыг харах боломжтой</span></li></ul><p>&nbsp;</p><p>&nbsp;</p>',838,'2021-06-16 09:51:29',1,1,'2021-06-16 01:51:26','2023-11-21 01:24:21','Бүтээгдэхүүн',NULL),(8,'“Macs Attendance” – Цаг бүртгэлийн систем','macs-attendance','<p><span style=\"background-color:rgb(255,255,255);color:rgb(128,0,0);font-family:Verdana, Geneva, sans-serif;\"><strong>Цаг бүртгэлийн систем</strong></span><span style=\"background-color:rgb(255,255,255);color:rgb(0,0,0);font-family:Verdana, Geneva, sans-serif;\"> нь аж ахуйн нэгж, бизнесийн байгууллагын цагийн бүртгэлийг хялбаршуулах, хяналт тавих, удирдах, ирцийн тайлан судалгааг шуурхай гаргах, цаг ашиглалт, хөдөлмөрийн бүтээмжийг дээшлүүлж ашиг орлогыг нэмэгдүүлэх зориулалттай юм.</span></p><p>&nbsp;</p><h4><span style=\"background-color:rgb(255,255,255);color:rgb(128,0,0);\"><strong>Хурууны хээгээр бүртгэхийн давуу тал:</strong></span></h4><p><span style=\"background-color:rgb(255,255,255);color:rgb(128,0,0);font-family:Verdana, Geneva, sans-serif;\"><strong>Хурууны хээ нь</strong></span><span style=\"background-color:rgb(255,255,255);color:rgb(0,0,0);font-family:Verdana, Geneva, sans-serif;\"> өөр хүний хурууны хээтэй давхцах буюу ижил байх нь 10 саяд нэг тохиолдох магадлалтай байдаг байна. Иймээс хурууны хээгээр ажилтнуудын цаг бүртгэх нь илүү найдвартай. Тухайлбал картаар цаг бүртгэдэг байгууллагад ажилтнууд нь картаа бусаддаа шилжүүлж цагаа бүртгүүлэх зөрчил гардаг. Түүнчлэн картыг хаяж үрэгдүүлэх тохиолдолд шинээр авахад зардал гарахаас гадна тухайн ажилтан шинэ карт авах хүртлээ цагаа хэрхэн бүртгүүлэх вэ зэрэг асуудлууд гарч ирнэ.</span></p><p>&nbsp;</p><h4><span style=\"background-color:rgb(255,255,255);color:rgb(128,0,0);\"><strong>“MASC Attendance” системийн давуу тал:</strong></span></h4><p style=\"text-align:justify;\"><span style=\"color:rgb(128,0,0);\"><strong>Хэрэглэхэд хялбар:</strong></span> Ажилчдын мэдээллийг санхүү бүртгэлийн MACS болон хүний нөөцийн Human Capital програмтай холбогдон авдаг</p><p style=\"text-align:justify;\"><span style=\"color:rgb(128,0,0);\"><strong>Нууцлалтай:</strong></span> “Admin” эрхээр бүртгүүлсэн хүн хурууны хээ болон нууц дугаараар төхөөрөмжид хандан, удирдах эрхтэй.</p><p style=\"text-align:justify;\"><strong>Дотоод сүлжээ болон USB холболтыг ашиглан олон төхөөрөмжтэй ажиллах боломжтой. Энэ нь байгууллагын салбаруудын мэдээллийг нэгтгэх боломжийг олгоно.</strong></p><p>&nbsp;</p><p>&nbsp;</p>',273,'2021-06-16 09:54:09',1,1,'2021-06-16 01:54:06','2023-11-21 06:01:08','Бүтээгдэхүүн',NULL),(9,'Contractus – Гэрээний бүртгэлийн систем','contractus','<p style=\"text-align:justify;\"><span style=\"color:rgb(128,0,0);\"><strong>“Contractus”</strong></span> нь үл хөдлөх хөрөнгө буюу барилга байгууламжийн худалдаа эрхэлдэг компаниудад зориулагдсан анхны цогц програм бөгөөд энэ төрлийн бизнест хийгддэг бүртгэлүүд, үйл ажиллагааг хянах, зохицуулах ажлыг хялбаршуулан автоматжуулснаараа онцлог юм. Барилгын компани буюу эзэмшигч, гэрээт борлуулагч, худалдан авагч нарын хоорондох 3 талт санхүүгийн харилцааг бүхэлд нь зохицуулсан шийдэл болсон</p><ul><li>Төсөл буюу барилгын бүртгэлийг хөтлөх</li><li>Төслүүд дээрх худалдан авагчтай байгуулсан худалдан авах гэрээний бүртгэлийг хийх</li><li>Гэрээний жагсаалт</li><li>Гэрээний төлөлтийн графикыг оруулах</li><li>Борлуулагч, риалторуудын шагнал урамшууллыг тооцох</li><li>Гэрээний өөрчлөлтүүдийг цаг тухай бүрт нь хөтлөх</li><li>&nbsp;</li></ul><h4><span style=\"background-color:rgb(255,255,255);color:rgb(128,0,0);\"><strong>Төсөл буюу барилга байгууламжийнбүртгэлийн хэсэг:</strong></span></h4><ul><li>Төслийн нэр</li><li>Төслийн ангилал</li><li>Байршил</li><li>Давхарын тоо</li><li>Гүйцэтгэгч</li><li>Ашиглалтанд орох хугацаа</li><li>Гүйцэтгэлийн хувь</li><li>Борлуулах талбайн хэмжээ</li><li>Нэгж талбайн үнэ</li><li>Борлуулалтын нийт үнэ</li><li>Хаалганы тоо</li><li>Үргэлжлэх хугацаа</li><li>Төлөвлөлтийн зардал</li><li>Урьдчилгаа</li><li>Ажлын хөлсний хувь</li><li>Ажлын хөлсний нийт дүн</li></ul><h4><span style=\"background-color:rgb(255,255,255);color:rgb(128,0,0);\"><strong>Энэ хэсэг нь төслийн болон гэрээн дээрх тайлангуудыг гаргах цэс:</strong></span></h4><ul><li>Борлуулалтын үндсэн тайлан</li><li>Төлбөр төлөлтийн тайлан</li><li>Төлөлтийн тайлан /харьцуулсан/</li><li>Төлбөрийн хоцрогдлын тайлан /дүнгээр/</li><li>Төлбөрийн хоцрогдлын тайлан /хугацаагаар/</li><li>Гэрээний өөрчлөлтийн тайлан</li><li>Гэрээ цуцлалтын тайлан</li><li>Гэрээлэгчийн судалгаа</li><li>Авлагын нэгдсэн тайлан</li><li>Авлага цуглуулалтын тайлан</li><li>Авлагын насжилтын тайлан</li><li>Алдангийн тайлан</li><li>Урамшуулал олголтын тайлан</li><li>Борлуулалтын талбайн тайлан</li><li>Санал хүсэлтийн тайлан</li><li>&nbsp;</li></ul><p><span style=\"color:rgb(128,0,0);\"><strong>Холбогдон ажиллах системүүд:</strong></span></p><ul><li>Нягтлан бодох бүртгэлийн MACS програм</li><li>Хүний нөөцийн удирдлага төлөвлөлтийн систем</li><li>Манай бусад бүтээгдэхүүнүүд</li></ul>',208,'2021-06-16 09:56:13',1,1,'2021-06-16 01:56:08','2023-11-14 16:10:51','Бүтээгдэхүүн',NULL);
/*!40000 ALTER TABLE `products` ENABLE KEYS */;
UNLOCK TABLES;

--
-- Table structure for table `products_users__users_products`
--

DROP TABLE IF EXISTS `products_users__users_products`;
/*!40101 SET @saved_cs_client     = @@character_set_client */;
/*!40101 SET character_set_client = utf8 */;
CREATE TABLE `products_users__users_products` (
  `id` int(10) unsigned NOT NULL AUTO_INCREMENT,
  `user_id` int(11) DEFAULT NULL,
  `product_id` int(11) DEFAULT NULL,
  PRIMARY KEY (`id`)
) ENGINE=InnoDB AUTO_INCREMENT=38 DEFAULT CHARSET=utf8;
/*!40101 SET character_set_client = @saved_cs_client */;

--
-- Dumping data for table `products_users__users_products`
--

LOCK TABLES `products_users__users_products` WRITE;
/*!40000 ALTER TABLE `products_users__users_products` DISABLE KEYS */;
INSERT INTO `products_users__users_products` VALUES (6,37,1),(8,40,2),(11,43,2),(12,43,1),(13,46,5),(14,45,2),(15,44,1),(16,47,1),(17,48,1),(18,48,3),(19,48,4),(20,48,2),(21,48,5),(22,48,6),(23,48,7),(24,48,9),(25,48,8),(26,51,1),(29,53,1),(30,54,1),(31,55,1),(32,56,5),(33,75,1),(34,76,1),(35,74,1),(36,73,1),(37,71,1);
/*!40000 ALTER TABLE `products_users__users_products` ENABLE KEYS */;
UNLOCK TABLES;

--
-- Table structure for table `projectcategories`
--

DROP TABLE IF EXISTS `projectcategories`;
/*!40101 SET @saved_cs_client     = @@character_set_client */;
/*!40101 SET character_set_client = utf8 */;
CREATE TABLE `projectcategories` (
  `id` int(10) unsigned NOT NULL AUTO_INCREMENT,
  `name` varchar(255) DEFAULT NULL,
  `slug` varchar(255) DEFAULT NULL,
  `published_at` datetime DEFAULT NULL,
  `created_by` int(11) DEFAULT NULL,
  `updated_by` int(11) DEFAULT NULL,
  `created_at` timestamp NULL DEFAULT CURRENT_TIMESTAMP,
  `updated_at` timestamp NULL DEFAULT CURRENT_TIMESTAMP,
  PRIMARY KEY (`id`),
  UNIQUE KEY `projectcategories_slug_unique` (`slug`)
) ENGINE=InnoDB AUTO_INCREMENT=3 DEFAULT CHARSET=utf8;
/*!40101 SET character_set_client = @saved_cs_client */;

--
-- Dumping data for table `projectcategories`
--

LOCK TABLES `projectcategories` WRITE;
/*!40000 ALTER TABLE `projectcategories` DISABLE KEYS */;
INSERT INTO `projectcategories` VALUES (1,'macs-online','macs-online','2022-06-30 05:12:51',1,1,'2022-06-30 05:12:46','2022-06-30 05:12:51'),(2,'macsxe4','macsxe4','2022-06-30 05:13:03',1,1,'2022-06-30 05:13:00','2022-06-30 05:13:03');
/*!40000 ALTER TABLE `projectcategories` ENABLE KEYS */;
UNLOCK TABLES;

--
-- Table structure for table `settings`
--

DROP TABLE IF EXISTS `settings`;
/*!40101 SET @saved_cs_client     = @@character_set_client */;
/*!40101 SET character_set_client = utf8 */;
CREATE TABLE `settings` (
  `id` int(10) unsigned NOT NULL AUTO_INCREMENT,
  `published_at` datetime DEFAULT NULL,
  `created_by` int(11) DEFAULT NULL,
  `updated_by` int(11) DEFAULT NULL,
  `created_at` timestamp NULL DEFAULT CURRENT_TIMESTAMP,
  `updated_at` timestamp NULL DEFAULT CURRENT_TIMESTAMP,
  `copyright` varchar(255) DEFAULT NULL,
  PRIMARY KEY (`id`)
) ENGINE=InnoDB AUTO_INCREMENT=2 DEFAULT CHARSET=utf8;
/*!40101 SET character_set_client = @saved_cs_client */;

--
-- Dumping data for table `settings`
--

LOCK TABLES `settings` WRITE;
/*!40000 ALTER TABLE `settings` DISABLE KEYS */;
INSERT INTO `settings` VALUES (1,'2021-06-08 04:10:10',1,1,'2021-06-07 20:10:08','2022-09-09 23:44:26','©  2021 он. infosystems.mn зохиогчийн эрхээр хамгаалагдсан.');
/*!40000 ALTER TABLE `settings` ENABLE KEYS */;
UNLOCK TABLES;

--
-- Table structure for table `settings_components`
--

DROP TABLE IF EXISTS `settings_components`;
/*!40101 SET @saved_cs_client     = @@character_set_client */;
/*!40101 SET character_set_client = utf8 */;
CREATE TABLE `settings_components` (
  `id` int(10) unsigned NOT NULL AUTO_INCREMENT,
  `field` varchar(255) NOT NULL,
  `order` int(10) unsigned NOT NULL,
  `component_type` varchar(255) NOT NULL,
  `component_id` int(11) NOT NULL,
  `setting_id` int(10) unsigned NOT NULL,
  PRIMARY KEY (`id`),
  KEY `setting_id_fk` (`setting_id`),
  CONSTRAINT `setting_id_fk` FOREIGN KEY (`setting_id`) REFERENCES `settings` (`id`) ON DELETE CASCADE
) ENGINE=InnoDB AUTO_INCREMENT=9 DEFAULT CHARSET=utf8;
/*!40101 SET character_set_client = @saved_cs_client */;

--
-- Dumping data for table `settings_components`
--

LOCK TABLES `settings_components` WRITE;
/*!40000 ALTER TABLE `settings_components` DISABLE KEYS */;
INSERT INTO `settings_components` VALUES (1,'header_menu',1,'components_components_header_menus',1,1),(2,'header_menu',2,'components_components_header_menus',2,1),(3,'header_menu',3,'components_components_header_menus',3,1),(5,'header_menu',4,'components_components_header_menus',5,1),(6,'header_menu',5,'components_components_header_menus',6,1),(7,'FooterSector',1,'components_components_footer_sectors',1,1),(8,'header_menu',6,'components_components_header_menus',7,1);
/*!40000 ALTER TABLE `settings_components` ENABLE KEYS */;
UNLOCK TABLES;

--
-- Table structure for table `strapi_administrator`
--

DROP TABLE IF EXISTS `strapi_administrator`;
/*!40101 SET @saved_cs_client     = @@character_set_client */;
/*!40101 SET character_set_client = utf8 */;
CREATE TABLE `strapi_administrator` (
  `id` int(10) unsigned NOT NULL AUTO_INCREMENT,
  `firstname` varchar(255) DEFAULT NULL,
  `lastname` varchar(255) DEFAULT NULL,
  `username` varchar(255) DEFAULT NULL,
  `email` varchar(255) NOT NULL,
  `password` varchar(255) DEFAULT NULL,
  `resetPasswordToken` varchar(255) DEFAULT NULL,
  `registrationToken` varchar(255) DEFAULT NULL,
  `isActive` tinyint(1) DEFAULT NULL,
  `blocked` tinyint(1) DEFAULT NULL,
  `preferedLanguage` varchar(255) DEFAULT NULL,
  PRIMARY KEY (`id`),
  UNIQUE KEY `strapi_administrator_email_unique` (`email`)
) ENGINE=InnoDB AUTO_INCREMENT=2 DEFAULT CHARSET=utf8;
/*!40101 SET character_set_client = @saved_cs_client */;

--
-- Dumping data for table `strapi_administrator`
--

LOCK TABLES `strapi_administrator` WRITE;
/*!40000 ALTER TABLE `strapi_administrator` DISABLE KEYS */;
INSERT INTO `strapi_administrator` VALUES (1,'info','systems',NULL,'yondooo61@gmail.com','$2a$10$AC/GcuByKv7buWnxlMYRLeZCr.Zg//S3rlXSSfko.A8wUyghvRKOS',NULL,NULL,1,NULL,NULL);
/*!40000 ALTER TABLE `strapi_administrator` ENABLE KEYS */;
UNLOCK TABLES;

--
-- Table structure for table `strapi_permission`
--

DROP TABLE IF EXISTS `strapi_permission`;
/*!40101 SET @saved_cs_client     = @@character_set_client */;
/*!40101 SET character_set_client = utf8 */;
CREATE TABLE `strapi_permission` (
  `id` int(10) unsigned NOT NULL AUTO_INCREMENT,
  `action` varchar(255) NOT NULL,
  `subject` varchar(255) DEFAULT NULL,
  `properties` longtext,
  `conditions` longtext,
  `role` int(11) DEFAULT NULL,
  `created_at` timestamp NULL DEFAULT CURRENT_TIMESTAMP,
  `updated_at` timestamp NULL DEFAULT CURRENT_TIMESTAMP,
  PRIMARY KEY (`id`)
) ENGINE=InnoDB AUTO_INCREMENT=12302 DEFAULT CHARSET=utf8;
/*!40101 SET character_set_client = @saved_cs_client */;

--
-- Dumping data for table `strapi_permission`
--

LOCK TABLES `strapi_permission` WRITE;
/*!40000 ALTER TABLE `strapi_permission` DISABLE KEYS */;
INSERT INTO `strapi_permission` VALUES (1,'plugins::upload.assets.create',NULL,'{}','[]',2,'2021-06-07 18:40:40','2021-06-07 18:40:40'),(2,'plugins::upload.read',NULL,'{}','[]',2,'2021-06-07 18:40:40','2021-06-07 18:40:40'),(3,'plugins::upload.assets.update',NULL,'{}','[]',2,'2021-06-07 18:40:40','2021-06-07 18:40:40'),(4,'plugins::upload.assets.copy-link',NULL,'{}','[]',2,'2021-06-07 18:40:40','2021-06-07 18:40:40'),(5,'plugins::upload.assets.download',NULL,'{}','[]',2,'2021-06-07 18:40:40','2021-06-07 18:40:40'),(6,'plugins::upload.assets.copy-link',NULL,'{}','[]',3,'2021-06-07 18:40:40','2021-06-07 18:40:41'),(7,'plugins::upload.assets.create',NULL,'{}','[]',3,'2021-06-07 18:40:40','2021-06-07 18:40:41'),(8,'plugins::upload.assets.update',NULL,'{}','[\"admin::is-creator\"]',3,'2021-06-07 18:40:40','2021-06-07 18:40:41'),(9,'plugins::upload.assets.download',NULL,'{}','[]',3,'2021-06-07 18:40:40','2021-06-07 18:40:41'),(10,'plugins::upload.read',NULL,'{}','[\"admin::is-creator\"]',3,'2021-06-07 18:40:40','2021-06-07 18:40:41'),(14,'plugins::content-type-builder.read',NULL,'{}','[]',1,'2021-06-07 18:40:41','2021-06-07 18:40:41'),(16,'plugins::i18n.locale.create',NULL,'{}','[]',1,'2021-06-07 18:40:41','2021-06-07 18:40:41'),(17,'plugins::email.settings.read',NULL,'{}','[]',1,'2021-06-07 18:40:41','2021-06-07 18:40:41'),(18,'plugins::i18n.locale.delete',NULL,'{}','[]',1,'2021-06-07 18:40:41','2021-06-07 18:40:41'),(19,'plugins::i18n.locale.read',NULL,'{}','[]',1,'2021-06-07 18:40:41','2021-06-07 18:40:41'),(20,'plugins::i18n.locale.update',NULL,'{}','[]',1,'2021-06-07 18:40:41','2021-06-07 18:40:41'),(21,'plugins::upload.read',NULL,'{}','[]',1,'2021-06-07 18:40:41','2021-06-07 18:40:41'),(22,'plugins::upload.assets.create',NULL,'{}','[]',1,'2021-06-07 18:40:41','2021-06-07 18:40:41'),(23,'plugins::upload.assets.update',NULL,'{}','[]',1,'2021-06-07 18:40:41','2021-06-07 18:40:41'),(24,'plugins::upload.assets.download',NULL,'{}','[]',1,'2021-06-07 18:40:41','2021-06-07 18:40:41'),(25,'plugins::upload.assets.copy-link',NULL,'{}','[]',1,'2021-06-07 18:40:41','2021-06-07 18:40:41'),(26,'plugins::upload.settings.read',NULL,'{}','[]',1,'2021-06-07 18:40:41','2021-06-07 18:40:41'),(27,'plugins::content-manager.components.configure-layout',NULL,'{}','[]',1,'2021-06-07 18:40:41','2021-06-07 18:40:41'),(28,'plugins::content-manager.single-types.configure-view',NULL,'{}','[]',1,'2021-06-07 18:40:41','2021-06-07 18:40:41'),(29,'plugins::content-manager.collection-types.configure-view',NULL,'{}','[]',1,'2021-06-07 18:40:41','2021-06-07 18:40:41'),(30,'plugins::users-permissions.roles.create',NULL,'{}','[]',1,'2021-06-07 18:40:41','2021-06-07 18:40:41'),(31,'plugins::users-permissions.roles.read',NULL,'{}','[]',1,'2021-06-07 18:40:41','2021-06-07 18:40:41'),(32,'plugins::users-permissions.roles.update',NULL,'{}','[]',1,'2021-06-07 18:40:41','2021-06-07 18:40:41'),(33,'plugins::users-permissions.roles.delete',NULL,'{}','[]',1,'2021-06-07 18:40:41','2021-06-07 18:40:41'),(34,'plugins::users-permissions.providers.read',NULL,'{}','[]',1,'2021-06-07 18:40:41','2021-06-07 18:40:41'),(35,'plugins::users-permissions.email-templates.read',NULL,'{}','[]',1,'2021-06-07 18:40:41','2021-06-07 18:40:41'),(36,'plugins::users-permissions.providers.update',NULL,'{}','[]',1,'2021-06-07 18:40:41','2021-06-07 18:40:41'),(37,'plugins::users-permissions.email-templates.update',NULL,'{}','[]',1,'2021-06-07 18:40:41','2021-06-07 18:40:41'),(38,'plugins::users-permissions.advanced-settings.read',NULL,'{}','[]',1,'2021-06-07 18:40:41','2021-06-07 18:40:41'),(39,'plugins::users-permissions.advanced-settings.update',NULL,'{}','[]',1,'2021-06-07 18:40:41','2021-06-07 18:40:41'),(40,'admin::marketplace.read',NULL,'{}','[]',1,'2021-06-07 18:40:41','2021-06-07 18:40:41'),(41,'admin::webhooks.read',NULL,'{}','[]',1,'2021-06-07 18:40:41','2021-06-07 18:40:41'),(42,'admin::webhooks.create',NULL,'{}','[]',1,'2021-06-07 18:40:41','2021-06-07 18:40:41'),(43,'admin::marketplace.plugins.install',NULL,'{}','[]',1,'2021-06-07 18:40:41','2021-06-07 18:40:41'),(44,'admin::marketplace.plugins.uninstall',NULL,'{}','[]',1,'2021-06-07 18:40:41','2021-06-07 18:40:41'),(45,'admin::webhooks.update',NULL,'{}','[]',1,'2021-06-07 18:40:41','2021-06-07 18:40:41'),(46,'admin::webhooks.delete',NULL,'{}','[]',1,'2021-06-07 18:40:41','2021-06-07 18:40:41'),(47,'admin::users.create',NULL,'{}','[]',1,'2021-06-07 18:40:41','2021-06-07 18:40:41'),(48,'admin::users.read',NULL,'{}','[]',1,'2021-06-07 18:40:41','2021-06-07 18:40:41'),(49,'admin::users.update',NULL,'{}','[]',1,'2021-06-07 18:40:41','2021-06-07 18:40:41'),(50,'admin::users.delete',NULL,'{}','[]',1,'2021-06-07 18:40:41','2021-06-07 18:40:41'),(51,'admin::roles.create',NULL,'{}','[]',1,'2021-06-07 18:40:41','2021-06-07 18:40:42'),(52,'admin::roles.read',NULL,'{}','[]',1,'2021-06-07 18:40:41','2021-06-07 18:40:42'),(53,'admin::roles.update',NULL,'{}','[]',1,'2021-06-07 18:40:41','2021-06-07 18:40:42'),(54,'admin::roles.delete',NULL,'{}','[]',1,'2021-06-07 18:40:41','2021-06-07 18:40:42'),(67,'plugins::documentation.settings.update',NULL,'{}','[]',1,'2021-06-07 19:46:38','2021-06-07 19:46:38'),(68,'plugins::documentation.settings.regenerate',NULL,'{}','[]',1,'2021-06-07 19:46:38','2021-06-07 19:46:38'),(69,'plugins::documentation.read',NULL,'{}','[]',1,'2021-06-07 19:46:38','2021-06-07 19:46:39'),(124,'plugins::content-manager.explorer.create','application::page.page','{\"fields\":[\"name\",\"slug\",\"Layout\"]}','[]',1,'2021-06-07 23:28:50','2021-06-07 23:28:50'),(128,'plugins::content-manager.explorer.update','application::page.page','{\"fields\":[\"name\",\"slug\",\"Layout\"]}','[]',1,'2021-06-07 23:28:50','2021-06-07 23:28:50'),(129,'plugins::content-manager.explorer.read','application::page.page','{\"fields\":[\"name\",\"slug\",\"Layout\"]}','[]',1,'2021-06-07 23:28:50','2021-06-07 23:28:50'),(172,'plugins::content-manager.explorer.create','application::home.home','{\"fields\":[\"Layout\"]}','[]',1,'2021-06-09 20:14:40','2021-06-09 20:14:40'),(173,'plugins::content-manager.explorer.read','application::home.home','{\"fields\":[\"Layout\"]}','[]',1,'2021-06-09 20:14:40','2021-06-09 20:14:40'),(174,'plugins::content-manager.explorer.update','application::home.home','{\"fields\":[\"Layout\"]}','[]',1,'2021-06-09 20:14:40','2021-06-09 20:14:40'),(347,'plugins::content-manager.explorer.create','application::post.post','{\"fields\":[\"title\",\"slug\",\"image\",\"catigory\",\"description\",\"count\"]}','[]',1,'2021-06-15 02:23:52','2021-06-15 02:23:52'),(348,'plugins::content-manager.explorer.read','application::post.post','{\"fields\":[\"title\",\"slug\",\"image\",\"catigory\",\"description\",\"count\"]}','[]',1,'2021-06-15 02:23:52','2021-06-15 02:23:52'),(350,'plugins::content-manager.explorer.update','application::post.post','{\"fields\":[\"title\",\"slug\",\"image\",\"catigory\",\"description\",\"count\"]}','[]',1,'2021-06-15 02:23:52','2021-06-15 02:23:52'),(654,'plugins::content-manager.explorer.create','application::settings.settings','{\"fields\":[\"header_menu.name\",\"header_menu.slug\",\"header_menu.submenu.name\",\"header_menu.submenu.slug\",\"header_menu.submenu.image\",\"header_menu.submenu.catigory\",\"logo\",\"FooterSector.FooterMenu.name\",\"FooterSector.FooterMenu.slug\",\"FooterSector.Copyright\",\"FooterSector.aboutUs\",\"FooterSector.phone\",\"FooterSector.email\",\"FooterSector.location\",\"FooterSector.SocialButton.name\",\"FooterSector.SocialButton.link\"]}','[]',1,'2021-06-17 18:35:32','2021-06-17 18:35:32'),(655,'plugins::content-manager.explorer.update','application::settings.settings','{\"fields\":[\"header_menu.name\",\"header_menu.slug\",\"header_menu.submenu.name\",\"header_menu.submenu.slug\",\"header_menu.submenu.image\",\"header_menu.submenu.catigory\",\"logo\",\"FooterSector.FooterMenu.name\",\"FooterSector.FooterMenu.slug\",\"FooterSector.Copyright\",\"FooterSector.aboutUs\",\"FooterSector.phone\",\"FooterSector.email\",\"FooterSector.location\",\"FooterSector.SocialButton.name\",\"FooterSector.SocialButton.link\"]}','[]',1,'2021-06-17 18:35:32','2021-06-17 18:35:32'),(658,'plugins::content-manager.explorer.read','application::settings.settings','{\"fields\":[\"header_menu.name\",\"header_menu.slug\",\"header_menu.submenu.name\",\"header_menu.submenu.slug\",\"header_menu.submenu.image\",\"header_menu.submenu.catigory\",\"logo\",\"FooterSector.FooterMenu.name\",\"FooterSector.FooterMenu.slug\",\"FooterSector.Copyright\",\"FooterSector.aboutUs\",\"FooterSector.phone\",\"FooterSector.email\",\"FooterSector.location\",\"FooterSector.SocialButton.name\",\"FooterSector.SocialButton.link\"]}','[]',1,'2021-06-17 18:35:32','2021-06-17 18:35:32'),(1015,'plugins::content-manager.explorer.read','application::issue-answer.issue-answer','{\"fields\":[\"content\",\"product_issue\",\"user\",\"seen\"]}','[]',1,'2021-06-23 22:41:21','2021-06-23 22:41:21'),(1016,'plugins::content-manager.explorer.create','application::issue-answer.issue-answer','{\"fields\":[\"content\",\"product_issue\",\"user\",\"seen\"]}','[]',1,'2021-06-23 22:41:21','2021-06-23 22:41:21'),(1018,'plugins::content-manager.explorer.update','application::issue-answer.issue-answer','{\"fields\":[\"content\",\"product_issue\",\"user\",\"seen\"]}','[]',1,'2021-06-23 22:41:21','2021-06-23 22:41:21'),(1191,'plugins::content-manager.explorer.create','application::infosystem-report.infosystem-report','{\"fields\":[\"name\",\"description\",\"email\",\"seen\"]}','[]',1,'2021-06-29 20:39:07','2021-06-29 20:39:08'),(1192,'plugins::content-manager.explorer.read','application::infosystem-report.infosystem-report','{\"fields\":[\"name\",\"description\",\"email\",\"seen\"]}','[]',1,'2021-06-29 20:39:07','2021-06-29 20:39:08'),(1199,'plugins::content-manager.explorer.update','application::infosystem-report.infosystem-report','{\"fields\":[\"name\",\"description\",\"email\",\"seen\"]}','[]',1,'2021-06-29 20:39:07','2021-06-29 20:39:08'),(1608,'plugins::content-manager.explorer.create','application::product-feedback.product-feedback','{\"fields\":[\"name\",\"content\",\"product\",\"user\",\"issue_answers\",\"admin_confirmed\",\"resolved\",\"seen\"]}','[]',1,'2021-07-06 10:16:12','2021-07-06 10:16:12'),(1609,'plugins::content-manager.explorer.create','application::product.product','{\"fields\":[\"title\",\"slug\",\"image\",\"description\",\"count\",\"catigory\",\"product_feedbacks\",\"users\"]}','[]',1,'2021-07-06 10:16:12','2021-07-06 10:16:12'),(1611,'plugins::content-manager.explorer.read','application::product-feedback.product-feedback','{\"fields\":[\"name\",\"content\",\"product\",\"user\",\"issue_answers\",\"admin_confirmed\",\"resolved\",\"seen\"]}','[]',1,'2021-07-06 10:16:12','2021-07-06 10:16:12'),(1612,'plugins::content-manager.explorer.read','application::product.product','{\"fields\":[\"title\",\"slug\",\"image\",\"description\",\"count\",\"catigory\",\"product_feedbacks\",\"users\"]}','[]',1,'2021-07-06 10:16:12','2021-07-06 10:16:12'),(1614,'plugins::content-manager.explorer.update','application::product-feedback.product-feedback','{\"fields\":[\"name\",\"content\",\"product\",\"user\",\"issue_answers\",\"admin_confirmed\",\"resolved\",\"seen\"]}','[]',1,'2021-07-06 10:16:12','2021-07-06 10:16:12'),(1615,'plugins::content-manager.explorer.update','application::product.product','{\"fields\":[\"title\",\"slug\",\"image\",\"description\",\"count\",\"catigory\",\"product_feedbacks\",\"users\"]}','[]',1,'2021-07-06 10:16:12','2021-07-06 10:16:12'),(1707,'plugins::content-manager.explorer.create','application::insert-notification.insert-notification','{\"fields\":[\"description\",\"macsversion\",\"apptype\",\"to_customer\",\"expire_date\",\"acount\",\"filetype\",\"news_text\",\"pdf_file\",\"is_active\",\"customer_id\",\"file_url\"]}','[]',1,'2021-09-28 09:01:13','2021-09-28 09:01:14'),(1708,'plugins::content-manager.explorer.read','application::insert-notification.insert-notification','{\"fields\":[\"description\",\"macsversion\",\"apptype\",\"to_customer\",\"expire_date\",\"acount\",\"filetype\",\"news_text\",\"pdf_file\",\"is_active\",\"customer_id\",\"file_url\"]}','[]',1,'2021-09-28 09:01:13','2021-09-28 09:01:14'),(1709,'plugins::content-manager.explorer.update','application::insert-notification.insert-notification','{\"fields\":[\"description\",\"macsversion\",\"apptype\",\"to_customer\",\"expire_date\",\"acount\",\"filetype\",\"news_text\",\"pdf_file\",\"is_active\",\"customer_id\",\"file_url\"]}','[]',1,'2021-09-28 09:01:13','2021-09-28 09:01:14'),(2185,'plugins::content-manager.explorer.create','application::coreissue.coreissue','{\"fields\":[\"email\",\"name\",\"description\",\"title\",\"image\",\"status\",\"checked_user\",\"projectcategory\"]}','[]',1,'2022-06-30 04:55:05','2022-06-30 04:55:05'),(2186,'plugins::content-manager.explorer.create','application::projectcategory.projectcategory','{\"fields\":[\"name\",\"slug\",\"coreissues\"]}','[]',1,'2022-06-30 04:55:05','2022-06-30 04:55:05'),(2187,'plugins::content-manager.explorer.create','plugins::users-permissions.user','{\"fields\":[\"username\",\"email\",\"provider\",\"password\",\"resetPasswordToken\",\"confirmationToken\",\"confirmed\",\"blocked\",\"role\",\"product_feedbacks\",\"issue_answers\",\"company_name\",\"company_register\",\"products\",\"admin_confirmed\",\"seen\",\"coreissues\"]}','[]',1,'2022-06-30 04:55:05','2022-06-30 04:55:05'),(2188,'plugins::content-manager.explorer.read','application::coreissue.coreissue','{\"fields\":[\"email\",\"name\",\"description\",\"title\",\"image\",\"status\",\"checked_user\",\"projectcategory\"]}','[]',1,'2022-06-30 04:55:05','2022-06-30 04:55:05'),(2189,'plugins::content-manager.explorer.read','application::projectcategory.projectcategory','{\"fields\":[\"name\",\"slug\",\"coreissues\"]}','[]',1,'2022-06-30 04:55:05','2022-06-30 04:55:05'),(2190,'plugins::content-manager.explorer.read','plugins::users-permissions.user','{\"fields\":[\"username\",\"email\",\"provider\",\"password\",\"resetPasswordToken\",\"confirmationToken\",\"confirmed\",\"blocked\",\"role\",\"product_feedbacks\",\"issue_answers\",\"company_name\",\"company_register\",\"products\",\"admin_confirmed\",\"seen\",\"coreissues\"]}','[]',1,'2022-06-30 04:55:05','2022-06-30 04:55:05'),(2191,'plugins::content-manager.explorer.update','application::coreissue.coreissue','{\"fields\":[\"email\",\"name\",\"description\",\"title\",\"image\",\"status\",\"checked_user\",\"projectcategory\"]}','[]',1,'2022-06-30 04:55:05','2022-06-30 04:55:05'),(2192,'plugins::content-manager.explorer.update','application::projectcategory.projectcategory','{\"fields\":[\"name\",\"slug\",\"coreissues\"]}','[]',1,'2022-06-30 04:55:05','2022-06-30 04:55:05'),(2193,'plugins::content-manager.explorer.update','plugins::users-permissions.user','{\"fields\":[\"username\",\"email\",\"provider\",\"password\",\"resetPasswordToken\",\"confirmationToken\",\"confirmed\",\"blocked\",\"role\",\"product_feedbacks\",\"issue_answers\",\"company_name\",\"company_register\",\"products\",\"admin_confirmed\",\"seen\",\"coreissues\"]}','[]',1,'2022-06-30 04:55:05','2022-06-30 04:55:05'),(8756,'plugins::content-manager.explorer.update','application::version-info.version-info','{\"fields\":[\"changed_date\",\"description\",\"productname\"]}','[]',1,'2023-06-20 09:59:44','2023-06-20 09:59:44'),(8757,'plugins::content-manager.explorer.read','application::version-info.version-info','{\"fields\":[\"changed_date\",\"description\",\"productname\"]}','[]',1,'2023-06-20 09:59:44','2023-06-20 09:59:44'),(8758,'plugins::content-manager.explorer.create','application::version-info.version-info','{\"fields\":[\"changed_date\",\"description\",\"productname\"]}','[]',1,'2023-06-20 09:59:44','2023-06-20 09:59:44'),(12277,'plugins::content-manager.explorer.delete','application::home.home','{}','[]',1,'2023-11-27 02:58:23','2023-11-27 02:58:23'),(12278,'plugins::content-manager.explorer.delete','application::coreissue.coreissue','{}','[]',1,'2023-11-27 02:58:23','2023-11-27 02:58:23'),(12279,'plugins::content-manager.explorer.delete','application::infosystem-report.infosystem-report','{}','[]',1,'2023-11-27 02:58:23','2023-11-27 02:58:23'),(12280,'plugins::content-manager.explorer.delete','application::insert-notification.insert-notification','{}','[]',1,'2023-11-27 02:58:23','2023-11-27 02:58:23'),(12281,'plugins::content-manager.explorer.delete','application::issue-answer.issue-answer','{}','[]',1,'2023-11-27 02:58:23','2023-11-27 02:58:23'),(12282,'plugins::content-manager.explorer.delete','application::page.page','{}','[]',1,'2023-11-27 02:58:23','2023-11-27 02:58:23'),(12283,'plugins::content-manager.explorer.delete','application::post.post','{}','[]',1,'2023-11-27 02:58:23','2023-11-27 02:58:23'),(12284,'plugins::content-manager.explorer.delete','application::product-feedback.product-feedback','{}','[]',1,'2023-11-27 02:58:23','2023-11-27 02:58:23'),(12285,'plugins::content-manager.explorer.delete','application::product.product','{}','[]',1,'2023-11-27 02:58:23','2023-11-27 02:58:23'),(12286,'plugins::content-manager.explorer.delete','application::projectcategory.projectcategory','{}','[]',1,'2023-11-27 02:58:23','2023-11-27 02:58:23'),(12287,'plugins::content-manager.explorer.delete','application::settings.settings','{}','[]',1,'2023-11-27 02:58:23','2023-11-27 02:58:24'),(12288,'plugins::content-manager.explorer.delete','application::version-info.version-info','{}','[]',1,'2023-11-27 02:58:23','2023-11-27 02:58:24'),(12289,'plugins::content-manager.explorer.delete','plugins::users-permissions.user','{}','[]',1,'2023-11-27 02:58:23','2023-11-27 02:58:24'),(12290,'plugins::content-manager.explorer.publish','application::coreissue.coreissue','{}','[]',1,'2023-11-27 02:58:23','2023-11-27 02:58:24'),(12291,'plugins::content-manager.explorer.publish','application::home.home','{}','[]',1,'2023-11-27 02:58:23','2023-11-27 02:58:24'),(12292,'plugins::content-manager.explorer.publish','application::infosystem-report.infosystem-report','{}','[]',1,'2023-11-27 02:58:23','2023-11-27 02:58:24'),(12293,'plugins::content-manager.explorer.publish','application::insert-notification.insert-notification','{}','[]',1,'2023-11-27 02:58:23','2023-11-27 02:58:24'),(12294,'plugins::content-manager.explorer.publish','application::issue-answer.issue-answer','{}','[]',1,'2023-11-27 02:58:23','2023-11-27 02:58:24'),(12295,'plugins::content-manager.explorer.publish','application::page.page','{}','[]',1,'2023-11-27 02:58:23','2023-11-27 02:58:24'),(12296,'plugins::content-manager.explorer.publish','application::post.post','{}','[]',1,'2023-11-27 02:58:23','2023-11-27 02:58:24'),(12297,'plugins::content-manager.explorer.publish','application::product-feedback.product-feedback','{}','[]',1,'2023-11-27 02:58:24','2023-11-27 02:58:24'),(12298,'plugins::content-manager.explorer.publish','application::product.product','{}','[]',1,'2023-11-27 02:58:24','2023-11-27 02:58:24'),(12299,'plugins::content-manager.explorer.publish','application::projectcategory.projectcategory','{}','[]',1,'2023-11-27 02:58:24','2023-11-27 02:58:24'),(12300,'plugins::content-manager.explorer.publish','application::settings.settings','{}','[]',1,'2023-11-27 02:58:24','2023-11-27 02:58:24'),(12301,'plugins::content-manager.explorer.publish','application::version-info.version-info','{}','[]',1,'2023-11-27 02:58:24','2023-11-27 02:58:24');
/*!40000 ALTER TABLE `strapi_permission` ENABLE KEYS */;
UNLOCK TABLES;

--
-- Table structure for table `strapi_role`
--

DROP TABLE IF EXISTS `strapi_role`;
/*!40101 SET @saved_cs_client     = @@character_set_client */;
/*!40101 SET character_set_client = utf8 */;
CREATE TABLE `strapi_role` (
  `id` int(10) unsigned NOT NULL AUTO_INCREMENT,
  `name` varchar(255) NOT NULL,
  `code` varchar(255) NOT NULL,
  `description` varchar(255) DEFAULT NULL,
  `created_at` timestamp NULL DEFAULT CURRENT_TIMESTAMP,
  `updated_at` timestamp NULL DEFAULT CURRENT_TIMESTAMP,
  PRIMARY KEY (`id`),
  UNIQUE KEY `strapi_role_name_unique` (`name`),
  UNIQUE KEY `strapi_role_code_unique` (`code`)
) ENGINE=InnoDB AUTO_INCREMENT=4 DEFAULT CHARSET=utf8;
/*!40101 SET character_set_client = @saved_cs_client */;

--
-- Dumping data for table `strapi_role`
--

LOCK TABLES `strapi_role` WRITE;
/*!40000 ALTER TABLE `strapi_role` DISABLE KEYS */;
INSERT INTO `strapi_role` VALUES (1,'Super Admin','strapi-super-admin','Super Admins can access and manage all features and settings.','2021-06-07 18:40:40','2021-06-07 18:40:40'),(2,'Editor','strapi-editor','Editors can manage and publish contents including those of other users.','2021-06-07 18:40:40','2021-06-07 18:40:40'),(3,'Author','strapi-author','Authors can manage the content they have created.','2021-06-07 18:40:40','2021-06-07 18:40:40');
/*!40000 ALTER TABLE `strapi_role` ENABLE KEYS */;
UNLOCK TABLES;

--
-- Table structure for table `strapi_users_roles`
--

DROP TABLE IF EXISTS `strapi_users_roles`;
/*!40101 SET @saved_cs_client     = @@character_set_client */;
/*!40101 SET character_set_client = utf8 */;
CREATE TABLE `strapi_users_roles` (
  `id` int(10) unsigned NOT NULL AUTO_INCREMENT,
  `user_id` int(11) DEFAULT NULL,
  `role_id` int(11) DEFAULT NULL,
  PRIMARY KEY (`id`)
) ENGINE=InnoDB AUTO_INCREMENT=2 DEFAULT CHARSET=utf8;
/*!40101 SET character_set_client = @saved_cs_client */;

--
-- Dumping data for table `strapi_users_roles`
--

LOCK TABLES `strapi_users_roles` WRITE;
/*!40000 ALTER TABLE `strapi_users_roles` DISABLE KEYS */;
INSERT INTO `strapi_users_roles` VALUES (1,1,1);
/*!40000 ALTER TABLE `strapi_users_roles` ENABLE KEYS */;
UNLOCK TABLES;

--
-- Table structure for table `strapi_webhooks`
--

DROP TABLE IF EXISTS `strapi_webhooks`;
/*!40101 SET @saved_cs_client     = @@character_set_client */;
/*!40101 SET character_set_client = utf8 */;
CREATE TABLE `strapi_webhooks` (
  `id` int(10) unsigned NOT NULL AUTO_INCREMENT,
  `name` varchar(255) DEFAULT NULL,
  `url` longtext,
  `headers` longtext,
  `events` longtext,
  `enabled` tinyint(1) DEFAULT NULL,
  PRIMARY KEY (`id`)
) ENGINE=InnoDB DEFAULT CHARSET=utf8;
/*!40101 SET character_set_client = @saved_cs_client */;

--
-- Dumping data for table `strapi_webhooks`
--

LOCK TABLES `strapi_webhooks` WRITE;
/*!40000 ALTER TABLE `strapi_webhooks` DISABLE KEYS */;
/*!40000 ALTER TABLE `strapi_webhooks` ENABLE KEYS */;
UNLOCK TABLES;

--
-- Table structure for table `tests`
--

DROP TABLE IF EXISTS `tests`;
/*!40101 SET @saved_cs_client     = @@character_set_client */;
/*!40101 SET character_set_client = utf8 */;
CREATE TABLE `tests` (
  `id` int(10) unsigned NOT NULL AUTO_INCREMENT,
  `test` longtext,
  `published_at` datetime DEFAULT NULL,
  `created_by` int(11) DEFAULT NULL,
  `updated_by` int(11) DEFAULT NULL,
  `created_at` timestamp NULL DEFAULT CURRENT_TIMESTAMP,
  `updated_at` timestamp NULL DEFAULT CURRENT_TIMESTAMP,
  PRIMARY KEY (`id`)
) ENGINE=InnoDB AUTO_INCREMENT=2 DEFAULT CHARSET=utf8;
/*!40101 SET character_set_client = @saved_cs_client */;

--
-- Dumping data for table `tests`
--

LOCK TABLES `tests` WRITE;
/*!40000 ALTER TABLE `tests` DISABLE KEYS */;
INSERT INTO `tests` VALUES (1,NULL,'2021-06-10 04:29:51',1,1,'2021-06-09 20:29:49','2021-06-09 20:29:51');
/*!40000 ALTER TABLE `tests` ENABLE KEYS */;
UNLOCK TABLES;

--
-- Table structure for table `upload_file`
--

DROP TABLE IF EXISTS `upload_file`;
/*!40101 SET @saved_cs_client     = @@character_set_client */;
/*!40101 SET character_set_client = utf8 */;
CREATE TABLE `upload_file` (
  `id` int(10) unsigned NOT NULL AUTO_INCREMENT,
  `name` varchar(255) NOT NULL,
  `alternativeText` varchar(255) DEFAULT NULL,
  `caption` varchar(255) DEFAULT NULL,
  `width` int(11) DEFAULT NULL,
  `height` int(11) DEFAULT NULL,
  `formats` longtext,
  `hash` varchar(255) NOT NULL,
  `ext` varchar(255) DEFAULT NULL,
  `mime` varchar(255) NOT NULL,
  `size` decimal(10,2) NOT NULL,
  `url` varchar(255) NOT NULL,
  `previewUrl` varchar(255) DEFAULT NULL,
  `provider` varchar(255) NOT NULL,
  `provider_metadata` longtext,
  `created_by` int(11) DEFAULT NULL,
  `updated_by` int(11) DEFAULT NULL,
  `created_at` timestamp NULL DEFAULT CURRENT_TIMESTAMP,
  `updated_at` timestamp NULL DEFAULT CURRENT_TIMESTAMP,
  PRIMARY KEY (`id`)
) ENGINE=InnoDB AUTO_INCREMENT=313 DEFAULT CHARSET=utf8;
/*!40101 SET character_set_client = @saved_cs_client */;

--
-- Dumping data for table `upload_file`
--

LOCK TABLES `upload_file` WRITE;
/*!40000 ALTER TABLE `upload_file` DISABLE KEYS */;
INSERT INTO `upload_file` VALUES (1,'meat.jfif','','',1536,865,'{\"thumbnail\":{\"name\":\"thumbnail_meat.jfif\",\"hash\":\"thumbnail_meat_4377265902\",\"ext\":\".jfif\",\"mime\":\"image/jpeg\",\"width\":245,\"height\":138,\"size\":11.36,\"path\":null,\"url\":\"/uploads/thumbnail_meat_4377265902.jfif\"},\"large\":{\"name\":\"large_meat.jfif\",\"hash\":\"large_meat_4377265902\",\"ext\":\".jfif\",\"mime\":\"image/jpeg\",\"width\":1000,\"height\":563,\"size\":129.79,\"path\":null,\"url\":\"/uploads/large_meat_4377265902.jfif\"},\"medium\":{\"name\":\"medium_meat.jfif\",\"hash\":\"medium_meat_4377265902\",\"ext\":\".jfif\",\"mime\":\"image/jpeg\",\"width\":750,\"height\":422,\"size\":77.4,\"path\":null,\"url\":\"/uploads/medium_meat_4377265902.jfif\"},\"small\":{\"name\":\"small_meat.jfif\",\"hash\":\"small_meat_4377265902\",\"ext\":\".jfif\",\"mime\":\"image/jpeg\",\"width\":500,\"height\":282,\"size\":39.56,\"path\":null,\"url\":\"/uploads/small_meat_4377265902.jfif\"}}','meat_4377265902','.jfif','image/jpeg',260.30,'/uploads/meat_4377265902.jfif',NULL,'local',NULL,1,1,'2021-06-07 19:35:32','2021-06-07 19:35:32'),(2,'logo.png','','',238,62,NULL,'logo_45935dad61','.png','image/png',28.02,'/uploads/logo_45935dad61.png',NULL,'local',NULL,1,1,'2021-06-07 21:01:42','2021-06-07 21:01:42'),(3,'header-bg.jpg','','',1440,612,'{\"thumbnail\":{\"name\":\"thumbnail_header-bg.jpg\",\"hash\":\"thumbnail_header_bg_ec6969e705\",\"ext\":\".jpg\",\"mime\":\"image/jpeg\",\"width\":245,\"height\":104,\"size\":2.27,\"path\":null,\"url\":\"/uploads/thumbnail_header_bg_ec6969e705.jpg\"},\"large\":{\"name\":\"large_header-bg.jpg\",\"hash\":\"large_header_bg_ec6969e705\",\"ext\":\".jpg\",\"mime\":\"image/jpeg\",\"width\":1000,\"height\":425,\"size\":20.45,\"path\":null,\"url\":\"/uploads/large_header_bg_ec6969e705.jpg\"},\"medium\":{\"name\":\"medium_header-bg.jpg\",\"hash\":\"medium_header_bg_ec6969e705\",\"ext\":\".jpg\",\"mime\":\"image/jpeg\",\"width\":750,\"height\":319,\"size\":13.01,\"path\":null,\"url\":\"/uploads/medium_header_bg_ec6969e705.jpg\"},\"small\":{\"name\":\"small_header-bg.jpg\",\"hash\":\"small_header_bg_ec6969e705\",\"ext\":\".jpg\",\"mime\":\"image/jpeg\",\"width\":500,\"height\":213,\"size\":6.83,\"path\":null,\"url\":\"/uploads/small_header_bg_ec6969e705.jpg\"}}','header_bg_ec6969e705','.jpg','image/jpeg',32.06,'/uploads/header_bg_ec6969e705.jpg',NULL,'local',NULL,1,1,'2021-06-07 21:13:52','2021-06-07 21:13:52'),(4,'white-logo.png','','',238,62,NULL,'white_logo_cae13554c4','.png','image/png',17.20,'/uploads/white_logo_cae13554c4.png',NULL,'local',NULL,1,1,'2021-06-07 23:50:02','2021-06-07 23:50:02'),(5,'system.svg','','',512,512,NULL,'system_426a92968a','.svg','image/svg+xml',9.04,'/uploads/system_426a92968a.svg',NULL,'local',NULL,1,1,'2021-06-08 03:08:29','2021-06-08 03:08:29'),(6,'need.txt','','',NULL,NULL,NULL,'need_439d7c5f0d','.txt','text/plain',0.20,'/uploads/need_439d7c5f0d.txt',NULL,'local',NULL,1,1,'2021-06-09 20:27:12','2021-06-09 20:27:12'),(7,'LBP6030_V2111_WP_EN.exe','','',NULL,NULL,NULL,'LBP_6030_V2111_WP_EN_c13eac1e80','.exe','application/x-msdownload',71090.42,'/uploads/LBP_6030_V2111_WP_EN_c13eac1e80.exe',NULL,'local',NULL,1,1,'2021-06-09 20:29:44','2021-06-09 20:29:44'),(8,'acc.jpg','','',1040,554,'{\"thumbnail\":{\"name\":\"thumbnail_acc.jpg\",\"hash\":\"thumbnail_acc_04433fbf93\",\"ext\":\".jpg\",\"mime\":\"image/jpeg\",\"width\":245,\"height\":131,\"size\":12.12,\"path\":null,\"url\":\"/uploads/thumbnail_acc_04433fbf93.jpg\"},\"large\":{\"name\":\"large_acc.jpg\",\"hash\":\"large_acc_04433fbf93\",\"ext\":\".jpg\",\"mime\":\"image/jpeg\",\"width\":1000,\"height\":533,\"size\":105.99,\"path\":null,\"url\":\"/uploads/large_acc_04433fbf93.jpg\"},\"medium\":{\"name\":\"medium_acc.jpg\",\"hash\":\"medium_acc_04433fbf93\",\"ext\":\".jpg\",\"mime\":\"image/jpeg\",\"width\":750,\"height\":400,\"size\":68.66,\"path\":null,\"url\":\"/uploads/medium_acc_04433fbf93.jpg\"},\"small\":{\"name\":\"small_acc.jpg\",\"hash\":\"small_acc_04433fbf93\",\"ext\":\".jpg\",\"mime\":\"image/jpeg\",\"width\":500,\"height\":266,\"size\":36.02,\"path\":null,\"url\":\"/uploads/small_acc_04433fbf93.jpg\"}}','acc_04433fbf93','.jpg','image/jpeg',94.87,'/uploads/acc_04433fbf93.jpg',NULL,'local',NULL,1,1,'2021-06-09 21:18:01','2021-06-09 21:18:01'),(9,'Car-Service-Repairs.jpg','','',1140,500,'{\"thumbnail\":{\"name\":\"thumbnail_Car-Service-Repairs.jpg\",\"hash\":\"thumbnail_Car_Service_Repairs_4d0f754dc9\",\"ext\":\".jpg\",\"mime\":\"image/jpeg\",\"width\":245,\"height\":107,\"size\":8.72,\"path\":null,\"url\":\"/uploads/thumbnail_Car_Service_Repairs_4d0f754dc9.jpg\"},\"large\":{\"name\":\"large_Car-Service-Repairs.jpg\",\"hash\":\"large_Car_Service_Repairs_4d0f754dc9\",\"ext\":\".jpg\",\"mime\":\"image/jpeg\",\"width\":1000,\"height\":439,\"size\":79.03,\"path\":null,\"url\":\"/uploads/large_Car_Service_Repairs_4d0f754dc9.jpg\"},\"medium\":{\"name\":\"medium_Car-Service-Repairs.jpg\",\"hash\":\"medium_Car_Service_Repairs_4d0f754dc9\",\"ext\":\".jpg\",\"mime\":\"image/jpeg\",\"width\":750,\"height\":329,\"size\":51.74,\"path\":null,\"url\":\"/uploads/medium_Car_Service_Repairs_4d0f754dc9.jpg\"},\"small\":{\"name\":\"small_Car-Service-Repairs.jpg\",\"hash\":\"small_Car_Service_Repairs_4d0f754dc9\",\"ext\":\".jpg\",\"mime\":\"image/jpeg\",\"width\":500,\"height\":219,\"size\":26.93,\"path\":null,\"url\":\"/uploads/small_Car_Service_Repairs_4d0f754dc9.jpg\"}}','Car_Service_Repairs_4d0f754dc9','.jpg','image/jpeg',96.77,'/uploads/Car_Service_Repairs_4d0f754dc9.jpg',NULL,'local',NULL,1,1,'2021-06-10 22:45:54','2021-06-10 22:45:54'),(10,'pharmacist-using-machine-and-holding-medicine-in-t-PEVXQ98-1024x683.jpg','','',1024,683,'{\"thumbnail\":{\"name\":\"thumbnail_pharmacist-using-machine-and-holding-medicine-in-t-PEVXQ98-1024x683.jpg\",\"hash\":\"thumbnail_pharmacist_using_machine_and_holding_medicine_in_t_PEVXQ_98_1024x683_ca92bc00d7\",\"ext\":\".jpg\",\"mime\":\"image/jpeg\",\"width\":234,\"height\":156,\"size\":7.17,\"path\":null,\"url\":\"/uploads/thumbnail_pharmacist_using_machine_and_holding_medicine_in_t_PEVXQ_98_1024x683_ca92bc00d7.jpg\"},\"large\":{\"name\":\"large_pharmacist-using-machine-and-holding-medicine-in-t-PEVXQ98-1024x683.jpg\",\"hash\":\"large_pharmacist_using_machine_and_holding_medicine_in_t_PEVXQ_98_1024x683_ca92bc00d7\",\"ext\":\".jpg\",\"mime\":\"image/jpeg\",\"width\":1000,\"height\":667,\"size\":53.64,\"path\":null,\"url\":\"/uploads/large_pharmacist_using_machine_and_holding_medicine_in_t_PEVXQ_98_1024x683_ca92bc00d7.jpg\"},\"medium\":{\"name\":\"medium_pharmacist-using-machine-and-holding-medicine-in-t-PEVXQ98-1024x683.jpg\",\"hash\":\"medium_pharmacist_using_machine_and_holding_medicine_in_t_PEVXQ_98_1024x683_ca92bc00d7\",\"ext\":\".jpg\",\"mime\":\"image/jpeg\",\"width\":750,\"height\":500,\"size\":35.9,\"path\":null,\"url\":\"/uploads/medium_pharmacist_using_machine_and_holding_medicine_in_t_PEVXQ_98_1024x683_ca92bc00d7.jpg\"},\"small\":{\"name\":\"small_pharmacist-using-machine-and-holding-medicine-in-t-PEVXQ98-1024x683.jpg\",\"hash\":\"small_pharmacist_using_machine_and_holding_medicine_in_t_PEVXQ_98_1024x683_ca92bc00d7\",\"ext\":\".jpg\",\"mime\":\"image/jpeg\",\"width\":500,\"height\":333,\"size\":20.21,\"path\":null,\"url\":\"/uploads/small_pharmacist_using_machine_and_holding_medicine_in_t_PEVXQ_98_1024x683_ca92bc00d7.jpg\"}}','pharmacist_using_machine_and_holding_medicine_in_t_PEVXQ_98_1024x683_ca92bc00d7','.jpg','image/jpeg',54.94,'/uploads/pharmacist_using_machine_and_holding_medicine_in_t_PEVXQ_98_1024x683_ca92bc00d7.jpg',NULL,'local',NULL,1,1,'2021-06-10 22:48:36','2021-06-10 22:48:36'),(11,'abschlagsrechnung_t.jpg','','',1200,630,'{\"thumbnail\":{\"name\":\"thumbnail_abschlagsrechnung_t.jpg\",\"hash\":\"thumbnail_abschlagsrechnung_t_5a82831e41\",\"ext\":\".jpg\",\"mime\":\"image/jpeg\",\"width\":245,\"height\":129,\"size\":10.26,\"path\":null,\"url\":\"/uploads/thumbnail_abschlagsrechnung_t_5a82831e41.jpg\"},\"large\":{\"name\":\"large_abschlagsrechnung_t.jpg\",\"hash\":\"large_abschlagsrechnung_t_5a82831e41\",\"ext\":\".jpg\",\"mime\":\"image/jpeg\",\"width\":1000,\"height\":525,\"size\":75.98,\"path\":null,\"url\":\"/uploads/large_abschlagsrechnung_t_5a82831e41.jpg\"},\"medium\":{\"name\":\"medium_abschlagsrechnung_t.jpg\",\"hash\":\"medium_abschlagsrechnung_t_5a82831e41\",\"ext\":\".jpg\",\"mime\":\"image/jpeg\",\"width\":750,\"height\":394,\"size\":51.76,\"path\":null,\"url\":\"/uploads/medium_abschlagsrechnung_t_5a82831e41.jpg\"},\"small\":{\"name\":\"small_abschlagsrechnung_t.jpg\",\"hash\":\"small_abschlagsrechnung_t_5a82831e41\",\"ext\":\".jpg\",\"mime\":\"image/jpeg\",\"width\":500,\"height\":263,\"size\":29,\"path\":null,\"url\":\"/uploads/small_abschlagsrechnung_t_5a82831e41.jpg\"}}','abschlagsrechnung_t_5a82831e41','.jpg','image/jpeg',90.17,'/uploads/abschlagsrechnung_t_5a82831e41.jpg',NULL,'local',NULL,1,1,'2021-06-10 22:50:32','2021-06-10 22:50:32'),(12,'fundamental-calls.jpg','','',640,480,'{\"thumbnail\":{\"name\":\"thumbnail_fundamental-calls.jpg\",\"hash\":\"thumbnail_fundamental_calls_bfae8040f4\",\"ext\":\".jpg\",\"mime\":\"image/jpeg\",\"width\":208,\"height\":156,\"size\":6.67,\"path\":null,\"url\":\"/uploads/thumbnail_fundamental_calls_bfae8040f4.jpg\"},\"small\":{\"name\":\"small_fundamental-calls.jpg\",\"hash\":\"small_fundamental_calls_bfae8040f4\",\"ext\":\".jpg\",\"mime\":\"image/jpeg\",\"width\":500,\"height\":375,\"size\":25.84,\"path\":null,\"url\":\"/uploads/small_fundamental_calls_bfae8040f4.jpg\"}}','fundamental_calls_bfae8040f4','.jpg','image/jpeg',27.94,'/uploads/fundamental_calls_bfae8040f4.jpg',NULL,'local',NULL,1,1,'2021-06-10 22:54:17','2021-06-10 22:54:17'),(13,'company-1.png','','',1920,1000,'{\"thumbnail\":{\"name\":\"thumbnail_company-1.png\",\"hash\":\"thumbnail_company_1_a8f5269407\",\"ext\":\".png\",\"mime\":\"image/png\",\"width\":245,\"height\":127,\"size\":76.73,\"path\":null,\"url\":\"/uploads/thumbnail_company_1_a8f5269407.png\"},\"large\":{\"name\":\"large_company-1.png\",\"hash\":\"large_company_1_a8f5269407\",\"ext\":\".png\",\"mime\":\"image/png\",\"width\":1000,\"height\":521,\"size\":864.46,\"path\":null,\"url\":\"/uploads/large_company_1_a8f5269407.png\"},\"medium\":{\"name\":\"medium_company-1.png\",\"hash\":\"medium_company_1_a8f5269407\",\"ext\":\".png\",\"mime\":\"image/png\",\"width\":750,\"height\":391,\"size\":511.39,\"path\":null,\"url\":\"/uploads/medium_company_1_a8f5269407.png\"},\"small\":{\"name\":\"small_company-1.png\",\"hash\":\"small_company_1_a8f5269407\",\"ext\":\".png\",\"mime\":\"image/png\",\"width\":500,\"height\":260,\"size\":246.96,\"path\":null,\"url\":\"/uploads/small_company_1_a8f5269407.png\"}}','company_1_a8f5269407','.png','image/png',1996.83,'/uploads/company_1_a8f5269407.png',NULL,'local',NULL,1,1,'2021-06-10 22:55:23','2021-06-10 22:55:23'),(14,'Fotolia_95875641_Subscription_Monthly_M-1068x700-696x456.jpg','','',696,456,'{\"thumbnail\":{\"name\":\"thumbnail_Fotolia_95875641_Subscription_Monthly_M-1068x700-696x456.jpg\",\"hash\":\"thumbnail_Fotolia_95875641_Subscription_Monthly_M_1068x700_696x456_bea5cd99ad\",\"ext\":\".jpg\",\"mime\":\"image/jpeg\",\"width\":238,\"height\":156,\"size\":5.36,\"path\":null,\"url\":\"/uploads/thumbnail_Fotolia_95875641_Subscription_Monthly_M_1068x700_696x456_bea5cd99ad.jpg\"},\"small\":{\"name\":\"small_Fotolia_95875641_Subscription_Monthly_M-1068x700-696x456.jpg\",\"hash\":\"small_Fotolia_95875641_Subscription_Monthly_M_1068x700_696x456_bea5cd99ad\",\"ext\":\".jpg\",\"mime\":\"image/jpeg\",\"width\":500,\"height\":328,\"size\":14.23,\"path\":null,\"url\":\"/uploads/small_Fotolia_95875641_Subscription_Monthly_M_1068x700_696x456_bea5cd99ad.jpg\"}}','Fotolia_95875641_Subscription_Monthly_M_1068x700_696x456_bea5cd99ad','.jpg','image/jpeg',22.20,'/uploads/Fotolia_95875641_Subscription_Monthly_M_1068x700_696x456_bea5cd99ad.jpg',NULL,'local',NULL,1,1,'2021-06-14 22:39:08','2021-06-14 22:39:09'),(15,'blur-skype.png','','',600,338,'{\"thumbnail\":{\"name\":\"thumbnail_blur-skype.png\",\"hash\":\"thumbnail_blur_skype_20be83420f\",\"ext\":\".png\",\"mime\":\"image/png\",\"width\":245,\"height\":138,\"size\":92.59,\"path\":null,\"url\":\"/uploads/thumbnail_blur_skype_20be83420f.png\"},\"small\":{\"name\":\"small_blur-skype.png\",\"hash\":\"small_blur_skype_20be83420f\",\"ext\":\".png\",\"mime\":\"image/png\",\"width\":500,\"height\":282,\"size\":324.45,\"path\":null,\"url\":\"/uploads/small_blur_skype_20be83420f.png\"}}','blur_skype_20be83420f','.png','image/png',190.96,'/uploads/blur_skype_20be83420f.png',NULL,'local',NULL,1,1,'2021-06-14 22:40:59','2021-06-14 22:40:59'),(16,'irgenii-unemleh-696x348.jpg','','',696,348,'{\"thumbnail\":{\"name\":\"thumbnail_irgenii-unemleh-696x348.jpg\",\"hash\":\"thumbnail_irgenii_unemleh_696x348_c1f2aa948b\",\"ext\":\".jpg\",\"mime\":\"image/jpeg\",\"width\":245,\"height\":123,\"size\":7.37,\"path\":null,\"url\":\"/uploads/thumbnail_irgenii_unemleh_696x348_c1f2aa948b.jpg\"},\"small\":{\"name\":\"small_irgenii-unemleh-696x348.jpg\",\"hash\":\"small_irgenii_unemleh_696x348_c1f2aa948b\",\"ext\":\".jpg\",\"mime\":\"image/jpeg\",\"width\":500,\"height\":250,\"size\":22.01,\"path\":null,\"url\":\"/uploads/small_irgenii_unemleh_696x348_c1f2aa948b.jpg\"}}','irgenii_unemleh_696x348_c1f2aa948b','.jpg','image/jpeg',35.37,'/uploads/irgenii_unemleh_696x348_c1f2aa948b.jpg',NULL,'local',NULL,1,1,'2021-06-14 22:42:43','2021-06-14 22:42:43'),(17,'наадам-696x522.jpg','','',696,522,'{\"thumbnail\":{\"name\":\"thumbnail_наадам-696x522.jpg\",\"hash\":\"thumbnail_naadam_696x522_4ea6064a1f\",\"ext\":\".jpg\",\"mime\":\"image/jpeg\",\"width\":208,\"height\":156,\"size\":7.37,\"path\":null,\"url\":\"/uploads/thumbnail_naadam_696x522_4ea6064a1f.jpg\"},\"small\":{\"name\":\"small_наадам-696x522.jpg\",\"hash\":\"small_naadam_696x522_4ea6064a1f\",\"ext\":\".jpg\",\"mime\":\"image/jpeg\",\"width\":500,\"height\":375,\"size\":30.85,\"path\":null,\"url\":\"/uploads/small_naadam_696x522_4ea6064a1f.jpg\"}}','naadam_696x522_4ea6064a1f','.jpg','image/jpeg',51.72,'/uploads/naadam_696x522_4ea6064a1f.jpg',NULL,'local',NULL,1,1,'2021-06-14 22:44:04','2021-06-14 22:44:04'),(18,'Naadam.png','','',610,235,'{\"thumbnail\":{\"name\":\"thumbnail_Naadam.png\",\"hash\":\"thumbnail_Naadam_42ea4246f9\",\"ext\":\".png\",\"mime\":\"image/png\",\"width\":245,\"height\":94,\"size\":9.99,\"path\":null,\"url\":\"/uploads/thumbnail_Naadam_42ea4246f9.png\"},\"small\":{\"name\":\"small_Naadam.png\",\"hash\":\"small_Naadam_42ea4246f9\",\"ext\":\".png\",\"mime\":\"image/png\",\"width\":500,\"height\":193,\"size\":26.21,\"path\":null,\"url\":\"/uploads/small_Naadam_42ea4246f9.png\"}}','Naadam_42ea4246f9','.png','image/png',10.26,'/uploads/Naadam_42ea4246f9.png',NULL,'local',NULL,1,1,'2021-06-14 22:44:33','2021-06-14 22:44:33'),(19,'maxresdefault-696x392.jpg','','',696,392,'{\"thumbnail\":{\"name\":\"thumbnail_maxresdefault-696x392.jpg\",\"hash\":\"thumbnail_maxresdefault_696x392_42242546cd\",\"ext\":\".jpg\",\"mime\":\"image/jpeg\",\"width\":245,\"height\":138,\"size\":9.07,\"path\":null,\"url\":\"/uploads/thumbnail_maxresdefault_696x392_42242546cd.jpg\"},\"small\":{\"name\":\"small_maxresdefault-696x392.jpg\",\"hash\":\"small_maxresdefault_696x392_42242546cd\",\"ext\":\".jpg\",\"mime\":\"image/jpeg\",\"width\":500,\"height\":282,\"size\":21.91,\"path\":null,\"url\":\"/uploads/small_maxresdefault_696x392_42242546cd.jpg\"}}','maxresdefault_696x392_42242546cd','.jpg','image/jpeg',30.40,'/uploads/maxresdefault_696x392_42242546cd.jpg',NULL,'local',NULL,1,1,'2021-06-14 22:45:32','2021-06-14 22:45:32'),(20,'1-setup-wizard.jpg','','',647,547,'{\"thumbnail\":{\"name\":\"thumbnail_1-setup-wizard.jpg\",\"hash\":\"thumbnail_1_setup_wizard_9006ea57d7\",\"ext\":\".jpg\",\"mime\":\"image/jpeg\",\"width\":185,\"height\":156,\"size\":6.16,\"path\":null,\"url\":\"/uploads/thumbnail_1_setup_wizard_9006ea57d7.jpg\"},\"small\":{\"name\":\"small_1-setup-wizard.jpg\",\"hash\":\"small_1_setup_wizard_9006ea57d7\",\"ext\":\".jpg\",\"mime\":\"image/jpeg\",\"width\":500,\"height\":423,\"size\":28.82,\"path\":null,\"url\":\"/uploads/small_1_setup_wizard_9006ea57d7.jpg\"}}','1_setup_wizard_9006ea57d7','.jpg','image/jpeg',39.22,'/uploads/1_setup_wizard_9006ea57d7.jpg',NULL,'local',NULL,1,1,'2021-06-14 22:46:38','2021-06-14 22:46:38'),(21,'2-bytefence.jpg','','',870,623,'{\"thumbnail\":{\"name\":\"thumbnail_2-bytefence.jpg\",\"hash\":\"thumbnail_2_bytefence_63ae85431e\",\"ext\":\".jpg\",\"mime\":\"image/jpeg\",\"width\":218,\"height\":156,\"size\":5.35,\"path\":null,\"url\":\"/uploads/thumbnail_2_bytefence_63ae85431e.jpg\"},\"medium\":{\"name\":\"medium_2-bytefence.jpg\",\"hash\":\"medium_2_bytefence_63ae85431e\",\"ext\":\".jpg\",\"mime\":\"image/jpeg\",\"width\":750,\"height\":537,\"size\":23.72,\"path\":null,\"url\":\"/uploads/medium_2_bytefence_63ae85431e.jpg\"},\"small\":{\"name\":\"small_2-bytefence.jpg\",\"hash\":\"small_2_bytefence_63ae85431e\",\"ext\":\".jpg\",\"mime\":\"image/jpeg\",\"width\":500,\"height\":358,\"size\":14.91,\"path\":null,\"url\":\"/uploads/small_2_bytefence_63ae85431e.jpg\"}}','2_bytefence_63ae85431e','.jpg','image/jpeg',28.38,'/uploads/2_bytefence_63ae85431e.jpg',NULL,'local',NULL,1,1,'2021-06-14 22:47:14','2021-06-14 22:47:14'),(22,'CP-1.jpg','','',284,400,'{\"thumbnail\":{\"name\":\"thumbnail_CP-1.jpg\",\"hash\":\"thumbnail_CP_1_ea3864e96d\",\"ext\":\".jpg\",\"mime\":\"image/jpeg\",\"width\":111,\"height\":156,\"size\":4.58,\"path\":null,\"url\":\"/uploads/thumbnail_CP_1_ea3864e96d.jpg\"}}','CP_1_ea3864e96d','.jpg','image/jpeg',15.94,'/uploads/CP_1_ea3864e96d.jpg',NULL,'local',NULL,1,1,'2021-06-14 22:48:20','2021-06-14 22:48:20'),(23,'1-Unin.jpg','','',685,358,'{\"thumbnail\":{\"name\":\"thumbnail_1-Unin.jpg\",\"hash\":\"thumbnail_1_Unin_e9eaf91d9a\",\"ext\":\".jpg\",\"mime\":\"image/jpeg\",\"width\":245,\"height\":128,\"size\":5.78,\"path\":null,\"url\":\"/uploads/thumbnail_1_Unin_e9eaf91d9a.jpg\"},\"small\":{\"name\":\"small_1-Unin.jpg\",\"hash\":\"small_1_Unin_e9eaf91d9a\",\"ext\":\".jpg\",\"mime\":\"image/jpeg\",\"width\":500,\"height\":261,\"size\":17.12,\"path\":null,\"url\":\"/uploads/small_1_Unin_e9eaf91d9a.jpg\"}}','1_Unin_e9eaf91d9a','.jpg','image/jpeg',27.53,'/uploads/1_Unin_e9eaf91d9a.jpg',NULL,'local',NULL,1,1,'2021-06-14 22:49:29','2021-06-14 22:49:29'),(24,'2-CP.jpg','','',408,452,'{\"thumbnail\":{\"name\":\"thumbnail_2-CP.jpg\",\"hash\":\"thumbnail_2_CP_d62dd017e0\",\"ext\":\".jpg\",\"mime\":\"image/jpeg\",\"width\":141,\"height\":156,\"size\":5.27,\"path\":null,\"url\":\"/uploads/thumbnail_2_CP_d62dd017e0.jpg\"}}','2_CP_d62dd017e0','.jpg','image/jpeg',25.66,'/uploads/2_CP_d62dd017e0.jpg',NULL,'local',NULL,1,1,'2021-06-14 22:50:59','2021-06-14 22:50:59'),(25,'CP-3.jpg','','',346,442,'{\"thumbnail\":{\"name\":\"thumbnail_CP-3.jpg\",\"hash\":\"thumbnail_CP_3_6ae111484d\",\"ext\":\".jpg\",\"mime\":\"image/jpeg\",\"width\":122,\"height\":156,\"size\":5.57,\"path\":null,\"url\":\"/uploads/thumbnail_CP_3_6ae111484d.jpg\"}}','CP_3_6ae111484d','.jpg','image/jpeg',26.51,'/uploads/CP_3_6ae111484d.jpg',NULL,'local',NULL,1,1,'2021-06-14 22:52:10','2021-06-14 22:52:11'),(26,'list.jpg','','',920,318,'{\"thumbnail\":{\"name\":\"thumbnail_list.jpg\",\"hash\":\"thumbnail_list_648da176fd\",\"ext\":\".jpg\",\"mime\":\"image/jpeg\",\"width\":245,\"height\":85,\"size\":4.25,\"path\":null,\"url\":\"/uploads/thumbnail_list_648da176fd.jpg\"},\"medium\":{\"name\":\"medium_list.jpg\",\"hash\":\"medium_list_648da176fd\",\"ext\":\".jpg\",\"mime\":\"image/jpeg\",\"width\":750,\"height\":259,\"size\":27.3,\"path\":null,\"url\":\"/uploads/medium_list_648da176fd.jpg\"},\"small\":{\"name\":\"small_list.jpg\",\"hash\":\"small_list_648da176fd\",\"ext\":\".jpg\",\"mime\":\"image/jpeg\",\"width\":500,\"height\":173,\"size\":13.81,\"path\":null,\"url\":\"/uploads/small_list_648da176fd.jpg\"}}','list_648da176fd','.jpg','image/jpeg',36.44,'/uploads/list_648da176fd.jpg',NULL,'local',NULL,1,1,'2021-06-14 22:53:10','2021-06-14 22:53:11'),(27,'2-CP.jpg','','',585,331,'{\"thumbnail\":{\"name\":\"thumbnail_2-CP.jpg\",\"hash\":\"thumbnail_2_CP_7190dd2535\",\"ext\":\".jpg\",\"mime\":\"image/jpeg\",\"width\":245,\"height\":139,\"size\":4.74,\"path\":null,\"url\":\"/uploads/thumbnail_2_CP_7190dd2535.jpg\"},\"small\":{\"name\":\"small_2-CP.jpg\",\"hash\":\"small_2_CP_7190dd2535\",\"ext\":\".jpg\",\"mime\":\"image/jpeg\",\"width\":500,\"height\":283,\"size\":13.7,\"path\":null,\"url\":\"/uploads/small_2_CP_7190dd2535.jpg\"}}','2_CP_7190dd2535','.jpg','image/jpeg',17.13,'/uploads/2_CP_7190dd2535.jpg',NULL,'local',NULL,1,1,'2021-06-14 22:55:08','2021-06-14 22:55:08'),(28,'UAC-1-malw.jpg','','',561,415,'{\"thumbnail\":{\"name\":\"thumbnail_UAC-1-malw.jpg\",\"hash\":\"thumbnail_UAC_1_malw_c5fe03974d\",\"ext\":\".jpg\",\"mime\":\"image/jpeg\",\"width\":211,\"height\":156,\"size\":6.59,\"path\":null,\"url\":\"/uploads/thumbnail_UAC_1_malw_c5fe03974d.jpg\"},\"small\":{\"name\":\"small_UAC-1-malw.jpg\",\"hash\":\"small_UAC_1_malw_c5fe03974d\",\"ext\":\".jpg\",\"mime\":\"image/jpeg\",\"width\":500,\"height\":370,\"size\":22.12,\"path\":null,\"url\":\"/uploads/small_UAC_1_malw_c5fe03974d.jpg\"}}','UAC_1_malw_c5fe03974d','.jpg','image/jpeg',24.90,'/uploads/UAC_1_malw_c5fe03974d.jpg',NULL,'local',NULL,1,1,'2021-06-14 22:55:35','2021-06-14 22:55:35'),(29,'welcome-1.jpg','','',585,461,'{\"thumbnail\":{\"name\":\"thumbnail_welcome-1.jpg\",\"hash\":\"thumbnail_welcome_1_98a0b99e27\",\"ext\":\".jpg\",\"mime\":\"image/jpeg\",\"width\":198,\"height\":156,\"size\":6.61,\"path\":null,\"url\":\"/uploads/thumbnail_welcome_1_98a0b99e27.jpg\"},\"small\":{\"name\":\"small_welcome-1.jpg\",\"hash\":\"small_welcome_1_98a0b99e27\",\"ext\":\".jpg\",\"mime\":\"image/jpeg\",\"width\":500,\"height\":394,\"size\":25.71,\"path\":null,\"url\":\"/uploads/small_welcome_1_98a0b99e27.jpg\"}}','welcome_1_98a0b99e27','.jpg','image/jpeg',32.77,'/uploads/welcome_1_98a0b99e27.jpg',NULL,'local',NULL,1,1,'2021-06-14 22:56:53','2021-06-14 22:56:53'),(30,'malw-complete.jpg','','',585,490,'{\"thumbnail\":{\"name\":\"thumbnail_malw-complete.jpg\",\"hash\":\"thumbnail_malw_complete_17b39dd5e8\",\"ext\":\".jpg\",\"mime\":\"image/jpeg\",\"width\":186,\"height\":156,\"size\":6.15,\"path\":null,\"url\":\"/uploads/thumbnail_malw_complete_17b39dd5e8.jpg\"},\"small\":{\"name\":\"small_malw-complete.jpg\",\"hash\":\"small_malw_complete_17b39dd5e8\",\"ext\":\".jpg\",\"mime\":\"image/jpeg\",\"width\":500,\"height\":419,\"size\":23.79,\"path\":null,\"url\":\"/uploads/small_malw_complete_17b39dd5e8.jpg\"}}','malw_complete_17b39dd5e8','.jpg','image/jpeg',27.89,'/uploads/malw_complete_17b39dd5e8.jpg',NULL,'local',NULL,1,1,'2021-06-14 22:57:16','2021-06-14 22:57:16'),(31,'scan-malw.jpg','','',685,476,'{\"thumbnail\":{\"name\":\"thumbnail_scan-malw.jpg\",\"hash\":\"thumbnail_scan_malw_22a5c6b880\",\"ext\":\".jpg\",\"mime\":\"image/jpeg\",\"width\":224,\"height\":156,\"size\":7.07,\"path\":null,\"url\":\"/uploads/thumbnail_scan_malw_22a5c6b880.jpg\"},\"small\":{\"name\":\"small_scan-malw.jpg\",\"hash\":\"small_scan_malw_22a5c6b880\",\"ext\":\".jpg\",\"mime\":\"image/jpeg\",\"width\":500,\"height\":347,\"size\":23.45,\"path\":null,\"url\":\"/uploads/small_scan_malw_22a5c6b880.jpg\"}}','scan_malw_22a5c6b880','.jpg','image/jpeg',37.65,'/uploads/scan_malw_22a5c6b880.jpg',NULL,'local',NULL,1,1,'2021-06-14 22:58:13','2021-06-14 22:58:13'),(32,'mw1.jpg','','',685,471,'{\"thumbnail\":{\"name\":\"thumbnail_mw1.jpg\",\"hash\":\"thumbnail_mw1_d2a6e4d4ec\",\"ext\":\".jpg\",\"mime\":\"image/jpeg\",\"width\":227,\"height\":156,\"size\":7.36,\"path\":null,\"url\":\"/uploads/thumbnail_mw1_d2a6e4d4ec.jpg\"},\"small\":{\"name\":\"small_mw1.jpg\",\"hash\":\"small_mw1_d2a6e4d4ec\",\"ext\":\".jpg\",\"mime\":\"image/jpeg\",\"width\":500,\"height\":344,\"size\":24.41,\"path\":null,\"url\":\"/uploads/small_mw1_d2a6e4d4ec.jpg\"}}','mw1_d2a6e4d4ec','.jpg','image/jpeg',38.47,'/uploads/mw1_d2a6e4d4ec.jpg',NULL,'local',NULL,1,1,'2021-06-14 22:59:05','2021-06-14 22:59:05'),(33,'qua.jpg','','',685,477,'{\"thumbnail\":{\"name\":\"thumbnail_qua.jpg\",\"hash\":\"thumbnail_qua_432f4fb97f\",\"ext\":\".jpg\",\"mime\":\"image/jpeg\",\"width\":224,\"height\":156,\"size\":8.55,\"path\":null,\"url\":\"/uploads/thumbnail_qua_432f4fb97f.jpg\"},\"small\":{\"name\":\"small_qua.jpg\",\"hash\":\"small_qua_432f4fb97f\",\"ext\":\".jpg\",\"mime\":\"image/jpeg\",\"width\":500,\"height\":348,\"size\":32.7,\"path\":null,\"url\":\"/uploads/small_qua_432f4fb97f.jpg\"}}','qua_432f4fb97f','.jpg','image/jpeg',56.77,'/uploads/qua_432f4fb97f.jpg',NULL,'local',NULL,1,1,'2021-06-14 22:59:57','2021-06-14 22:59:57'),(34,'finish.jpg','','',685,472,'{\"thumbnail\":{\"name\":\"thumbnail_finish.jpg\",\"hash\":\"thumbnail_finish_ac8c52ac48\",\"ext\":\".jpg\",\"mime\":\"image/jpeg\",\"width\":226,\"height\":156,\"size\":7.6,\"path\":null,\"url\":\"/uploads/thumbnail_finish_ac8c52ac48.jpg\"},\"small\":{\"name\":\"small_finish.jpg\",\"hash\":\"small_finish_ac8c52ac48\",\"ext\":\".jpg\",\"mime\":\"image/jpeg\",\"width\":500,\"height\":345,\"size\":24.37,\"path\":null,\"url\":\"/uploads/small_finish_ac8c52ac48.jpg\"}}','finish_ac8c52ac48','.jpg','image/jpeg',38.47,'/uploads/finish_ac8c52ac48.jpg',NULL,'local',NULL,1,1,'2021-06-14 23:00:50','2021-06-14 23:00:51'),(35,'hit-setup.jpg','','',682,406,'{\"thumbnail\":{\"name\":\"thumbnail_hit-setup.jpg\",\"hash\":\"thumbnail_hit_setup_4df7353670\",\"ext\":\".jpg\",\"mime\":\"image/jpeg\",\"width\":245,\"height\":146,\"size\":7.28,\"path\":null,\"url\":\"/uploads/thumbnail_hit_setup_4df7353670.jpg\"},\"small\":{\"name\":\"small_hit-setup.jpg\",\"hash\":\"small_hit_setup_4df7353670\",\"ext\":\".jpg\",\"mime\":\"image/jpeg\",\"width\":500,\"height\":298,\"size\":20.74,\"path\":null,\"url\":\"/uploads/small_hit_setup_4df7353670.jpg\"}}','hit_setup_4df7353670','.jpg','image/jpeg',31.42,'/uploads/hit_setup_4df7353670.jpg',NULL,'local',NULL,1,1,'2021-06-14 23:01:55','2021-06-14 23:01:55'),(36,'hit-yes.jpg','','',496,363,'{\"thumbnail\":{\"name\":\"thumbnail_hit-yes.jpg\",\"hash\":\"thumbnail_hit_yes_2c16cb382d\",\"ext\":\".jpg\",\"mime\":\"image/jpeg\",\"width\":213,\"height\":156,\"size\":5.83,\"path\":null,\"url\":\"/uploads/thumbnail_hit_yes_2c16cb382d.jpg\"}}','hit_yes_2c16cb382d','.jpg','image/jpeg',19.03,'/uploads/hit_yes_2c16cb382d.jpg',NULL,'local',NULL,1,1,'2021-06-14 23:02:30','2021-06-14 23:02:30'),(37,'hit-next-1.jpg','','',682,545,'{\"thumbnail\":{\"name\":\"thumbnail_hit-next-1.jpg\",\"hash\":\"thumbnail_hit_next_1_c14538a9fd\",\"ext\":\".jpg\",\"mime\":\"image/jpeg\",\"width\":195,\"height\":156,\"size\":5.91,\"path\":null,\"url\":\"/uploads/thumbnail_hit_next_1_c14538a9fd.jpg\"},\"small\":{\"name\":\"small_hit-next-1.jpg\",\"hash\":\"small_hit_next_1_c14538a9fd\",\"ext\":\".jpg\",\"mime\":\"image/jpeg\",\"width\":500,\"height\":400,\"size\":20.91,\"path\":null,\"url\":\"/uploads/small_hit_next_1_c14538a9fd.jpg\"}}','hit_next_1_c14538a9fd','.jpg','image/jpeg',32.46,'/uploads/hit_next_1_c14538a9fd.jpg',NULL,'local',NULL,1,1,'2021-06-14 23:03:24','2021-06-14 23:03:24'),(38,'hit-next-2.jpg','','',675,535,'{\"thumbnail\":{\"name\":\"thumbnail_hit-next-2.jpg\",\"hash\":\"thumbnail_hit_next_2_3b2b157b8e\",\"ext\":\".jpg\",\"mime\":\"image/jpeg\",\"width\":197,\"height\":156,\"size\":6.35,\"path\":null,\"url\":\"/uploads/thumbnail_hit_next_2_3b2b157b8e.jpg\"},\"small\":{\"name\":\"small_hit-next-2.jpg\",\"hash\":\"small_hit_next_2_3b2b157b8e\",\"ext\":\".jpg\",\"mime\":\"image/jpeg\",\"width\":500,\"height\":396,\"size\":24.81,\"path\":null,\"url\":\"/uploads/small_hit_next_2_3b2b157b8e.jpg\"}}','hit_next_2_3b2b157b8e','.jpg','image/jpeg',37.84,'/uploads/hit_next_2_3b2b157b8e.jpg',NULL,'local',NULL,1,1,'2021-06-14 23:04:24','2021-06-14 23:04:24'),(39,'hit-list.jpg','','',684,547,'{\"thumbnail\":{\"name\":\"thumbnail_hit-list.jpg\",\"hash\":\"thumbnail_hit_list_24fdd8af9e\",\"ext\":\".jpg\",\"mime\":\"image/jpeg\",\"width\":195,\"height\":156,\"size\":6.31,\"path\":null,\"url\":\"/uploads/thumbnail_hit_list_24fdd8af9e.jpg\"},\"small\":{\"name\":\"small_hit-list.jpg\",\"hash\":\"small_hit_list_24fdd8af9e\",\"ext\":\".jpg\",\"mime\":\"image/jpeg\",\"width\":500,\"height\":400,\"size\":24.62,\"path\":null,\"url\":\"/uploads/small_hit_list_24fdd8af9e.jpg\"}}','hit_list_24fdd8af9e','.jpg','image/jpeg',37.30,'/uploads/hit_list_24fdd8af9e.jpg',NULL,'local',NULL,1,1,'2021-06-14 23:05:05','2021-06-14 23:05:05'),(40,'hit-next-3.jpg','','',680,549,'{\"thumbnail\":{\"name\":\"thumbnail_hit-next-3.jpg\",\"hash\":\"thumbnail_hit_next_3_8629627865\",\"ext\":\".jpg\",\"mime\":\"image/jpeg\",\"width\":193,\"height\":156,\"size\":7.95,\"path\":null,\"url\":\"/uploads/thumbnail_hit_next_3_8629627865.jpg\"},\"small\":{\"name\":\"small_hit-next-3.jpg\",\"hash\":\"small_hit_next_3_8629627865\",\"ext\":\".jpg\",\"mime\":\"image/jpeg\",\"width\":500,\"height\":404,\"size\":33.84,\"path\":null,\"url\":\"/uploads/small_hit_next_3_8629627865.jpg\"}}','hit_next_3_8629627865','.jpg','image/jpeg',51.59,'/uploads/hit_next_3_8629627865.jpg',NULL,'local',NULL,1,1,'2021-06-14 23:06:00','2021-06-14 23:06:01'),(41,'activate.jpg','','',672,532,'{\"thumbnail\":{\"name\":\"thumbnail_activate.jpg\",\"hash\":\"thumbnail_activate_5d1e46a491\",\"ext\":\".jpg\",\"mime\":\"image/jpeg\",\"width\":197,\"height\":156,\"size\":5.87,\"path\":null,\"url\":\"/uploads/thumbnail_activate_5d1e46a491.jpg\"},\"small\":{\"name\":\"small_activate.jpg\",\"hash\":\"small_activate_5d1e46a491\",\"ext\":\".jpg\",\"mime\":\"image/jpeg\",\"width\":500,\"height\":396,\"size\":22.48,\"path\":null,\"url\":\"/uploads/small_activate_5d1e46a491.jpg\"}}','activate_5d1e46a491','.jpg','image/jpeg',31.50,'/uploads/activate_5d1e46a491.jpg',NULL,'local',NULL,1,1,'2021-06-14 23:07:00','2021-06-14 23:07:00'),(42,'hit-finish.jpg','','',678,524,'{\"thumbnail\":{\"name\":\"thumbnail_hit-finish.jpg\",\"hash\":\"thumbnail_hit_finish_88a1f87543\",\"ext\":\".jpg\",\"mime\":\"image/jpeg\",\"width\":202,\"height\":156,\"size\":6.62,\"path\":null,\"url\":\"/uploads/thumbnail_hit_finish_88a1f87543.jpg\"},\"small\":{\"name\":\"small_hit-finish.jpg\",\"hash\":\"small_hit_finish_88a1f87543\",\"ext\":\".jpg\",\"mime\":\"image/jpeg\",\"width\":500,\"height\":386,\"size\":26.56,\"path\":null,\"url\":\"/uploads/small_hit_finish_88a1f87543.jpg\"}}','hit_finish_88a1f87543','.jpg','image/jpeg',39.19,'/uploads/hit_finish_88a1f87543.jpg',NULL,'local',NULL,1,1,'2021-06-14 23:07:33','2021-06-14 23:07:34'),(43,'sefty-696x571.jpg','','',696,571,'{\"thumbnail\":{\"name\":\"thumbnail_sefty-696x571.jpg\",\"hash\":\"thumbnail_sefty_696x571_7f25255d16\",\"ext\":\".jpg\",\"mime\":\"image/jpeg\",\"width\":190,\"height\":156,\"size\":5.67,\"path\":null,\"url\":\"/uploads/thumbnail_sefty_696x571_7f25255d16.jpg\"},\"small\":{\"name\":\"small_sefty-696x571.jpg\",\"hash\":\"small_sefty_696x571_7f25255d16\",\"ext\":\".jpg\",\"mime\":\"image/jpeg\",\"width\":500,\"height\":410,\"size\":23.9,\"path\":null,\"url\":\"/uploads/small_sefty_696x571_7f25255d16.jpg\"}}','sefty_696x571_7f25255d16','.jpg','image/jpeg',38.41,'/uploads/sefty_696x571_7f25255d16.jpg',NULL,'local',NULL,1,1,'2021-06-14 23:28:37','2021-06-14 23:28:37'),(44,'ebook-3106982_1280-696x464.jpg','','',696,464,'{\"thumbnail\":{\"name\":\"thumbnail_ebook-3106982_1280-696x464.jpg\",\"hash\":\"thumbnail_ebook_3106982_1280_696x464_270e9f8111\",\"ext\":\".jpg\",\"mime\":\"image/jpeg\",\"width\":234,\"height\":156,\"size\":9.31,\"path\":null,\"url\":\"/uploads/thumbnail_ebook_3106982_1280_696x464_270e9f8111.jpg\"},\"small\":{\"name\":\"small_ebook-3106982_1280-696x464.jpg\",\"hash\":\"small_ebook_3106982_1280_696x464_270e9f8111\",\"ext\":\".jpg\",\"mime\":\"image/jpeg\",\"width\":500,\"height\":333,\"size\":32.67,\"path\":null,\"url\":\"/uploads/small_ebook_3106982_1280_696x464_270e9f8111.jpg\"}}','ebook_3106982_1280_696x464_270e9f8111','.jpg','image/jpeg',56.54,'/uploads/ebook_3106982_1280_696x464_270e9f8111.jpg',NULL,'local',NULL,1,1,'2021-06-14 23:30:13','2021-06-14 23:30:14'),(45,'air-purifier-near-sofa.jpg','','',700,400,'{\"thumbnail\":{\"name\":\"thumbnail_air-purifier-near-sofa.jpg\",\"hash\":\"thumbnail_air_purifier_near_sofa_b440e1c5d3\",\"ext\":\".jpg\",\"mime\":\"image/jpeg\",\"width\":245,\"height\":140,\"size\":7.66,\"path\":null,\"url\":\"/uploads/thumbnail_air_purifier_near_sofa_b440e1c5d3.jpg\"},\"small\":{\"name\":\"small_air-purifier-near-sofa.jpg\",\"hash\":\"small_air_purifier_near_sofa_b440e1c5d3\",\"ext\":\".jpg\",\"mime\":\"image/jpeg\",\"width\":500,\"height\":286,\"size\":25.82,\"path\":null,\"url\":\"/uploads/small_air_purifier_near_sofa_b440e1c5d3.jpg\"}}','air_purifier_near_sofa_b440e1c5d3','.jpg','image/jpeg',43.17,'/uploads/air_purifier_near_sofa_b440e1c5d3.jpg',NULL,'local',NULL,1,1,'2021-06-14 23:31:27','2021-06-14 23:31:27'),(46,'car2-300x231.png','','',300,231,'{\"thumbnail\":{\"name\":\"thumbnail_car2-300x231.png\",\"hash\":\"thumbnail_car2_300x231_66b715e925\",\"ext\":\".png\",\"mime\":\"image/png\",\"width\":203,\"height\":156,\"size\":63.41,\"path\":null,\"url\":\"/uploads/thumbnail_car2_300x231_66b715e925.png\"}}','car2_300x231_66b715e925','.png','image/png',94.90,'/uploads/car2_300x231_66b715e925.png',NULL,'local',NULL,1,1,'2021-06-16 01:10:25','2021-06-16 01:10:25'),(47,'big-data-benefits.jpg','','',1502,1002,'{\"thumbnail\":{\"name\":\"thumbnail_big-data-benefits.jpg\",\"hash\":\"thumbnail_big_data_benefits_dbcb649031\",\"ext\":\".jpg\",\"mime\":\"image/jpeg\",\"width\":234,\"height\":156,\"size\":10.5,\"path\":null,\"url\":\"/uploads/thumbnail_big_data_benefits_dbcb649031.jpg\"},\"large\":{\"name\":\"large_big-data-benefits.jpg\",\"hash\":\"large_big_data_benefits_dbcb649031\",\"ext\":\".jpg\",\"mime\":\"image/jpeg\",\"width\":1000,\"height\":667,\"size\":131.36,\"path\":null,\"url\":\"/uploads/large_big_data_benefits_dbcb649031.jpg\"},\"medium\":{\"name\":\"medium_big-data-benefits.jpg\",\"hash\":\"medium_big_data_benefits_dbcb649031\",\"ext\":\".jpg\",\"mime\":\"image/jpeg\",\"width\":750,\"height\":500,\"size\":77.72,\"path\":null,\"url\":\"/uploads/medium_big_data_benefits_dbcb649031.jpg\"},\"small\":{\"name\":\"small_big-data-benefits.jpg\",\"hash\":\"small_big_data_benefits_dbcb649031\",\"ext\":\".jpg\",\"mime\":\"image/jpeg\",\"width\":500,\"height\":334,\"size\":38.46,\"path\":null,\"url\":\"/uploads/small_big_data_benefits_dbcb649031.jpg\"}}','big_data_benefits_dbcb649031','.jpg','image/jpeg',279.90,'/uploads/big_data_benefits_dbcb649031.jpg',NULL,'local',NULL,1,1,'2021-06-16 01:45:46','2021-06-16 01:45:46'),(48,'time-wallpaper-2.jpg','','',2048,1316,'{\"thumbnail\":{\"name\":\"thumbnail_time-wallpaper-2.jpg\",\"hash\":\"thumbnail_time_wallpaper_2_ebe6df08a0\",\"ext\":\".jpg\",\"mime\":\"image/jpeg\",\"width\":243,\"height\":156,\"size\":6.38,\"path\":null,\"url\":\"/uploads/thumbnail_time_wallpaper_2_ebe6df08a0.jpg\"},\"large\":{\"name\":\"large_time-wallpaper-2.jpg\",\"hash\":\"large_time_wallpaper_2_ebe6df08a0\",\"ext\":\".jpg\",\"mime\":\"image/jpeg\",\"width\":1000,\"height\":643,\"size\":59.02,\"path\":null,\"url\":\"/uploads/large_time_wallpaper_2_ebe6df08a0.jpg\"},\"medium\":{\"name\":\"medium_time-wallpaper-2.jpg\",\"hash\":\"medium_time_wallpaper_2_ebe6df08a0\",\"ext\":\".jpg\",\"mime\":\"image/jpeg\",\"width\":750,\"height\":482,\"size\":37.65,\"path\":null,\"url\":\"/uploads/medium_time_wallpaper_2_ebe6df08a0.jpg\"},\"small\":{\"name\":\"small_time-wallpaper-2.jpg\",\"hash\":\"small_time_wallpaper_2_ebe6df08a0\",\"ext\":\".jpg\",\"mime\":\"image/jpeg\",\"width\":500,\"height\":321,\"size\":18.83,\"path\":null,\"url\":\"/uploads/small_time_wallpaper_2_ebe6df08a0.jpg\"}}','time_wallpaper_2_ebe6df08a0','.jpg','image/jpeg',181.68,'/uploads/time_wallpaper_2_ebe6df08a0.jpg',NULL,'local',NULL,1,1,'2021-06-16 01:52:43','2021-06-16 01:52:43'),(49,'shutterstock.jpg','','',1024,683,'{\"thumbnail\":{\"name\":\"thumbnail_shutterstock.jpg\",\"hash\":\"thumbnail_shutterstock_899181852e\",\"ext\":\".jpg\",\"mime\":\"image/jpeg\",\"width\":234,\"height\":156,\"size\":7.94,\"path\":null,\"url\":\"/uploads/thumbnail_shutterstock_899181852e.jpg\"},\"large\":{\"name\":\"large_shutterstock.jpg\",\"hash\":\"large_shutterstock_899181852e\",\"ext\":\".jpg\",\"mime\":\"image/jpeg\",\"width\":1000,\"height\":667,\"size\":58.11,\"path\":null,\"url\":\"/uploads/large_shutterstock_899181852e.jpg\"},\"medium\":{\"name\":\"medium_shutterstock.jpg\",\"hash\":\"medium_shutterstock_899181852e\",\"ext\":\".jpg\",\"mime\":\"image/jpeg\",\"width\":750,\"height\":500,\"size\":38.28,\"path\":null,\"url\":\"/uploads/medium_shutterstock_899181852e.jpg\"},\"small\":{\"name\":\"small_shutterstock.jpg\",\"hash\":\"small_shutterstock_899181852e\",\"ext\":\".jpg\",\"mime\":\"image/jpeg\",\"width\":500,\"height\":333,\"size\":21.42,\"path\":null,\"url\":\"/uploads/small_shutterstock_899181852e.jpg\"}}','shutterstock_899181852e','.jpg','image/jpeg',60.94,'/uploads/shutterstock_899181852e.jpg',NULL,'local',NULL,1,1,'2021-06-16 01:54:55','2021-06-16 01:54:55'),(50,'mongol.jpg','','',1000,751,'{\"thumbnail\":{\"name\":\"thumbnail_mongol.jpg\",\"hash\":\"thumbnail_mongol_9c6e0fab97\",\"ext\":\".jpg\",\"mime\":\"image/jpeg\",\"width\":208,\"height\":156,\"size\":7.19,\"path\":null,\"url\":\"/uploads/thumbnail_mongol_9c6e0fab97.jpg\"},\"medium\":{\"name\":\"medium_mongol.jpg\",\"hash\":\"medium_mongol_9c6e0fab97\",\"ext\":\".jpg\",\"mime\":\"image/jpeg\",\"width\":750,\"height\":563,\"size\":45.2,\"path\":null,\"url\":\"/uploads/medium_mongol_9c6e0fab97.jpg\"},\"small\":{\"name\":\"small_mongol.jpg\",\"hash\":\"small_mongol_9c6e0fab97\",\"ext\":\".jpg\",\"mime\":\"image/jpeg\",\"width\":500,\"height\":376,\"size\":26.38,\"path\":null,\"url\":\"/uploads/small_mongol_9c6e0fab97.jpg\"}}','mongol_9c6e0fab97','.jpg','image/jpeg',63.91,'/uploads/mongol_9c6e0fab97.jpg',NULL,'local',NULL,1,1,'2021-06-16 22:08:59','2021-06-16 22:08:59'),(51,'4-4-1.jpg','','',960,812,'{\"thumbnail\":{\"name\":\"thumbnail_4-4-1.jpg\",\"hash\":\"thumbnail_4_4_1_217bc13ccd\",\"ext\":\".jpg\",\"mime\":\"image/jpeg\",\"width\":184,\"height\":156,\"size\":4.14,\"path\":null,\"url\":\"/uploads/thumbnail_4_4_1_217bc13ccd.jpg\"},\"medium\":{\"name\":\"medium_4-4-1.jpg\",\"hash\":\"medium_4_4_1_217bc13ccd\",\"ext\":\".jpg\",\"mime\":\"image/jpeg\",\"width\":750,\"height\":634,\"size\":41.17,\"path\":null,\"url\":\"/uploads/medium_4_4_1_217bc13ccd.jpg\"},\"small\":{\"name\":\"small_4-4-1.jpg\",\"hash\":\"small_4_4_1_217bc13ccd\",\"ext\":\".jpg\",\"mime\":\"image/jpeg\",\"width\":500,\"height\":423,\"size\":21.67,\"path\":null,\"url\":\"/uploads/small_4_4_1_217bc13ccd.jpg\"}}','4_4_1_217bc13ccd','.jpg','image/jpeg',57.68,'/uploads/4_4_1_217bc13ccd.jpg',NULL,'local',NULL,1,1,'2021-06-16 22:10:15','2021-06-16 22:10:15'),(52,'batlamj2.jpg','','',960,812,'{\"thumbnail\":{\"name\":\"thumbnail_batlamj2.jpg\",\"hash\":\"thumbnail_batlamj2_711e290c9f\",\"ext\":\".jpg\",\"mime\":\"image/jpeg\",\"width\":184,\"height\":156,\"size\":4.13,\"path\":null,\"url\":\"/uploads/thumbnail_batlamj2_711e290c9f.jpg\"},\"medium\":{\"name\":\"medium_batlamj2.jpg\",\"hash\":\"medium_batlamj2_711e290c9f\",\"ext\":\".jpg\",\"mime\":\"image/jpeg\",\"width\":750,\"height\":634,\"size\":42.72,\"path\":null,\"url\":\"/uploads/medium_batlamj2_711e290c9f.jpg\"},\"small\":{\"name\":\"small_batlamj2.jpg\",\"hash\":\"small_batlamj2_711e290c9f\",\"ext\":\".jpg\",\"mime\":\"image/jpeg\",\"width\":500,\"height\":423,\"size\":22.2,\"path\":null,\"url\":\"/uploads/small_batlamj2_711e290c9f.jpg\"}}','batlamj2_711e290c9f','.jpg','image/jpeg',62.55,'/uploads/batlamj2_711e290c9f.jpg',NULL,'local',NULL,1,1,'2021-06-17 00:35:26','2021-06-17 00:35:26'),(53,'batlamj3.jpg','','',960,812,'{\"thumbnail\":{\"name\":\"thumbnail_batlamj3.jpg\",\"hash\":\"thumbnail_batlamj3_3f0364a77f\",\"ext\":\".jpg\",\"mime\":\"image/jpeg\",\"width\":184,\"height\":156,\"size\":4.36,\"path\":null,\"url\":\"/uploads/thumbnail_batlamj3_3f0364a77f.jpg\"},\"medium\":{\"name\":\"medium_batlamj3.jpg\",\"hash\":\"medium_batlamj3_3f0364a77f\",\"ext\":\".jpg\",\"mime\":\"image/jpeg\",\"width\":750,\"height\":634,\"size\":45.65,\"path\":null,\"url\":\"/uploads/medium_batlamj3_3f0364a77f.jpg\"},\"small\":{\"name\":\"small_batlamj3.jpg\",\"hash\":\"small_batlamj3_3f0364a77f\",\"ext\":\".jpg\",\"mime\":\"image/jpeg\",\"width\":500,\"height\":423,\"size\":22.01,\"path\":null,\"url\":\"/uploads/small_batlamj3_3f0364a77f.jpg\"}}','batlamj3_3f0364a77f','.jpg','image/jpeg',64.98,'/uploads/batlamj3_3f0364a77f.jpg',NULL,'local',NULL,1,1,'2021-06-17 00:35:57','2021-06-17 00:35:57'),(54,'batlamj4.jpg','','',960,812,'{\"thumbnail\":{\"name\":\"thumbnail_batlamj4.jpg\",\"hash\":\"thumbnail_batlamj4_60da66012b\",\"ext\":\".jpg\",\"mime\":\"image/jpeg\",\"width\":184,\"height\":156,\"size\":5.89,\"path\":null,\"url\":\"/uploads/thumbnail_batlamj4_60da66012b.jpg\"},\"medium\":{\"name\":\"medium_batlamj4.jpg\",\"hash\":\"medium_batlamj4_60da66012b\",\"ext\":\".jpg\",\"mime\":\"image/jpeg\",\"width\":750,\"height\":634,\"size\":51.01,\"path\":null,\"url\":\"/uploads/medium_batlamj4_60da66012b.jpg\"},\"small\":{\"name\":\"small_batlamj4.jpg\",\"hash\":\"small_batlamj4_60da66012b\",\"ext\":\".jpg\",\"mime\":\"image/jpeg\",\"width\":500,\"height\":423,\"size\":27.09,\"path\":null,\"url\":\"/uploads/small_batlamj4_60da66012b.jpg\"}}','batlamj4_60da66012b','.jpg','image/jpeg',74.78,'/uploads/batlamj4_60da66012b.jpg',NULL,'local',NULL,1,1,'2021-06-17 00:36:21','2021-06-17 00:36:21'),(56,'test123.pdf','','',NULL,NULL,NULL,'test123_6077e088b5','.pdf','application/pdf',2774.40,'/uploads/test123_6077e088b5.pdf',NULL,'local',NULL,1,1,'2021-06-17 17:58:54','2021-06-17 17:58:54'),(62,'dd.txt',NULL,NULL,NULL,NULL,NULL,'dd_c8ef3b3aca','.txt','text/plain',0.12,'/uploads/dd_c8ef3b3aca.txt',NULL,'local',NULL,NULL,NULL,'2021-06-22 02:16:45','2021-06-22 02:16:45'),(63,'2-CP.jpg',NULL,NULL,585,331,'{\"thumbnail\":{\"name\":\"thumbnail_2-CP.jpg\",\"hash\":\"thumbnail_2_CP_ded8209020\",\"ext\":\".jpg\",\"mime\":\"image/jpeg\",\"width\":245,\"height\":139,\"size\":4.74,\"path\":null,\"url\":\"/uploads/thumbnail_2_CP_ded8209020.jpg\"},\"small\":{\"name\":\"small_2-CP.jpg\",\"hash\":\"small_2_CP_ded8209020\",\"ext\":\".jpg\",\"mime\":\"image/jpeg\",\"width\":500,\"height\":283,\"size\":13.7,\"path\":null,\"url\":\"/uploads/small_2_CP_ded8209020.jpg\"}}','2_CP_ded8209020','.jpg','image/jpeg',17.13,'/uploads/2_CP_ded8209020.jpg',NULL,'local',NULL,NULL,NULL,'2021-06-22 02:21:06','2021-06-22 02:21:06'),(64,'hero_test.png',NULL,NULL,1280,500,'{\"thumbnail\":{\"name\":\"thumbnail_hero_test.png\",\"hash\":\"thumbnail_hero_test_5dd420051d\",\"ext\":\".png\",\"mime\":\"image/png\",\"width\":245,\"height\":96,\"size\":10.9,\"path\":null,\"url\":\"/uploads/thumbnail_hero_test_5dd420051d.png\"},\"large\":{\"name\":\"large_hero_test.png\",\"hash\":\"large_hero_test_5dd420051d\",\"ext\":\".png\",\"mime\":\"image/png\",\"width\":1000,\"height\":391,\"size\":86.87,\"path\":null,\"url\":\"/uploads/large_hero_test_5dd420051d.png\"},\"medium\":{\"name\":\"medium_hero_test.png\",\"hash\":\"medium_hero_test_5dd420051d\",\"ext\":\".png\",\"mime\":\"image/png\",\"width\":750,\"height\":293,\"size\":58.59,\"path\":null,\"url\":\"/uploads/medium_hero_test_5dd420051d.png\"},\"small\":{\"name\":\"small_hero_test.png\",\"hash\":\"small_hero_test_5dd420051d\",\"ext\":\".png\",\"mime\":\"image/png\",\"width\":500,\"height\":195,\"size\":32.88,\"path\":null,\"url\":\"/uploads/small_hero_test_5dd420051d.png\"}}','hero_test_5dd420051d','.png','image/png',84.00,'/uploads/hero_test_5dd420051d.png',NULL,'local',NULL,NULL,NULL,'2021-06-22 04:07:41','2021-06-22 04:07:41'),(65,'Fotolia_95875641_Subscription_Monthly_M-1068x700-696x456.jpg',NULL,NULL,696,456,'{\"thumbnail\":{\"name\":\"thumbnail_Fotolia_95875641_Subscription_Monthly_M-1068x700-696x456.jpg\",\"hash\":\"thumbnail_Fotolia_95875641_Subscription_Monthly_M_1068x700_696x456_a5f7e76e3c\",\"ext\":\".jpg\",\"mime\":\"image/jpeg\",\"width\":238,\"height\":156,\"size\":5.36,\"path\":null,\"url\":\"/uploads/thumbnail_Fotolia_95875641_Subscription_Monthly_M_1068x700_696x456_a5f7e76e3c.jpg\"},\"small\":{\"name\":\"small_Fotolia_95875641_Subscription_Monthly_M-1068x700-696x456.jpg\",\"hash\":\"small_Fotolia_95875641_Subscription_Monthly_M_1068x700_696x456_a5f7e76e3c\",\"ext\":\".jpg\",\"mime\":\"image/jpeg\",\"width\":500,\"height\":328,\"size\":14.23,\"path\":null,\"url\":\"/uploads/small_Fotolia_95875641_Subscription_Monthly_M_1068x700_696x456_a5f7e76e3c.jpg\"}}','Fotolia_95875641_Subscription_Monthly_M_1068x700_696x456_a5f7e76e3c','.jpg','image/jpeg',22.20,'/uploads/Fotolia_95875641_Subscription_Monthly_M_1068x700_696x456_a5f7e76e3c.jpg',NULL,'local',NULL,NULL,NULL,'2021-06-22 05:03:49','2021-06-22 05:03:49'),(66,'Fotolia_95875641_Subscription_Monthly_M-1068x700-696x456.jpg',NULL,NULL,696,456,'{\"thumbnail\":{\"name\":\"thumbnail_Fotolia_95875641_Subscription_Monthly_M-1068x700-696x456.jpg\",\"hash\":\"thumbnail_Fotolia_95875641_Subscription_Monthly_M_1068x700_696x456_1ab0fedceb\",\"ext\":\".jpg\",\"mime\":\"image/jpeg\",\"width\":238,\"height\":156,\"size\":5.36,\"path\":null,\"url\":\"/uploads/thumbnail_Fotolia_95875641_Subscription_Monthly_M_1068x700_696x456_1ab0fedceb.jpg\"},\"small\":{\"name\":\"small_Fotolia_95875641_Subscription_Monthly_M-1068x700-696x456.jpg\",\"hash\":\"small_Fotolia_95875641_Subscription_Monthly_M_1068x700_696x456_1ab0fedceb\",\"ext\":\".jpg\",\"mime\":\"image/jpeg\",\"width\":500,\"height\":328,\"size\":14.23,\"path\":null,\"url\":\"/uploads/small_Fotolia_95875641_Subscription_Monthly_M_1068x700_696x456_1ab0fedceb.jpg\"}}','Fotolia_95875641_Subscription_Monthly_M_1068x700_696x456_1ab0fedceb','.jpg','image/jpeg',22.20,'/uploads/Fotolia_95875641_Subscription_Monthly_M_1068x700_696x456_1ab0fedceb.jpg',NULL,'local',NULL,NULL,NULL,'2021-06-22 05:05:05','2021-06-22 05:05:05'),(67,'car2-300x231.png',NULL,NULL,300,231,'{\"thumbnail\":{\"name\":\"thumbnail_car2-300x231.png\",\"hash\":\"thumbnail_car2_300x231_74ab2ddb2b\",\"ext\":\".png\",\"mime\":\"image/png\",\"width\":203,\"height\":156,\"size\":63.41,\"path\":null,\"url\":\"/uploads/thumbnail_car2_300x231_74ab2ddb2b.png\"}}','car2_300x231_74ab2ddb2b','.png','image/png',94.90,'/uploads/car2_300x231_74ab2ddb2b.png',NULL,'local',NULL,NULL,NULL,'2021-06-22 05:08:42','2021-06-22 05:08:42'),(68,'hit-setup.jpg',NULL,NULL,682,406,'{\"thumbnail\":{\"name\":\"thumbnail_hit-setup.jpg\",\"hash\":\"thumbnail_hit_setup_bb8a1d33a2\",\"ext\":\".jpg\",\"mime\":\"image/jpeg\",\"width\":245,\"height\":146,\"size\":7.28,\"path\":null,\"url\":\"/uploads/thumbnail_hit_setup_bb8a1d33a2.jpg\"},\"small\":{\"name\":\"small_hit-setup.jpg\",\"hash\":\"small_hit_setup_bb8a1d33a2\",\"ext\":\".jpg\",\"mime\":\"image/jpeg\",\"width\":500,\"height\":298,\"size\":20.74,\"path\":null,\"url\":\"/uploads/small_hit_setup_bb8a1d33a2.jpg\"}}','hit_setup_bb8a1d33a2','.jpg','image/jpeg',31.42,'/uploads/hit_setup_bb8a1d33a2.jpg',NULL,'local',NULL,NULL,NULL,'2021-06-23 04:54:53','2021-06-23 04:54:53'),(69,'mw1.jpg',NULL,NULL,685,471,'{\"thumbnail\":{\"name\":\"thumbnail_mw1.jpg\",\"hash\":\"thumbnail_mw1_d24475d661\",\"ext\":\".jpg\",\"mime\":\"image/jpeg\",\"width\":227,\"height\":156,\"size\":7.36,\"path\":null,\"url\":\"/uploads/thumbnail_mw1_d24475d661.jpg\"},\"small\":{\"name\":\"small_mw1.jpg\",\"hash\":\"small_mw1_d24475d661\",\"ext\":\".jpg\",\"mime\":\"image/jpeg\",\"width\":500,\"height\":344,\"size\":24.41,\"path\":null,\"url\":\"/uploads/small_mw1_d24475d661.jpg\"}}','mw1_d24475d661','.jpg','image/jpeg',38.47,'/uploads/mw1_d24475d661.jpg',NULL,'local',NULL,NULL,NULL,'2021-06-23 05:48:53','2021-06-23 05:48:53'),(74,'test.txt','','',NULL,NULL,NULL,'test_7e02faf682','.txt','text/plain',0.02,'/uploads/test_7e02faf682.txt',NULL,'local',NULL,1,1,'2021-06-28 23:34:29','2021-06-28 23:34:29'),(75,'2j222uo3qbtdarcnfob9u4i2u4_m.jpg',NULL,NULL,300,261,'{\"thumbnail\":{\"name\":\"thumbnail_2j222uo3qbtdarcnfob9u4i2u4_m.jpg\",\"hash\":\"thumbnail_2j222uo3qbtdarcnfob9u4i2u4_m_32b0435d6d\",\"ext\":\".jpg\",\"mime\":\"image/jpeg\",\"width\":179,\"height\":156,\"size\":3.88,\"path\":null,\"url\":\"/uploads/thumbnail_2j222uo3qbtdarcnfob9u4i2u4_m_32b0435d6d.jpg\"}}','2j222uo3qbtdarcnfob9u4i2u4_m_32b0435d6d','.jpg','image/jpeg',7.23,'/uploads/2j222uo3qbtdarcnfob9u4i2u4_m_32b0435d6d.jpg',NULL,'local',NULL,NULL,NULL,'2021-07-02 05:52:25','2021-07-02 05:52:25'),(76,'steak.jpg',NULL,NULL,1540,800,'{\"thumbnail\":{\"name\":\"thumbnail_steak.jpg\",\"hash\":\"thumbnail_steak_b3aa49b249\",\"ext\":\".jpg\",\"mime\":\"image/jpeg\",\"width\":245,\"height\":127,\"size\":11.48,\"path\":null,\"url\":\"/uploads/thumbnail_steak_b3aa49b249.jpg\"},\"large\":{\"name\":\"large_steak.jpg\",\"hash\":\"large_steak_b3aa49b249\",\"ext\":\".jpg\",\"mime\":\"image/jpeg\",\"width\":1000,\"height\":519,\"size\":104.63,\"path\":null,\"url\":\"/uploads/large_steak_b3aa49b249.jpg\"},\"medium\":{\"name\":\"medium_steak.jpg\",\"hash\":\"medium_steak_b3aa49b249\",\"ext\":\".jpg\",\"mime\":\"image/jpeg\",\"width\":750,\"height\":390,\"size\":66.63,\"path\":null,\"url\":\"/uploads/medium_steak_b3aa49b249.jpg\"},\"small\":{\"name\":\"small_steak.jpg\",\"hash\":\"small_steak_b3aa49b249\",\"ext\":\".jpg\",\"mime\":\"image/jpeg\",\"width\":500,\"height\":260,\"size\":36.27,\"path\":null,\"url\":\"/uploads/small_steak_b3aa49b249.jpg\"}}','steak_b3aa49b249','.jpg','image/jpeg',176.70,'/uploads/steak_b3aa49b249.jpg',NULL,'local',NULL,NULL,NULL,'2021-07-22 11:29:27','2021-07-22 11:29:27'),(77,'AnyDesk.exe','','',NULL,NULL,NULL,'Any_Desk_98e959834c','.exe','application/x-msdownload',3743.46,'/uploads/Any_Desk_98e959834c.exe',NULL,'local',NULL,1,1,'2021-07-27 10:52:44','2021-07-27 10:52:44'),(78,'UltraViewer_setup_6.4_en.exe','','Ultraviewer',NULL,NULL,NULL,'Ultra_Viewer_setup_6_4_en_cead1cf958','.exe','application/x-msdownload',3239.74,'/uploads/Ultra_Viewer_setup_6_4_en_cead1cf958.exe',NULL,'local',NULL,1,1,'2021-07-27 11:22:12','2021-07-27 11:23:26'),(83,'all.css','','',NULL,NULL,NULL,'all_28d97a25a1','.css','text/css',98.73,'/uploads/all_28d97a25a1.css',NULL,'local',NULL,1,1,'2021-07-29 02:45:43','2021-07-29 02:45:43'),(84,'all.js','','',NULL,NULL,NULL,'all_a849caf061','.js','text/javascript',3970.00,'/uploads/all_a849caf061.js',NULL,'local',NULL,1,1,'2021-07-29 02:45:44','2021-07-29 02:46:24'),(85,'privacy_policy.pdf','','',NULL,NULL,NULL,'privacy_policy_64fb0e247c','.pdf','application/pdf',35.71,'/uploads/privacy_policy_64fb0e247c.pdf',NULL,'local',NULL,1,1,'2021-08-04 07:36:23','2021-08-04 07:36:23'),(86,'pos.jpg',NULL,NULL,2048,1449,'{\"thumbnail\":{\"name\":\"thumbnail_pos.jpg\",\"hash\":\"thumbnail_pos_d2884ade4d\",\"ext\":\".jpg\",\"mime\":\"image/jpeg\",\"width\":220,\"height\":156,\"size\":6.43,\"path\":null,\"url\":\"/uploads/thumbnail_pos_d2884ade4d.jpg\"},\"large\":{\"name\":\"large_pos.jpg\",\"hash\":\"large_pos_d2884ade4d\",\"ext\":\".jpg\",\"mime\":\"image/jpeg\",\"width\":1000,\"height\":708,\"size\":50.21,\"path\":null,\"url\":\"/uploads/large_pos_d2884ade4d.jpg\"},\"medium\":{\"name\":\"medium_pos.jpg\",\"hash\":\"medium_pos_d2884ade4d\",\"ext\":\".jpg\",\"mime\":\"image/jpeg\",\"width\":750,\"height\":531,\"size\":34.88,\"path\":null,\"url\":\"/uploads/medium_pos_d2884ade4d.jpg\"},\"small\":{\"name\":\"small_pos.jpg\",\"hash\":\"small_pos_d2884ade4d\",\"ext\":\".jpg\",\"mime\":\"image/jpeg\",\"width\":500,\"height\":354,\"size\":20.03,\"path\":null,\"url\":\"/uploads/small_pos_d2884ade4d.jpg\"}}','pos_d2884ade4d','.jpg','image/jpeg',129.53,'/uploads/pos_d2884ade4d.jpg',NULL,'local',NULL,NULL,NULL,'2021-09-16 02:58:32','2021-09-16 02:58:32'),(87,'Phar.jpg',NULL,NULL,924,519,'{\"thumbnail\":{\"name\":\"thumbnail_Phar.jpg\",\"hash\":\"thumbnail_Phar_613892c91e\",\"ext\":\".jpg\",\"mime\":\"image/jpeg\",\"width\":245,\"height\":138,\"size\":8.08,\"path\":null,\"url\":\"/uploads/thumbnail_Phar_613892c91e.jpg\"},\"medium\":{\"name\":\"medium_Phar.jpg\",\"hash\":\"medium_Phar_613892c91e\",\"ext\":\".jpg\",\"mime\":\"image/jpeg\",\"width\":750,\"height\":421,\"size\":35.67,\"path\":null,\"url\":\"/uploads/medium_Phar_613892c91e.jpg\"},\"small\":{\"name\":\"small_Phar.jpg\",\"hash\":\"small_Phar_613892c91e\",\"ext\":\".jpg\",\"mime\":\"image/jpeg\",\"width\":500,\"height\":281,\"size\":20.87,\"path\":null,\"url\":\"/uploads/small_Phar_613892c91e.jpg\"}}','Phar_613892c91e','.jpg','image/jpeg',47.16,'/uploads/Phar_613892c91e.jpg',NULL,'local',NULL,NULL,NULL,'2021-09-16 02:59:36','2021-09-16 02:59:36'),(88,'pos.jpg',NULL,NULL,2048,1449,'{\"thumbnail\":{\"name\":\"thumbnail_pos.jpg\",\"hash\":\"thumbnail_pos_b7b585b58f\",\"ext\":\".jpg\",\"mime\":\"image/jpeg\",\"width\":220,\"height\":156,\"size\":6.43,\"path\":null,\"url\":\"/uploads/thumbnail_pos_b7b585b58f.jpg\"},\"large\":{\"name\":\"large_pos.jpg\",\"hash\":\"large_pos_b7b585b58f\",\"ext\":\".jpg\",\"mime\":\"image/jpeg\",\"width\":1000,\"height\":708,\"size\":50.21,\"path\":null,\"url\":\"/uploads/large_pos_b7b585b58f.jpg\"},\"medium\":{\"name\":\"medium_pos.jpg\",\"hash\":\"medium_pos_b7b585b58f\",\"ext\":\".jpg\",\"mime\":\"image/jpeg\",\"width\":750,\"height\":531,\"size\":34.88,\"path\":null,\"url\":\"/uploads/medium_pos_b7b585b58f.jpg\"},\"small\":{\"name\":\"small_pos.jpg\",\"hash\":\"small_pos_b7b585b58f\",\"ext\":\".jpg\",\"mime\":\"image/jpeg\",\"width\":500,\"height\":354,\"size\":20.03,\"path\":null,\"url\":\"/uploads/small_pos_b7b585b58f.jpg\"}}','pos_b7b585b58f','.jpg','image/jpeg',129.53,'/uploads/pos_b7b585b58f.jpg',NULL,'local',NULL,NULL,NULL,'2021-09-16 05:05:50','2021-09-16 05:05:50'),(144,'README.md',NULL,NULL,NULL,NULL,NULL,'README_8feb77c92d','.md','application/octet-stream',3.44,'/uploads/README_8feb77c92d.md',NULL,'local',NULL,NULL,NULL,'2021-10-01 09:53:59','2021-10-01 09:53:59'),(145,'README.md',NULL,NULL,NULL,NULL,NULL,'README_aaa49f4b11','.md','application/octet-stream',3.44,'/uploads/README_aaa49f4b11.md',NULL,'local',NULL,NULL,NULL,'2021-10-01 09:54:28','2021-10-01 09:54:28'),(146,'README.md',NULL,NULL,NULL,NULL,NULL,'README_f728fbc2f5','.md','application/octet-stream',3.44,'/uploads/README_f728fbc2f5.md',NULL,'local',NULL,NULL,NULL,'2021-10-01 09:59:10','2021-10-01 09:59:10'),(147,'package-lock.json',NULL,NULL,NULL,NULL,NULL,'package_lock_917af41b30','.json','application/json',1129.68,'/uploads/package_lock_917af41b30.json',NULL,'local',NULL,NULL,NULL,'2021-10-01 10:36:41','2021-10-01 10:36:41'),(148,'django-note.txt',NULL,NULL,NULL,NULL,NULL,'django_note_ad05f7a42f','.txt','text/plain',0.31,'/uploads/django_note_ad05f7a42f.txt',NULL,'local',NULL,NULL,NULL,'2021-10-04 01:47:47','2021-10-04 01:47:47'),(149,'django-note.txt',NULL,NULL,NULL,NULL,NULL,'django_note_b53c93d387','.txt','text/plain',0.31,'/uploads/django_note_b53c93d387.txt',NULL,'local',NULL,NULL,NULL,'2021-10-04 02:26:50','2021-10-04 02:26:50'),(150,'test123.pdf',NULL,NULL,NULL,NULL,NULL,'test123_bc26426f42','.pdf','application/pdf',2774.40,'/uploads/test123_bc26426f42.pdf',NULL,'local',NULL,NULL,NULL,'2021-10-06 02:08:08','2021-10-06 02:08:08'),(151,'Customers (1).pdf',NULL,NULL,NULL,NULL,NULL,'Customers_1_1209af8939','.pdf','application/pdf',69.78,'/uploads/Customers_1_1209af8939.pdf',NULL,'local',NULL,NULL,NULL,'2021-10-06 02:08:53','2021-10-06 02:08:53'),(152,'Customers (2).pdf',NULL,NULL,NULL,NULL,NULL,'Customers_2_43a51bb372','.pdf','application/pdf',69.78,'/uploads/Customers_2_43a51bb372.pdf',NULL,'local',NULL,NULL,NULL,'2021-10-06 02:21:02','2021-10-06 02:21:02'),(153,'Customers (7).pdf',NULL,NULL,NULL,NULL,NULL,'Customers_7_7382b1586c','.pdf','application/pdf',65.56,'/uploads/Customers_7_7382b1586c.pdf',NULL,'local',NULL,NULL,NULL,'2021-10-06 02:22:46','2021-10-06 02:22:46'),(154,'Customers (7).pdf',NULL,NULL,NULL,NULL,NULL,'Customers_7_d59b488639','.pdf','application/pdf',65.56,'/uploads/Customers_7_d59b488639.pdf',NULL,'local',NULL,NULL,NULL,'2021-10-06 02:26:27','2021-10-06 02:26:27'),(155,'Customers.pdf',NULL,NULL,NULL,NULL,NULL,'Customers_28161da77a','.pdf','application/pdf',40.91,'/uploads/Customers_28161da77a.pdf',NULL,'local',NULL,NULL,NULL,'2021-10-06 02:27:07','2021-10-06 02:27:07'),(156,'202893181_1174460353027808_724231760828149206_n.jpg',NULL,NULL,1080,797,'{\"thumbnail\":{\"name\":\"thumbnail_202893181_1174460353027808_724231760828149206_n.jpg\",\"hash\":\"thumbnail_202893181_1174460353027808_724231760828149206_n_4255d25fa0\",\"ext\":\".jpg\",\"mime\":\"image/jpeg\",\"width\":211,\"height\":156,\"size\":5.86,\"path\":null,\"url\":\"/uploads/thumbnail_202893181_1174460353027808_724231760828149206_n_4255d25fa0.jpg\"},\"large\":{\"name\":\"large_202893181_1174460353027808_724231760828149206_n.jpg\",\"hash\":\"large_202893181_1174460353027808_724231760828149206_n_4255d25fa0\",\"ext\":\".jpg\",\"mime\":\"image/jpeg\",\"width\":1000,\"height\":738,\"size\":71.13,\"path\":null,\"url\":\"/uploads/large_202893181_1174460353027808_724231760828149206_n_4255d25fa0.jpg\"},\"medium\":{\"name\":\"medium_202893181_1174460353027808_724231760828149206_n.jpg\",\"hash\":\"medium_202893181_1174460353027808_724231760828149206_n_4255d25fa0\",\"ext\":\".jpg\",\"mime\":\"image/jpeg\",\"width\":750,\"height\":553,\"size\":46.24,\"path\":null,\"url\":\"/uploads/medium_202893181_1174460353027808_724231760828149206_n_4255d25fa0.jpg\"},\"small\":{\"name\":\"small_202893181_1174460353027808_724231760828149206_n.jpg\",\"hash\":\"small_202893181_1174460353027808_724231760828149206_n_4255d25fa0\",\"ext\":\".jpg\",\"mime\":\"image/jpeg\",\"width\":500,\"height\":369,\"size\":23.72,\"path\":null,\"url\":\"/uploads/small_202893181_1174460353027808_724231760828149206_n_4255d25fa0.jpg\"}}','202893181_1174460353027808_724231760828149206_n_4255d25fa0','.jpg','image/jpeg',61.66,'/uploads/202893181_1174460353027808_724231760828149206_n_4255d25fa0.jpg',NULL,'local',NULL,NULL,NULL,'2021-10-26 06:22:18','2021-10-26 06:22:18'),(157,'marker.png',NULL,NULL,256,256,'{\"thumbnail\":{\"name\":\"thumbnail_marker.png\",\"hash\":\"thumbnail_marker_020ea67731\",\"ext\":\".png\",\"mime\":\"image/png\",\"width\":156,\"height\":156,\"size\":7.78,\"path\":null,\"url\":\"/uploads/thumbnail_marker_020ea67731.png\"}}','marker_020ea67731','.png','image/png',6.40,'/uploads/marker_020ea67731.png',NULL,'local',NULL,NULL,NULL,'2022-02-17 03:37:03','2022-02-17 03:37:03'),(158,'unnamed.png','','',512,288,'{\"thumbnail\":{\"name\":\"thumbnail_unnamed.png\",\"hash\":\"thumbnail_unnamed_bd26010153\",\"ext\":\".png\",\"mime\":\"image/png\",\"width\":245,\"height\":138,\"size\":7.23,\"path\":null,\"url\":\"/uploads/thumbnail_unnamed_bd26010153.png\"},\"small\":{\"name\":\"small_unnamed.png\",\"hash\":\"small_unnamed_bd26010153\",\"ext\":\".png\",\"mime\":\"image/png\",\"width\":500,\"height\":281,\"size\":18.23,\"path\":null,\"url\":\"/uploads/small_unnamed_bd26010153.png\"}}','unnamed_bd26010153','.png','image/png',11.07,'/uploads/unnamed_bd26010153.png',NULL,'local',NULL,1,1,'2022-02-17 08:43:15','2022-02-17 08:43:15'),(159,'anydesk.png','','',900,722,'{\"thumbnail\":{\"name\":\"thumbnail_anydesk.png\",\"hash\":\"thumbnail_anydesk_1934446fd6\",\"ext\":\".png\",\"mime\":\"image/png\",\"width\":194,\"height\":156,\"size\":11.69,\"path\":null,\"url\":\"/uploads/thumbnail_anydesk_1934446fd6.png\"},\"medium\":{\"name\":\"medium_anydesk.png\",\"hash\":\"medium_anydesk_1934446fd6\",\"ext\":\".png\",\"mime\":\"image/png\",\"width\":750,\"height\":602,\"size\":76.07,\"path\":null,\"url\":\"/uploads/medium_anydesk_1934446fd6.png\"},\"small\":{\"name\":\"small_anydesk.png\",\"hash\":\"small_anydesk_1934446fd6\",\"ext\":\".png\",\"mime\":\"image/png\",\"width\":500,\"height\":401,\"size\":44.34,\"path\":null,\"url\":\"/uploads/small_anydesk_1934446fd6.png\"}}','anydesk_1934446fd6','.png','image/png',29.64,'/uploads/anydesk_1934446fd6.png',NULL,'local',NULL,1,1,'2022-02-17 08:43:49','2022-02-17 08:43:49'),(160,'Screenshot_1.png','','',1633,734,'{\"thumbnail\":{\"name\":\"thumbnail_Screenshot_1.png\",\"hash\":\"thumbnail_Screenshot_1_cf8792a59c\",\"ext\":\".png\",\"mime\":\"image/png\",\"width\":245,\"height\":110,\"size\":9.98,\"path\":null,\"url\":\"/uploads/thumbnail_Screenshot_1_cf8792a59c.png\"},\"large\":{\"name\":\"large_Screenshot_1.png\",\"hash\":\"large_Screenshot_1_cf8792a59c\",\"ext\":\".png\",\"mime\":\"image/png\",\"width\":1000,\"height\":449,\"size\":71.17,\"path\":null,\"url\":\"/uploads/large_Screenshot_1_cf8792a59c.png\"},\"medium\":{\"name\":\"medium_Screenshot_1.png\",\"hash\":\"medium_Screenshot_1_cf8792a59c\",\"ext\":\".png\",\"mime\":\"image/png\",\"width\":750,\"height\":337,\"size\":47.3,\"path\":null,\"url\":\"/uploads/medium_Screenshot_1_cf8792a59c.png\"},\"small\":{\"name\":\"small_Screenshot_1.png\",\"hash\":\"small_Screenshot_1_cf8792a59c\",\"ext\":\".png\",\"mime\":\"image/png\",\"width\":500,\"height\":225,\"size\":27.72,\"path\":null,\"url\":\"/uploads/small_Screenshot_1_cf8792a59c.png\"}}','Screenshot_1_cf8792a59c','.png','image/png',55.12,'/uploads/Screenshot_1_cf8792a59c.png',NULL,'local',NULL,1,1,'2022-02-17 10:03:37','2022-02-17 10:03:37'),(161,'Screenshot_2.png','','',1469,729,'{\"thumbnail\":{\"name\":\"thumbnail_Screenshot_2.png\",\"hash\":\"thumbnail_Screenshot_2_32042fb5a9\",\"ext\":\".png\",\"mime\":\"image/png\",\"width\":245,\"height\":122,\"size\":11.53,\"path\":null,\"url\":\"/uploads/thumbnail_Screenshot_2_32042fb5a9.png\"},\"large\":{\"name\":\"large_Screenshot_2.png\",\"hash\":\"large_Screenshot_2_32042fb5a9\",\"ext\":\".png\",\"mime\":\"image/png\",\"width\":1000,\"height\":496,\"size\":80.94,\"path\":null,\"url\":\"/uploads/large_Screenshot_2_32042fb5a9.png\"},\"medium\":{\"name\":\"medium_Screenshot_2.png\",\"hash\":\"medium_Screenshot_2_32042fb5a9\",\"ext\":\".png\",\"mime\":\"image/png\",\"width\":750,\"height\":372,\"size\":54.38,\"path\":null,\"url\":\"/uploads/medium_Screenshot_2_32042fb5a9.png\"},\"small\":{\"name\":\"small_Screenshot_2.png\",\"hash\":\"small_Screenshot_2_32042fb5a9\",\"ext\":\".png\",\"mime\":\"image/png\",\"width\":500,\"height\":248,\"size\":31.66,\"path\":null,\"url\":\"/uploads/small_Screenshot_2_32042fb5a9.png\"}}','Screenshot_2_32042fb5a9','.png','image/png',53.66,'/uploads/Screenshot_2_32042fb5a9.png',NULL,'local',NULL,1,1,'2022-02-17 10:08:17','2022-02-17 10:08:17'),(162,'Screenshot_3.png','','',419,211,'{\"thumbnail\":{\"name\":\"thumbnail_Screenshot_3.png\",\"hash\":\"thumbnail_Screenshot_3_be66b0bd86\",\"ext\":\".png\",\"mime\":\"image/png\",\"width\":245,\"height\":123,\"size\":16.83,\"path\":null,\"url\":\"/uploads/thumbnail_Screenshot_3_be66b0bd86.png\"}}','Screenshot_3_be66b0bd86','.png','image/png',8.71,'/uploads/Screenshot_3_be66b0bd86.png',NULL,'local',NULL,1,1,'2022-02-17 10:36:00','2022-02-17 10:36:00'),(163,'Screenshot_4.png','','',863,182,'{\"thumbnail\":{\"name\":\"thumbnail_Screenshot_4.png\",\"hash\":\"thumbnail_Screenshot_4_64b3ef9157\",\"ext\":\".png\",\"mime\":\"image/png\",\"width\":245,\"height\":52,\"size\":5.79,\"path\":null,\"url\":\"/uploads/thumbnail_Screenshot_4_64b3ef9157.png\"},\"medium\":{\"name\":\"medium_Screenshot_4.png\",\"hash\":\"medium_Screenshot_4_64b3ef9157\",\"ext\":\".png\",\"mime\":\"image/png\",\"width\":750,\"height\":158,\"size\":27.62,\"path\":null,\"url\":\"/uploads/medium_Screenshot_4_64b3ef9157.png\"},\"small\":{\"name\":\"small_Screenshot_4.png\",\"hash\":\"small_Screenshot_4_64b3ef9157\",\"ext\":\".png\",\"mime\":\"image/png\",\"width\":500,\"height\":105,\"size\":15.66,\"path\":null,\"url\":\"/uploads/small_Screenshot_4_64b3ef9157.png\"}}','Screenshot_4_64b3ef9157','.png','image/png',8.03,'/uploads/Screenshot_4_64b3ef9157.png',NULL,'local',NULL,1,1,'2022-02-17 10:37:22','2022-02-17 10:37:22'),(164,'Screenshot_5.png','','',421,325,'{\"thumbnail\":{\"name\":\"thumbnail_Screenshot_5.png\",\"hash\":\"thumbnail_Screenshot_5_c2cdd915a6\",\"ext\":\".png\",\"mime\":\"image/png\",\"width\":202,\"height\":156,\"size\":11.28,\"path\":null,\"url\":\"/uploads/thumbnail_Screenshot_5_c2cdd915a6.png\"}}','Screenshot_5_c2cdd915a6','.png','image/png',9.58,'/uploads/Screenshot_5_c2cdd915a6.png',NULL,'local',NULL,1,1,'2022-02-17 10:48:01','2022-02-17 10:48:01'),(165,'Screenshot_5.png','','',421,325,'{\"thumbnail\":{\"name\":\"thumbnail_Screenshot_5.png\",\"hash\":\"thumbnail_Screenshot_5_54d677b079\",\"ext\":\".png\",\"mime\":\"image/png\",\"width\":202,\"height\":156,\"size\":11.28,\"path\":null,\"url\":\"/uploads/thumbnail_Screenshot_5_54d677b079.png\"}}','Screenshot_5_54d677b079','.png','image/png',9.58,'/uploads/Screenshot_5_54d677b079.png',NULL,'local',NULL,1,1,'2022-02-17 10:49:23','2022-02-17 10:49:23'),(166,'teamviewer.png','','',1064,400,'{\"thumbnail\":{\"name\":\"thumbnail_teamviewer.png\",\"hash\":\"thumbnail_teamviewer_20698b5ee8\",\"ext\":\".png\",\"mime\":\"image/png\",\"width\":245,\"height\":92,\"size\":16.26,\"path\":null,\"url\":\"/uploads/thumbnail_teamviewer_20698b5ee8.png\"},\"large\":{\"name\":\"large_teamviewer.png\",\"hash\":\"large_teamviewer_20698b5ee8\",\"ext\":\".png\",\"mime\":\"image/png\",\"width\":1000,\"height\":376,\"size\":109.41,\"path\":null,\"url\":\"/uploads/large_teamviewer_20698b5ee8.png\"},\"medium\":{\"name\":\"medium_teamviewer.png\",\"hash\":\"medium_teamviewer_20698b5ee8\",\"ext\":\".png\",\"mime\":\"image/png\",\"width\":750,\"height\":282,\"size\":72.93,\"path\":null,\"url\":\"/uploads/medium_teamviewer_20698b5ee8.png\"},\"small\":{\"name\":\"small_teamviewer.png\",\"hash\":\"small_teamviewer_20698b5ee8\",\"ext\":\".png\",\"mime\":\"image/png\",\"width\":500,\"height\":188,\"size\":41.63,\"path\":null,\"url\":\"/uploads/small_teamviewer_20698b5ee8.png\"}}','teamviewer_20698b5ee8','.png','image/png',45.85,'/uploads/teamviewer_20698b5ee8.png',NULL,'local',NULL,1,1,'2022-02-18 01:23:45','2022-02-18 01:23:45'),(167,'2.png','','',1268,672,'{\"thumbnail\":{\"name\":\"thumbnail_2.png\",\"hash\":\"thumbnail_2_18f952555b\",\"ext\":\".png\",\"mime\":\"image/png\",\"width\":245,\"height\":130,\"size\":11.46,\"path\":null,\"url\":\"/uploads/thumbnail_2_18f952555b.png\"},\"large\":{\"name\":\"large_2.png\",\"hash\":\"large_2_18f952555b\",\"ext\":\".png\",\"mime\":\"image/png\",\"width\":1000,\"height\":530,\"size\":99.02,\"path\":null,\"url\":\"/uploads/large_2_18f952555b.png\"},\"medium\":{\"name\":\"medium_2.png\",\"hash\":\"medium_2_18f952555b\",\"ext\":\".png\",\"mime\":\"image/png\",\"width\":750,\"height\":397,\"size\":62.3,\"path\":null,\"url\":\"/uploads/medium_2_18f952555b.png\"},\"small\":{\"name\":\"small_2.png\",\"hash\":\"small_2_18f952555b\",\"ext\":\".png\",\"mime\":\"image/png\",\"width\":500,\"height\":265,\"size\":33.92,\"path\":null,\"url\":\"/uploads/small_2_18f952555b.png\"}}','2_18f952555b','.png','image/png',128.30,'/uploads/2_18f952555b.png',NULL,'local',NULL,1,1,'2022-02-18 01:26:19','2022-02-18 01:26:19'),(168,'3.png','','',1088,772,'{\"thumbnail\":{\"name\":\"thumbnail_3.png\",\"hash\":\"thumbnail_3_a5e4ea8e9a\",\"ext\":\".png\",\"mime\":\"image/png\",\"width\":220,\"height\":156,\"size\":14.5,\"path\":null,\"url\":\"/uploads/thumbnail_3_a5e4ea8e9a.png\"},\"large\":{\"name\":\"large_3.png\",\"hash\":\"large_3_a5e4ea8e9a\",\"ext\":\".png\",\"mime\":\"image/png\",\"width\":1000,\"height\":710,\"size\":136.2,\"path\":null,\"url\":\"/uploads/large_3_a5e4ea8e9a.png\"},\"medium\":{\"name\":\"medium_3.png\",\"hash\":\"medium_3_a5e4ea8e9a\",\"ext\":\".png\",\"mime\":\"image/png\",\"width\":750,\"height\":532,\"size\":88.93,\"path\":null,\"url\":\"/uploads/medium_3_a5e4ea8e9a.png\"},\"small\":{\"name\":\"small_3.png\",\"hash\":\"small_3_a5e4ea8e9a\",\"ext\":\".png\",\"mime\":\"image/png\",\"width\":500,\"height\":355,\"size\":48.99,\"path\":null,\"url\":\"/uploads/small_3_a5e4ea8e9a.png\"}}','3_a5e4ea8e9a','.png','image/png',87.50,'/uploads/3_a5e4ea8e9a.png',NULL,'local',NULL,1,1,'2022-02-18 01:28:37','2022-02-18 01:28:37'),(169,'Screenshot_5_c2cdd915a6.png','','',421,210,'{\"thumbnail\":{\"name\":\"thumbnail_Screenshot_5_c2cdd915a6.png\",\"hash\":\"thumbnail_Screenshot_5_c2cdd915a6_b22ad0a57b\",\"ext\":\".png\",\"mime\":\"image/png\",\"width\":245,\"height\":122,\"size\":12.62,\"path\":null,\"url\":\"/uploads/thumbnail_Screenshot_5_c2cdd915a6_b22ad0a57b.png\"}}','Screenshot_5_c2cdd915a6_b22ad0a57b','.png','image/png',8.74,'/uploads/Screenshot_5_c2cdd915a6_b22ad0a57b.png',NULL,'local',NULL,1,1,'2022-02-18 02:51:09','2022-02-18 02:51:09'),(170,'received_1310226086130396.jpeg',NULL,NULL,2048,1536,'{\"thumbnail\":{\"name\":\"thumbnail_received_1310226086130396.jpeg\",\"hash\":\"thumbnail_received_1310226086130396_74e41994a4\",\"ext\":\".jpeg\",\"mime\":\"image/jpeg\",\"width\":208,\"height\":156,\"size\":4.47,\"path\":null,\"url\":\"/uploads/thumbnail_received_1310226086130396_74e41994a4.jpeg\"},\"large\":{\"name\":\"large_received_1310226086130396.jpeg\",\"hash\":\"large_received_1310226086130396_74e41994a4\",\"ext\":\".jpeg\",\"mime\":\"image/jpeg\",\"width\":1000,\"height\":750,\"size\":129.81,\"path\":null,\"url\":\"/uploads/large_received_1310226086130396_74e41994a4.jpeg\"},\"medium\":{\"name\":\"medium_received_1310226086130396.jpeg\",\"hash\":\"medium_received_1310226086130396_74e41994a4\",\"ext\":\".jpeg\",\"mime\":\"image/jpeg\",\"width\":750,\"height\":563,\"size\":69.81,\"path\":null,\"url\":\"/uploads/medium_received_1310226086130396_74e41994a4.jpeg\"},\"small\":{\"name\":\"small_received_1310226086130396.jpeg\",\"hash\":\"small_received_1310226086130396_74e41994a4\",\"ext\":\".jpeg\",\"mime\":\"image/jpeg\",\"width\":500,\"height\":375,\"size\":27.34,\"path\":null,\"url\":\"/uploads/small_received_1310226086130396_74e41994a4.jpeg\"}}','received_1310226086130396_74e41994a4','.jpeg','image/jpeg',511.49,'/uploads/received_1310226086130396_74e41994a4.jpeg',NULL,'local',NULL,NULL,NULL,'2022-04-03 05:05:40','2022-04-03 05:05:40'),(171,'received_382892033453749.jpeg',NULL,NULL,1536,2048,'{\"thumbnail\":{\"name\":\"thumbnail_received_382892033453749.jpeg\",\"hash\":\"thumbnail_received_382892033453749_51dcbca592\",\"ext\":\".jpeg\",\"mime\":\"image/jpeg\",\"width\":117,\"height\":156,\"size\":5.16,\"path\":null,\"url\":\"/uploads/thumbnail_received_382892033453749_51dcbca592.jpeg\"},\"large\":{\"name\":\"large_received_382892033453749.jpeg\",\"hash\":\"large_received_382892033453749_51dcbca592\",\"ext\":\".jpeg\",\"mime\":\"image/jpeg\",\"width\":750,\"height\":1000,\"size\":145.03,\"path\":null,\"url\":\"/uploads/large_received_382892033453749_51dcbca592.jpeg\"},\"medium\":{\"name\":\"medium_received_382892033453749.jpeg\",\"hash\":\"medium_received_382892033453749_51dcbca592\",\"ext\":\".jpeg\",\"mime\":\"image/jpeg\",\"width\":563,\"height\":750,\"size\":86.67,\"path\":null,\"url\":\"/uploads/medium_received_382892033453749_51dcbca592.jpeg\"},\"small\":{\"name\":\"small_received_382892033453749.jpeg\",\"hash\":\"small_received_382892033453749_51dcbca592\",\"ext\":\".jpeg\",\"mime\":\"image/jpeg\",\"width\":375,\"height\":500,\"size\":39.82,\"path\":null,\"url\":\"/uploads/small_received_382892033453749_51dcbca592.jpeg\"}}','received_382892033453749_51dcbca592','.jpeg','image/jpeg',340.08,'/uploads/received_382892033453749_51dcbca592.jpeg',NULL,'local',NULL,NULL,NULL,'2022-04-03 05:06:15','2022-04-03 05:06:15'),(172,'received_382892033453749.jpeg',NULL,NULL,1536,2048,'{\"thumbnail\":{\"name\":\"thumbnail_received_382892033453749.jpeg\",\"hash\":\"thumbnail_received_382892033453749_c195cfcc3a\",\"ext\":\".jpeg\",\"mime\":\"image/jpeg\",\"width\":117,\"height\":156,\"size\":5.16,\"path\":null,\"url\":\"/uploads/thumbnail_received_382892033453749_c195cfcc3a.jpeg\"},\"large\":{\"name\":\"large_received_382892033453749.jpeg\",\"hash\":\"large_received_382892033453749_c195cfcc3a\",\"ext\":\".jpeg\",\"mime\":\"image/jpeg\",\"width\":750,\"height\":1000,\"size\":145.03,\"path\":null,\"url\":\"/uploads/large_received_382892033453749_c195cfcc3a.jpeg\"},\"medium\":{\"name\":\"medium_received_382892033453749.jpeg\",\"hash\":\"medium_received_382892033453749_c195cfcc3a\",\"ext\":\".jpeg\",\"mime\":\"image/jpeg\",\"width\":563,\"height\":750,\"size\":86.67,\"path\":null,\"url\":\"/uploads/medium_received_382892033453749_c195cfcc3a.jpeg\"},\"small\":{\"name\":\"small_received_382892033453749.jpeg\",\"hash\":\"small_received_382892033453749_c195cfcc3a\",\"ext\":\".jpeg\",\"mime\":\"image/jpeg\",\"width\":375,\"height\":500,\"size\":39.82,\"path\":null,\"url\":\"/uploads/small_received_382892033453749_c195cfcc3a.jpeg\"}}','received_382892033453749_c195cfcc3a','.jpeg','image/jpeg',340.08,'/uploads/received_382892033453749_c195cfcc3a.jpeg',NULL,'local',NULL,NULL,NULL,'2022-04-03 05:06:27','2022-04-03 05:06:27'),(173,'received_1310226086130396.jpeg',NULL,NULL,2048,1536,'{\"thumbnail\":{\"name\":\"thumbnail_received_1310226086130396.jpeg\",\"hash\":\"thumbnail_received_1310226086130396_d8401cc3ed\",\"ext\":\".jpeg\",\"mime\":\"image/jpeg\",\"width\":208,\"height\":156,\"size\":4.47,\"path\":null,\"url\":\"/uploads/thumbnail_received_1310226086130396_d8401cc3ed.jpeg\"},\"large\":{\"name\":\"large_received_1310226086130396.jpeg\",\"hash\":\"large_received_1310226086130396_d8401cc3ed\",\"ext\":\".jpeg\",\"mime\":\"image/jpeg\",\"width\":1000,\"height\":750,\"size\":129.81,\"path\":null,\"url\":\"/uploads/large_received_1310226086130396_d8401cc3ed.jpeg\"},\"medium\":{\"name\":\"medium_received_1310226086130396.jpeg\",\"hash\":\"medium_received_1310226086130396_d8401cc3ed\",\"ext\":\".jpeg\",\"mime\":\"image/jpeg\",\"width\":750,\"height\":563,\"size\":69.81,\"path\":null,\"url\":\"/uploads/medium_received_1310226086130396_d8401cc3ed.jpeg\"},\"small\":{\"name\":\"small_received_1310226086130396.jpeg\",\"hash\":\"small_received_1310226086130396_d8401cc3ed\",\"ext\":\".jpeg\",\"mime\":\"image/jpeg\",\"width\":500,\"height\":375,\"size\":27.34,\"path\":null,\"url\":\"/uploads/small_received_1310226086130396_d8401cc3ed.jpeg\"}}','received_1310226086130396_d8401cc3ed','.jpeg','image/jpeg',511.49,'/uploads/received_1310226086130396_d8401cc3ed.jpeg',NULL,'local',NULL,NULL,NULL,'2022-04-03 05:06:56','2022-04-03 05:06:56'),(174,'received_1310226086130396.jpeg',NULL,NULL,2048,1536,'{\"thumbnail\":{\"name\":\"thumbnail_received_1310226086130396.jpeg\",\"hash\":\"thumbnail_received_1310226086130396_15907433fd\",\"ext\":\".jpeg\",\"mime\":\"image/jpeg\",\"width\":208,\"height\":156,\"size\":4.47,\"path\":null,\"url\":\"/uploads/thumbnail_received_1310226086130396_15907433fd.jpeg\"},\"large\":{\"name\":\"large_received_1310226086130396.jpeg\",\"hash\":\"large_received_1310226086130396_15907433fd\",\"ext\":\".jpeg\",\"mime\":\"image/jpeg\",\"width\":1000,\"height\":750,\"size\":129.81,\"path\":null,\"url\":\"/uploads/large_received_1310226086130396_15907433fd.jpeg\"},\"medium\":{\"name\":\"medium_received_1310226086130396.jpeg\",\"hash\":\"medium_received_1310226086130396_15907433fd\",\"ext\":\".jpeg\",\"mime\":\"image/jpeg\",\"width\":750,\"height\":563,\"size\":69.81,\"path\":null,\"url\":\"/uploads/medium_received_1310226086130396_15907433fd.jpeg\"},\"small\":{\"name\":\"small_received_1310226086130396.jpeg\",\"hash\":\"small_received_1310226086130396_15907433fd\",\"ext\":\".jpeg\",\"mime\":\"image/jpeg\",\"width\":500,\"height\":375,\"size\":27.34,\"path\":null,\"url\":\"/uploads/small_received_1310226086130396_15907433fd.jpeg\"}}','received_1310226086130396_15907433fd','.jpeg','image/jpeg',511.49,'/uploads/received_1310226086130396_15907433fd.jpeg',NULL,'local',NULL,NULL,NULL,'2022-04-03 05:07:32','2022-04-03 05:07:32'),(175,'received_898048611170363.jpeg',NULL,NULL,1536,2048,'{\"thumbnail\":{\"name\":\"thumbnail_received_898048611170363.jpeg\",\"hash\":\"thumbnail_received_898048611170363_5c5e13b002\",\"ext\":\".jpeg\",\"mime\":\"image/jpeg\",\"width\":117,\"height\":156,\"size\":4.03,\"path\":null,\"url\":\"/uploads/thumbnail_received_898048611170363_5c5e13b002.jpeg\"},\"large\":{\"name\":\"large_received_898048611170363.jpeg\",\"hash\":\"large_received_898048611170363_5c5e13b002\",\"ext\":\".jpeg\",\"mime\":\"image/jpeg\",\"width\":750,\"height\":1000,\"size\":114.21,\"path\":null,\"url\":\"/uploads/large_received_898048611170363_5c5e13b002.jpeg\"},\"medium\":{\"name\":\"medium_received_898048611170363.jpeg\",\"hash\":\"medium_received_898048611170363_5c5e13b002\",\"ext\":\".jpeg\",\"mime\":\"image/jpeg\",\"width\":563,\"height\":750,\"size\":66.15,\"path\":null,\"url\":\"/uploads/medium_received_898048611170363_5c5e13b002.jpeg\"},\"small\":{\"name\":\"small_received_898048611170363.jpeg\",\"hash\":\"small_received_898048611170363_5c5e13b002\",\"ext\":\".jpeg\",\"mime\":\"image/jpeg\",\"width\":375,\"height\":500,\"size\":29.93,\"path\":null,\"url\":\"/uploads/small_received_898048611170363_5c5e13b002.jpeg\"}}','received_898048611170363_5c5e13b002','.jpeg','image/jpeg',264.10,'/uploads/received_898048611170363_5c5e13b002.jpeg',NULL,'local',NULL,NULL,NULL,'2022-04-03 05:08:10','2022-04-03 05:08:10'),(176,'received_898048611170363.jpeg',NULL,NULL,1536,2048,'{\"thumbnail\":{\"name\":\"thumbnail_received_898048611170363.jpeg\",\"hash\":\"thumbnail_received_898048611170363_05334cbb50\",\"ext\":\".jpeg\",\"mime\":\"image/jpeg\",\"width\":117,\"height\":156,\"size\":4.03,\"path\":null,\"url\":\"/uploads/thumbnail_received_898048611170363_05334cbb50.jpeg\"},\"large\":{\"name\":\"large_received_898048611170363.jpeg\",\"hash\":\"large_received_898048611170363_05334cbb50\",\"ext\":\".jpeg\",\"mime\":\"image/jpeg\",\"width\":750,\"height\":1000,\"size\":114.21,\"path\":null,\"url\":\"/uploads/large_received_898048611170363_05334cbb50.jpeg\"},\"medium\":{\"name\":\"medium_received_898048611170363.jpeg\",\"hash\":\"medium_received_898048611170363_05334cbb50\",\"ext\":\".jpeg\",\"mime\":\"image/jpeg\",\"width\":563,\"height\":750,\"size\":66.15,\"path\":null,\"url\":\"/uploads/medium_received_898048611170363_05334cbb50.jpeg\"},\"small\":{\"name\":\"small_received_898048611170363.jpeg\",\"hash\":\"small_received_898048611170363_05334cbb50\",\"ext\":\".jpeg\",\"mime\":\"image/jpeg\",\"width\":375,\"height\":500,\"size\":29.93,\"path\":null,\"url\":\"/uploads/small_received_898048611170363_05334cbb50.jpeg\"}}','received_898048611170363_05334cbb50','.jpeg','image/jpeg',264.10,'/uploads/received_898048611170363_05334cbb50.jpeg',NULL,'local',NULL,NULL,NULL,'2022-04-03 05:09:48','2022-04-03 05:09:48'),(177,'logo_main_t.gif',NULL,NULL,1523,709,NULL,'logo_main_t_ed4c9ce1ba','.gif','image/gif',19.43,'/uploads/logo_main_t_ed4c9ce1ba.gif',NULL,'local',NULL,NULL,NULL,'2022-06-29 07:13:10','2022-06-29 07:13:10'),(178,'save.png',NULL,NULL,64,64,NULL,'save_0041d5558a','.png','image/png',0.54,'/uploads/save_0041d5558a.png',NULL,'local',NULL,NULL,NULL,'2022-06-29 07:13:45','2022-06-29 07:13:45'),(179,'delete.png',NULL,NULL,64,64,NULL,'delete_e64a38a217','.png','image/png',1.40,'/uploads/delete_e64a38a217.png',NULL,'local',NULL,NULL,NULL,'2022-06-29 07:15:35','2022-06-29 07:15:35'),(180,'save.png',NULL,NULL,64,64,NULL,'save_87cb7a4901','.png','image/png',0.54,'/uploads/save_87cb7a4901.png',NULL,'local',NULL,NULL,NULL,'2022-06-29 07:15:52','2022-06-29 07:15:52'),(181,'save.png',NULL,NULL,64,64,NULL,'save_b622c89c77','.png','image/png',0.54,'/uploads/save_b622c89c77.png',NULL,'local',NULL,NULL,NULL,'2022-06-30 07:51:14','2022-06-30 07:51:14'),(182,'search_image.png',NULL,NULL,51,41,NULL,'search_image_9a2278aa10','.png','image/png',1.51,'/uploads/search_image_9a2278aa10.png',NULL,'local',NULL,NULL,NULL,'2022-06-30 07:52:21','2022-06-30 07:52:21'),(183,'logo_main_t.gif',NULL,NULL,1523,709,NULL,'logo_main_t_de26da8987','.gif','image/gif',19.43,'/uploads/logo_main_t_de26da8987.gif',NULL,'local',NULL,NULL,NULL,'2022-06-30 08:02:19','2022-06-30 08:02:19'),(184,'БМ Орлого1.png',NULL,NULL,576,358,'{\"thumbnail\":{\"name\":\"thumbnail_БМ Орлого1.png\",\"hash\":\"thumbnail_BM_Orlogo1_7349a82041\",\"ext\":\".png\",\"mime\":\"image/png\",\"width\":245,\"height\":152,\"size\":18.19,\"path\":null,\"url\":\"/uploads/thumbnail_BM_Orlogo1_7349a82041.png\"},\"small\":{\"name\":\"small_БМ Орлого1.png\",\"hash\":\"small_BM_Orlogo1_7349a82041\",\"ext\":\".png\",\"mime\":\"image/png\",\"width\":500,\"height\":311,\"size\":53.43,\"path\":null,\"url\":\"/uploads/small_BM_Orlogo1_7349a82041.png\"}}','BM_Orlogo1_7349a82041','.png','image/png',28.98,'/uploads/BM_Orlogo1_7349a82041.png',NULL,'local',NULL,NULL,NULL,'2022-07-22 02:39:56','2022-07-22 02:39:56'),(186,'SR-10.jpg',NULL,NULL,2048,1447,'{\"thumbnail\":{\"name\":\"thumbnail_SR-10.jpg\",\"hash\":\"thumbnail_SR_10_285dedffb9\",\"ext\":\".jpg\",\"mime\":\"image/jpeg\",\"width\":221,\"height\":156,\"size\":17.77,\"path\":null,\"url\":\"/uploads/thumbnail_SR_10_285dedffb9.jpg\"},\"large\":{\"name\":\"large_SR-10.jpg\",\"hash\":\"large_SR_10_285dedffb9\",\"ext\":\".jpg\",\"mime\":\"image/jpeg\",\"width\":1000,\"height\":707,\"size\":134.47,\"path\":null,\"url\":\"/uploads/large_SR_10_285dedffb9.jpg\"},\"medium\":{\"name\":\"medium_SR-10.jpg\",\"hash\":\"medium_SR_10_285dedffb9\",\"ext\":\".jpg\",\"mime\":\"image/jpeg\",\"width\":750,\"height\":530,\"size\":89.01,\"path\":null,\"url\":\"/uploads/medium_SR_10_285dedffb9.jpg\"},\"small\":{\"name\":\"small_SR-10.jpg\",\"hash\":\"small_SR_10_285dedffb9\",\"ext\":\".jpg\",\"mime\":\"image/jpeg\",\"width\":500,\"height\":353,\"size\":47.83,\"path\":null,\"url\":\"/uploads/small_SR_10_285dedffb9.jpg\"}}','SR_10_285dedffb9','.jpg','image/jpeg',382.49,'/uploads/SR_10_285dedffb9.jpg',NULL,'local',NULL,NULL,NULL,'2022-07-22 03:05:27','2022-07-22 03:05:27'),(188,'download (2).png',NULL,NULL,336,236,'{\"thumbnail\":{\"name\":\"thumbnail_download (2).png\",\"hash\":\"thumbnail_download_2_16249738d9\",\"ext\":\".png\",\"mime\":\"image/png\",\"width\":222,\"height\":156,\"size\":30.69,\"path\":null,\"url\":\"/uploads/thumbnail_download_2_16249738d9.png\"}}','download_2_16249738d9','.png','image/png',59.47,'/uploads/download_2_16249738d9.png',NULL,'local',NULL,NULL,NULL,'2022-07-22 03:17:36','2022-07-22 03:17:36'),(189,'download (2).png',NULL,NULL,336,236,'{\"thumbnail\":{\"name\":\"thumbnail_download (2).png\",\"hash\":\"thumbnail_download_2_bcbe2500ed\",\"ext\":\".png\",\"mime\":\"image/png\",\"width\":222,\"height\":156,\"size\":30.69,\"path\":null,\"url\":\"/uploads/thumbnail_download_2_bcbe2500ed.png\"}}','download_2_bcbe2500ed','.png','image/png',59.47,'/uploads/download_2_bcbe2500ed.png',NULL,'local',NULL,NULL,NULL,'2022-07-22 03:17:47','2022-07-22 03:17:47'),(190,'SR-10.jpg',NULL,NULL,2048,1447,'{\"thumbnail\":{\"name\":\"thumbnail_SR-10.jpg\",\"hash\":\"thumbnail_SR_10_7393b9154c\",\"ext\":\".jpg\",\"mime\":\"image/jpeg\",\"width\":221,\"height\":156,\"size\":17.77,\"path\":null,\"url\":\"/uploads/thumbnail_SR_10_7393b9154c.jpg\"},\"large\":{\"name\":\"large_SR-10.jpg\",\"hash\":\"large_SR_10_7393b9154c\",\"ext\":\".jpg\",\"mime\":\"image/jpeg\",\"width\":1000,\"height\":707,\"size\":134.47,\"path\":null,\"url\":\"/uploads/large_SR_10_7393b9154c.jpg\"},\"medium\":{\"name\":\"medium_SR-10.jpg\",\"hash\":\"medium_SR_10_7393b9154c\",\"ext\":\".jpg\",\"mime\":\"image/jpeg\",\"width\":750,\"height\":530,\"size\":89.01,\"path\":null,\"url\":\"/uploads/medium_SR_10_7393b9154c.jpg\"},\"small\":{\"name\":\"small_SR-10.jpg\",\"hash\":\"small_SR_10_7393b9154c\",\"ext\":\".jpg\",\"mime\":\"image/jpeg\",\"width\":500,\"height\":353,\"size\":47.83,\"path\":null,\"url\":\"/uploads/small_SR_10_7393b9154c.jpg\"}}','SR_10_7393b9154c','.jpg','image/jpeg',382.49,'/uploads/SR_10_7393b9154c.jpg',NULL,'local',NULL,NULL,NULL,'2022-07-22 03:18:27','2022-07-22 03:18:27'),(191,'SR-10.jpg',NULL,NULL,2048,1447,'{\"thumbnail\":{\"name\":\"thumbnail_SR-10.jpg\",\"hash\":\"thumbnail_SR_10_53e80f7da9\",\"ext\":\".jpg\",\"mime\":\"image/jpeg\",\"width\":221,\"height\":156,\"size\":17.77,\"path\":null,\"url\":\"/uploads/thumbnail_SR_10_53e80f7da9.jpg\"},\"large\":{\"name\":\"large_SR-10.jpg\",\"hash\":\"large_SR_10_53e80f7da9\",\"ext\":\".jpg\",\"mime\":\"image/jpeg\",\"width\":1000,\"height\":707,\"size\":134.47,\"path\":null,\"url\":\"/uploads/large_SR_10_53e80f7da9.jpg\"},\"medium\":{\"name\":\"medium_SR-10.jpg\",\"hash\":\"medium_SR_10_53e80f7da9\",\"ext\":\".jpg\",\"mime\":\"image/jpeg\",\"width\":750,\"height\":530,\"size\":89.01,\"path\":null,\"url\":\"/uploads/medium_SR_10_53e80f7da9.jpg\"},\"small\":{\"name\":\"small_SR-10.jpg\",\"hash\":\"small_SR_10_53e80f7da9\",\"ext\":\".jpg\",\"mime\":\"image/jpeg\",\"width\":500,\"height\":353,\"size\":47.83,\"path\":null,\"url\":\"/uploads/small_SR_10_53e80f7da9.jpg\"}}','SR_10_53e80f7da9','.jpg','image/jpeg',382.49,'/uploads/SR_10_53e80f7da9.jpg',NULL,'local',NULL,NULL,NULL,'2022-07-22 03:18:57','2022-07-22 03:18:57'),(192,'download.png',NULL,NULL,180,180,'{\"thumbnail\":{\"name\":\"thumbnail_download.png\",\"hash\":\"thumbnail_download_0269d94dd7\",\"ext\":\".png\",\"mime\":\"image/png\",\"width\":156,\"height\":156,\"size\":29.53,\"path\":null,\"url\":\"/uploads/thumbnail_download_0269d94dd7.png\"}}','download_0269d94dd7','.png','image/png',13.02,'/uploads/download_0269d94dd7.png',NULL,'local',NULL,NULL,NULL,'2022-07-22 03:20:25','2022-07-22 03:20:25'),(194,'download (1).png',NULL,NULL,1083,649,'{\"thumbnail\":{\"name\":\"thumbnail_download (1).png\",\"hash\":\"thumbnail_download_1_27bd2ca9b0\",\"ext\":\".png\",\"mime\":\"image/png\",\"width\":245,\"height\":147,\"size\":50.21,\"path\":null,\"url\":\"/uploads/thumbnail_download_1_27bd2ca9b0.png\"},\"large\":{\"name\":\"large_download (1).png\",\"hash\":\"large_download_1_27bd2ca9b0\",\"ext\":\".png\",\"mime\":\"image/png\",\"width\":1000,\"height\":599,\"size\":529.77,\"path\":null,\"url\":\"/uploads/large_download_1_27bd2ca9b0.png\"},\"medium\":{\"name\":\"medium_download (1).png\",\"hash\":\"medium_download_1_27bd2ca9b0\",\"ext\":\".png\",\"mime\":\"image/png\",\"width\":750,\"height\":449,\"size\":329.79,\"path\":null,\"url\":\"/uploads/medium_download_1_27bd2ca9b0.png\"},\"small\":{\"name\":\"small_download (1).png\",\"hash\":\"small_download_1_27bd2ca9b0\",\"ext\":\".png\",\"mime\":\"image/png\",\"width\":500,\"height\":300,\"size\":169.04,\"path\":null,\"url\":\"/uploads/small_download_1_27bd2ca9b0.png\"}}','download_1_27bd2ca9b0','.png','image/png',359.39,'/uploads/download_1_27bd2ca9b0.png',NULL,'local',NULL,NULL,NULL,'2022-07-22 03:22:25','2022-07-22 03:22:25'),(195,'download (2).png',NULL,NULL,336,236,'{\"thumbnail\":{\"name\":\"thumbnail_download (2).png\",\"hash\":\"thumbnail_download_2_10038bef34\",\"ext\":\".png\",\"mime\":\"image/png\",\"width\":222,\"height\":156,\"size\":30.69,\"path\":null,\"url\":\"/uploads/thumbnail_download_2_10038bef34.png\"}}','download_2_10038bef34','.png','image/png',59.47,'/uploads/download_2_10038bef34.png',NULL,'local',NULL,NULL,NULL,'2022-07-22 03:22:35','2022-07-22 03:22:35'),(196,'icons8-update-left-rotation-50.png',NULL,NULL,50,50,NULL,'icons8_update_left_rotation_50_57f9f4cb7c','.png','image/png',0.75,'/uploads/icons8_update_left_rotation_50_57f9f4cb7c.png',NULL,'local',NULL,NULL,NULL,'2022-07-22 03:23:05','2022-07-22 03:23:05'),(197,'delete.png',NULL,NULL,64,64,NULL,'delete_3b7d1b9301','.png','image/png',1.40,'/uploads/delete_3b7d1b9301.png',NULL,'local',NULL,NULL,NULL,'2022-07-22 03:23:19','2022-07-22 03:23:19'),(198,'save.png',NULL,NULL,64,64,NULL,'save_6c7615d918','.png','image/png',0.54,'/uploads/save_6c7615d918.png',NULL,'local',NULL,NULL,NULL,'2022-07-22 03:23:35','2022-07-22 03:23:35'),(199,'icons8-update-left-rotation-50.png',NULL,NULL,50,50,NULL,'icons8_update_left_rotation_50_0ddee2b863','.png','image/png',0.75,'/uploads/icons8_update_left_rotation_50_0ddee2b863.png',NULL,'local',NULL,NULL,NULL,'2022-07-22 03:23:49','2022-07-22 03:23:49'),(200,'save.png',NULL,NULL,64,64,NULL,'save_4acc67acae','.png','image/png',0.54,'/uploads/save_4acc67acae.png',NULL,'local',NULL,NULL,NULL,'2022-07-22 03:24:07','2022-07-22 03:24:07'),(201,'badge_2seconds.png',NULL,NULL,96,96,NULL,'badge_2seconds_bf657aab8e','.png','image/png',7.59,'/uploads/badge_2seconds_bf657aab8e.png',NULL,'local',NULL,NULL,NULL,'2022-07-22 03:24:18','2022-07-22 03:24:18'),(202,'icons8-update-left-rotation-50.png',NULL,NULL,50,50,NULL,'icons8_update_left_rotation_50_0b0396cdb2','.png','image/png',0.75,'/uploads/icons8_update_left_rotation_50_0b0396cdb2.png',NULL,'local',NULL,NULL,NULL,'2022-07-22 03:24:41','2022-07-22 03:24:41'),(203,'icons8-update-left-rotation-50.png',NULL,NULL,50,50,NULL,'icons8_update_left_rotation_50_ed2b2c1211','.png','image/png',0.75,'/uploads/icons8_update_left_rotation_50_ed2b2c1211.png',NULL,'local',NULL,NULL,NULL,'2022-07-22 03:34:32','2022-07-22 03:34:32'),(204,'delete.png',NULL,NULL,64,64,NULL,'delete_4853ab633c','.png','image/png',1.40,'/uploads/delete_4853ab633c.png',NULL,'local',NULL,NULL,NULL,'2022-07-22 03:34:55','2022-07-22 03:34:55'),(205,'search_image.png',NULL,NULL,51,41,NULL,'search_image_8419cf490e','.png','image/png',1.51,'/uploads/search_image_8419cf490e.png',NULL,'local',NULL,NULL,NULL,'2022-07-22 03:35:09','2022-07-22 03:35:09'),(206,'icons8-update-left-rotation-50.png',NULL,NULL,50,50,NULL,'icons8_update_left_rotation_50_15ab93251d','.png','image/png',0.75,'/uploads/icons8_update_left_rotation_50_15ab93251d.png',NULL,'local',NULL,NULL,NULL,'2022-07-22 03:35:32','2022-07-22 03:35:32'),(207,'rick.png',NULL,NULL,1920,1080,'{\"thumbnail\":{\"name\":\"thumbnail_rick.png\",\"hash\":\"thumbnail_rick_a8a3207101\",\"ext\":\".png\",\"mime\":\"image/png\",\"width\":245,\"height\":138,\"size\":45.46,\"path\":null,\"url\":\"/uploads/thumbnail_rick_a8a3207101.png\"},\"large\":{\"name\":\"large_rick.png\",\"hash\":\"large_rick_a8a3207101\",\"ext\":\".png\",\"mime\":\"image/png\",\"width\":1000,\"height\":563,\"size\":541.96,\"path\":null,\"url\":\"/uploads/large_rick_a8a3207101.png\"},\"medium\":{\"name\":\"medium_rick.png\",\"hash\":\"medium_rick_a8a3207101\",\"ext\":\".png\",\"mime\":\"image/png\",\"width\":750,\"height\":422,\"size\":318.38,\"path\":null,\"url\":\"/uploads/medium_rick_a8a3207101.png\"},\"small\":{\"name\":\"small_rick.png\",\"hash\":\"small_rick_a8a3207101\",\"ext\":\".png\",\"mime\":\"image/png\",\"width\":500,\"height\":281,\"size\":151.79,\"path\":null,\"url\":\"/uploads/small_rick_a8a3207101.png\"}}','rick_a8a3207101','.png','image/png',733.34,'/uploads/rick_a8a3207101.png',NULL,'local',NULL,NULL,NULL,'2022-07-22 03:37:14','2022-07-22 03:37:14'),(208,'search_image.png',NULL,NULL,51,41,NULL,'search_image_7da5dae36b','.png','image/png',1.51,'/uploads/search_image_7da5dae36b.png',NULL,'local',NULL,NULL,NULL,'2022-07-22 03:37:29','2022-07-22 03:37:29'),(209,'save.png',NULL,NULL,64,64,NULL,'save_d46fa9e138','.png','image/png',0.54,'/uploads/save_d46fa9e138.png',NULL,'local',NULL,NULL,NULL,'2022-07-22 03:37:43','2022-07-22 03:37:43'),(210,'icons8-update-left-rotation-50.png',NULL,NULL,50,50,NULL,'icons8_update_left_rotation_50_39c3df0e23','.png','image/png',0.75,'/uploads/icons8_update_left_rotation_50_39c3df0e23.png',NULL,'local',NULL,NULL,NULL,'2022-07-22 03:38:36','2022-07-22 03:38:36'),(211,'rick.png',NULL,NULL,1920,1080,'{\"thumbnail\":{\"name\":\"thumbnail_rick.png\",\"hash\":\"thumbnail_rick_a98f16e083\",\"ext\":\".png\",\"mime\":\"image/png\",\"width\":245,\"height\":138,\"size\":45.46,\"path\":null,\"url\":\"/uploads/thumbnail_rick_a98f16e083.png\"},\"large\":{\"name\":\"large_rick.png\",\"hash\":\"large_rick_a98f16e083\",\"ext\":\".png\",\"mime\":\"image/png\",\"width\":1000,\"height\":563,\"size\":541.96,\"path\":null,\"url\":\"/uploads/large_rick_a98f16e083.png\"},\"medium\":{\"name\":\"medium_rick.png\",\"hash\":\"medium_rick_a98f16e083\",\"ext\":\".png\",\"mime\":\"image/png\",\"width\":750,\"height\":422,\"size\":318.38,\"path\":null,\"url\":\"/uploads/medium_rick_a98f16e083.png\"},\"small\":{\"name\":\"small_rick.png\",\"hash\":\"small_rick_a98f16e083\",\"ext\":\".png\",\"mime\":\"image/png\",\"width\":500,\"height\":281,\"size\":151.79,\"path\":null,\"url\":\"/uploads/small_rick_a98f16e083.png\"}}','rick_a98f16e083','.png','image/png',733.34,'/uploads/rick_a98f16e083.png',NULL,'local',NULL,NULL,NULL,'2022-07-22 03:39:12','2022-07-22 03:39:12'),(212,'icons8-update-left-rotation-50.png',NULL,NULL,50,50,NULL,'icons8_update_left_rotation_50_d07194bd40','.png','image/png',0.75,'/uploads/icons8_update_left_rotation_50_d07194bd40.png',NULL,'local',NULL,NULL,NULL,'2022-07-22 03:39:25','2022-07-22 03:39:25'),(213,'download.png',NULL,NULL,180,180,'{\"thumbnail\":{\"name\":\"thumbnail_download.png\",\"hash\":\"thumbnail_download_c43163a20c\",\"ext\":\".png\",\"mime\":\"image/png\",\"width\":156,\"height\":156,\"size\":29.53,\"path\":null,\"url\":\"/uploads/thumbnail_download_c43163a20c.png\"}}','download_c43163a20c','.png','image/png',13.02,'/uploads/download_c43163a20c.png',NULL,'local',NULL,NULL,NULL,'2022-07-26 02:46:20','2022-07-26 02:46:20'),(214,'download.png',NULL,NULL,180,180,'{\"thumbnail\":{\"name\":\"thumbnail_download.png\",\"hash\":\"thumbnail_download_4cffc52383\",\"ext\":\".png\",\"mime\":\"image/png\",\"width\":156,\"height\":156,\"size\":29.53,\"path\":null,\"url\":\"/uploads/thumbnail_download_4cffc52383.png\"}}','download_4cffc52383','.png','image/png',13.02,'/uploads/download_4cffc52383.png',NULL,'local',NULL,NULL,NULL,'2022-07-26 02:46:58','2022-07-26 02:46:58'),(215,'download (1).png',NULL,NULL,1083,649,'{\"thumbnail\":{\"name\":\"thumbnail_download (1).png\",\"hash\":\"thumbnail_download_1_0c81ab449c\",\"ext\":\".png\",\"mime\":\"image/png\",\"width\":245,\"height\":147,\"size\":50.21,\"path\":null,\"url\":\"/uploads/thumbnail_download_1_0c81ab449c.png\"},\"large\":{\"name\":\"large_download (1).png\",\"hash\":\"large_download_1_0c81ab449c\",\"ext\":\".png\",\"mime\":\"image/png\",\"width\":1000,\"height\":599,\"size\":529.77,\"path\":null,\"url\":\"/uploads/large_download_1_0c81ab449c.png\"},\"medium\":{\"name\":\"medium_download (1).png\",\"hash\":\"medium_download_1_0c81ab449c\",\"ext\":\".png\",\"mime\":\"image/png\",\"width\":750,\"height\":449,\"size\":329.79,\"path\":null,\"url\":\"/uploads/medium_download_1_0c81ab449c.png\"},\"small\":{\"name\":\"small_download (1).png\",\"hash\":\"small_download_1_0c81ab449c\",\"ext\":\".png\",\"mime\":\"image/png\",\"width\":500,\"height\":300,\"size\":169.04,\"path\":null,\"url\":\"/uploads/small_download_1_0c81ab449c.png\"}}','download_1_0c81ab449c','.png','image/png',359.39,'/uploads/download_1_0c81ab449c.png',NULL,'local',NULL,NULL,NULL,'2022-07-26 02:47:09','2022-07-26 02:47:09'),(216,'SR-10.jpg',NULL,NULL,2048,1447,'{\"thumbnail\":{\"name\":\"thumbnail_SR-10.jpg\",\"hash\":\"thumbnail_SR_10_48b494d201\",\"ext\":\".jpg\",\"mime\":\"image/jpeg\",\"width\":221,\"height\":156,\"size\":17.77,\"path\":null,\"url\":\"/uploads/thumbnail_SR_10_48b494d201.jpg\"},\"large\":{\"name\":\"large_SR-10.jpg\",\"hash\":\"large_SR_10_48b494d201\",\"ext\":\".jpg\",\"mime\":\"image/jpeg\",\"width\":1000,\"height\":707,\"size\":134.47,\"path\":null,\"url\":\"/uploads/large_SR_10_48b494d201.jpg\"},\"medium\":{\"name\":\"medium_SR-10.jpg\",\"hash\":\"medium_SR_10_48b494d201\",\"ext\":\".jpg\",\"mime\":\"image/jpeg\",\"width\":750,\"height\":530,\"size\":89.01,\"path\":null,\"url\":\"/uploads/medium_SR_10_48b494d201.jpg\"},\"small\":{\"name\":\"small_SR-10.jpg\",\"hash\":\"small_SR_10_48b494d201\",\"ext\":\".jpg\",\"mime\":\"image/jpeg\",\"width\":500,\"height\":353,\"size\":47.83,\"path\":null,\"url\":\"/uploads/small_SR_10_48b494d201.jpg\"}}','SR_10_48b494d201','.jpg','image/jpeg',382.49,'/uploads/SR_10_48b494d201.jpg',NULL,'local',NULL,NULL,NULL,'2022-07-26 02:50:06','2022-07-26 02:50:06'),(217,'279241637_3109717109357629_5692449898159457507_n.jpg',NULL,NULL,526,701,'{\"thumbnail\":{\"name\":\"thumbnail_279241637_3109717109357629_5692449898159457507_n.jpg\",\"hash\":\"thumbnail_279241637_3109717109357629_5692449898159457507_n_8b33e6eb61\",\"ext\":\".jpg\",\"mime\":\"image/jpeg\",\"width\":117,\"height\":156,\"size\":5.81,\"path\":null,\"url\":\"/uploads/thumbnail_279241637_3109717109357629_5692449898159457507_n_8b33e6eb61.jpg\"},\"small\":{\"name\":\"small_279241637_3109717109357629_5692449898159457507_n.jpg\",\"hash\":\"small_279241637_3109717109357629_5692449898159457507_n_8b33e6eb61\",\"ext\":\".jpg\",\"mime\":\"image/jpeg\",\"width\":375,\"height\":500,\"size\":43.31,\"path\":null,\"url\":\"/uploads/small_279241637_3109717109357629_5692449898159457507_n_8b33e6eb61.jpg\"}}','279241637_3109717109357629_5692449898159457507_n_8b33e6eb61','.jpg','image/jpeg',74.04,'/uploads/279241637_3109717109357629_5692449898159457507_n_8b33e6eb61.jpg',NULL,'local',NULL,NULL,NULL,'2022-07-26 02:50:19','2022-07-26 02:50:19'),(218,'download (1).png',NULL,NULL,1083,649,'{\"thumbnail\":{\"name\":\"thumbnail_download (1).png\",\"hash\":\"thumbnail_download_1_9d9b4b43ac\",\"ext\":\".png\",\"mime\":\"image/png\",\"width\":245,\"height\":147,\"size\":50.21,\"path\":null,\"url\":\"/uploads/thumbnail_download_1_9d9b4b43ac.png\"},\"large\":{\"name\":\"large_download (1).png\",\"hash\":\"large_download_1_9d9b4b43ac\",\"ext\":\".png\",\"mime\":\"image/png\",\"width\":1000,\"height\":599,\"size\":529.77,\"path\":null,\"url\":\"/uploads/large_download_1_9d9b4b43ac.png\"},\"medium\":{\"name\":\"medium_download (1).png\",\"hash\":\"medium_download_1_9d9b4b43ac\",\"ext\":\".png\",\"mime\":\"image/png\",\"width\":750,\"height\":449,\"size\":329.79,\"path\":null,\"url\":\"/uploads/medium_download_1_9d9b4b43ac.png\"},\"small\":{\"name\":\"small_download (1).png\",\"hash\":\"small_download_1_9d9b4b43ac\",\"ext\":\".png\",\"mime\":\"image/png\",\"width\":500,\"height\":300,\"size\":169.04,\"path\":null,\"url\":\"/uploads/small_download_1_9d9b4b43ac.png\"}}','download_1_9d9b4b43ac','.png','image/png',359.39,'/uploads/download_1_9d9b4b43ac.png',NULL,'local',NULL,NULL,NULL,'2022-07-26 02:53:26','2022-07-26 02:53:26'),(219,'download (1).png',NULL,NULL,1083,649,'{\"thumbnail\":{\"name\":\"thumbnail_download (1).png\",\"hash\":\"thumbnail_download_1_3518b05104\",\"ext\":\".png\",\"mime\":\"image/png\",\"width\":245,\"height\":147,\"size\":50.21,\"path\":null,\"url\":\"/uploads/thumbnail_download_1_3518b05104.png\"},\"large\":{\"name\":\"large_download (1).png\",\"hash\":\"large_download_1_3518b05104\",\"ext\":\".png\",\"mime\":\"image/png\",\"width\":1000,\"height\":599,\"size\":529.77,\"path\":null,\"url\":\"/uploads/large_download_1_3518b05104.png\"},\"medium\":{\"name\":\"medium_download (1).png\",\"hash\":\"medium_download_1_3518b05104\",\"ext\":\".png\",\"mime\":\"image/png\",\"width\":750,\"height\":449,\"size\":329.79,\"path\":null,\"url\":\"/uploads/medium_download_1_3518b05104.png\"},\"small\":{\"name\":\"small_download (1).png\",\"hash\":\"small_download_1_3518b05104\",\"ext\":\".png\",\"mime\":\"image/png\",\"width\":500,\"height\":300,\"size\":169.04,\"path\":null,\"url\":\"/uploads/small_download_1_3518b05104.png\"}}','download_1_3518b05104','.png','image/png',359.39,'/uploads/download_1_3518b05104.png',NULL,'local',NULL,NULL,NULL,'2022-07-26 02:53:54','2022-07-26 02:53:54'),(220,'SR-10.jpg',NULL,NULL,2048,1447,'{\"thumbnail\":{\"name\":\"thumbnail_SR-10.jpg\",\"hash\":\"thumbnail_SR_10_9fadd395e6\",\"ext\":\".jpg\",\"mime\":\"image/jpeg\",\"width\":221,\"height\":156,\"size\":17.77,\"path\":null,\"url\":\"/uploads/thumbnail_SR_10_9fadd395e6.jpg\"},\"large\":{\"name\":\"large_SR-10.jpg\",\"hash\":\"large_SR_10_9fadd395e6\",\"ext\":\".jpg\",\"mime\":\"image/jpeg\",\"width\":1000,\"height\":707,\"size\":134.47,\"path\":null,\"url\":\"/uploads/large_SR_10_9fadd395e6.jpg\"},\"medium\":{\"name\":\"medium_SR-10.jpg\",\"hash\":\"medium_SR_10_9fadd395e6\",\"ext\":\".jpg\",\"mime\":\"image/jpeg\",\"width\":750,\"height\":530,\"size\":89.01,\"path\":null,\"url\":\"/uploads/medium_SR_10_9fadd395e6.jpg\"},\"small\":{\"name\":\"small_SR-10.jpg\",\"hash\":\"small_SR_10_9fadd395e6\",\"ext\":\".jpg\",\"mime\":\"image/jpeg\",\"width\":500,\"height\":353,\"size\":47.83,\"path\":null,\"url\":\"/uploads/small_SR_10_9fadd395e6.jpg\"}}','SR_10_9fadd395e6','.jpg','image/jpeg',382.49,'/uploads/SR_10_9fadd395e6.jpg',NULL,'local',NULL,NULL,NULL,'2022-07-26 02:54:16','2022-07-26 02:54:16'),(221,'293696645_1072462187030618_3006017872471975377_n.jpg',NULL,NULL,1080,1920,'{\"thumbnail\":{\"name\":\"thumbnail_293696645_1072462187030618_3006017872471975377_n.jpg\",\"hash\":\"thumbnail_293696645_1072462187030618_3006017872471975377_n_dc072b7dcc\",\"ext\":\".jpg\",\"mime\":\"image/jpeg\",\"width\":88,\"height\":156,\"size\":10.4,\"path\":null,\"url\":\"/uploads/thumbnail_293696645_1072462187030618_3006017872471975377_n_dc072b7dcc.jpg\"},\"large\":{\"name\":\"large_293696645_1072462187030618_3006017872471975377_n.jpg\",\"hash\":\"large_293696645_1072462187030618_3006017872471975377_n_dc072b7dcc\",\"ext\":\".jpg\",\"mime\":\"image/jpeg\",\"width\":563,\"height\":1000,\"size\":123.83,\"path\":null,\"url\":\"/uploads/large_293696645_1072462187030618_3006017872471975377_n_dc072b7dcc.jpg\"},\"medium\":{\"name\":\"medium_293696645_1072462187030618_3006017872471975377_n.jpg\",\"hash\":\"medium_293696645_1072462187030618_3006017872471975377_n_dc072b7dcc\",\"ext\":\".jpg\",\"mime\":\"image/jpeg\",\"width\":422,\"height\":750,\"size\":71.32,\"path\":null,\"url\":\"/uploads/medium_293696645_1072462187030618_3006017872471975377_n_dc072b7dcc.jpg\"},\"small\":{\"name\":\"small_293696645_1072462187030618_3006017872471975377_n.jpg\",\"hash\":\"small_293696645_1072462187030618_3006017872471975377_n_dc072b7dcc\",\"ext\":\".jpg\",\"mime\":\"image/jpeg\",\"width\":281,\"height\":500,\"size\":36.16,\"path\":null,\"url\":\"/uploads/small_293696645_1072462187030618_3006017872471975377_n_dc072b7dcc.jpg\"}}','293696645_1072462187030618_3006017872471975377_n_dc072b7dcc','.jpg','image/jpeg',279.76,'/uploads/293696645_1072462187030618_3006017872471975377_n_dc072b7dcc.jpg',NULL,'local',NULL,NULL,NULL,'2022-07-26 02:54:54','2022-07-26 02:54:54'),(222,'293696645_1072462187030618_3006017872471975377_n.jpg',NULL,NULL,1080,1920,'{\"thumbnail\":{\"name\":\"thumbnail_293696645_1072462187030618_3006017872471975377_n.jpg\",\"hash\":\"thumbnail_293696645_1072462187030618_3006017872471975377_n_1a2a8b696e\",\"ext\":\".jpg\",\"mime\":\"image/jpeg\",\"width\":88,\"height\":156,\"size\":10.4,\"path\":null,\"url\":\"/uploads/thumbnail_293696645_1072462187030618_3006017872471975377_n_1a2a8b696e.jpg\"},\"large\":{\"name\":\"large_293696645_1072462187030618_3006017872471975377_n.jpg\",\"hash\":\"large_293696645_1072462187030618_3006017872471975377_n_1a2a8b696e\",\"ext\":\".jpg\",\"mime\":\"image/jpeg\",\"width\":563,\"height\":1000,\"size\":123.83,\"path\":null,\"url\":\"/uploads/large_293696645_1072462187030618_3006017872471975377_n_1a2a8b696e.jpg\"},\"medium\":{\"name\":\"medium_293696645_1072462187030618_3006017872471975377_n.jpg\",\"hash\":\"medium_293696645_1072462187030618_3006017872471975377_n_1a2a8b696e\",\"ext\":\".jpg\",\"mime\":\"image/jpeg\",\"width\":422,\"height\":750,\"size\":71.32,\"path\":null,\"url\":\"/uploads/medium_293696645_1072462187030618_3006017872471975377_n_1a2a8b696e.jpg\"},\"small\":{\"name\":\"small_293696645_1072462187030618_3006017872471975377_n.jpg\",\"hash\":\"small_293696645_1072462187030618_3006017872471975377_n_1a2a8b696e\",\"ext\":\".jpg\",\"mime\":\"image/jpeg\",\"width\":281,\"height\":500,\"size\":36.16,\"path\":null,\"url\":\"/uploads/small_293696645_1072462187030618_3006017872471975377_n_1a2a8b696e.jpg\"}}','293696645_1072462187030618_3006017872471975377_n_1a2a8b696e','.jpg','image/jpeg',279.76,'/uploads/293696645_1072462187030618_3006017872471975377_n_1a2a8b696e.jpg',NULL,'local',NULL,NULL,NULL,'2022-07-26 02:55:26','2022-07-26 02:55:26'),(223,'293713069_1082520402371669_611731676581290330_n.jpg',NULL,NULL,1080,1920,'{\"thumbnail\":{\"name\":\"thumbnail_293713069_1082520402371669_611731676581290330_n.jpg\",\"hash\":\"thumbnail_293713069_1082520402371669_611731676581290330_n_fb1c37ee31\",\"ext\":\".jpg\",\"mime\":\"image/jpeg\",\"width\":88,\"height\":156,\"size\":10.16,\"path\":null,\"url\":\"/uploads/thumbnail_293713069_1082520402371669_611731676581290330_n_fb1c37ee31.jpg\"},\"large\":{\"name\":\"large_293713069_1082520402371669_611731676581290330_n.jpg\",\"hash\":\"large_293713069_1082520402371669_611731676581290330_n_fb1c37ee31\",\"ext\":\".jpg\",\"mime\":\"image/jpeg\",\"width\":563,\"height\":1000,\"size\":133.44,\"path\":null,\"url\":\"/uploads/large_293713069_1082520402371669_611731676581290330_n_fb1c37ee31.jpg\"},\"medium\":{\"name\":\"medium_293713069_1082520402371669_611731676581290330_n.jpg\",\"hash\":\"medium_293713069_1082520402371669_611731676581290330_n_fb1c37ee31\",\"ext\":\".jpg\",\"mime\":\"image/jpeg\",\"width\":422,\"height\":750,\"size\":75.04,\"path\":null,\"url\":\"/uploads/medium_293713069_1082520402371669_611731676581290330_n_fb1c37ee31.jpg\"},\"small\":{\"name\":\"small_293713069_1082520402371669_611731676581290330_n.jpg\",\"hash\":\"small_293713069_1082520402371669_611731676581290330_n_fb1c37ee31\",\"ext\":\".jpg\",\"mime\":\"image/jpeg\",\"width\":281,\"height\":500,\"size\":36.32,\"path\":null,\"url\":\"/uploads/small_293713069_1082520402371669_611731676581290330_n_fb1c37ee31.jpg\"}}','293713069_1082520402371669_611731676581290330_n_fb1c37ee31','.jpg','image/jpeg',309.65,'/uploads/293713069_1082520402371669_611731676581290330_n_fb1c37ee31.jpg',NULL,'local',NULL,NULL,NULL,'2022-07-26 02:56:33','2022-07-26 02:56:33'),(224,'293713069_1082520402371669_611731676581290330_n.jpg',NULL,NULL,1080,1920,'{\"thumbnail\":{\"name\":\"thumbnail_293713069_1082520402371669_611731676581290330_n.jpg\",\"hash\":\"thumbnail_293713069_1082520402371669_611731676581290330_n_168248763c\",\"ext\":\".jpg\",\"mime\":\"image/jpeg\",\"width\":88,\"height\":156,\"size\":10.16,\"path\":null,\"url\":\"/uploads/thumbnail_293713069_1082520402371669_611731676581290330_n_168248763c.jpg\"},\"large\":{\"name\":\"large_293713069_1082520402371669_611731676581290330_n.jpg\",\"hash\":\"large_293713069_1082520402371669_611731676581290330_n_168248763c\",\"ext\":\".jpg\",\"mime\":\"image/jpeg\",\"width\":563,\"height\":1000,\"size\":133.44,\"path\":null,\"url\":\"/uploads/large_293713069_1082520402371669_611731676581290330_n_168248763c.jpg\"},\"medium\":{\"name\":\"medium_293713069_1082520402371669_611731676581290330_n.jpg\",\"hash\":\"medium_293713069_1082520402371669_611731676581290330_n_168248763c\",\"ext\":\".jpg\",\"mime\":\"image/jpeg\",\"width\":422,\"height\":750,\"size\":75.04,\"path\":null,\"url\":\"/uploads/medium_293713069_1082520402371669_611731676581290330_n_168248763c.jpg\"},\"small\":{\"name\":\"small_293713069_1082520402371669_611731676581290330_n.jpg\",\"hash\":\"small_293713069_1082520402371669_611731676581290330_n_168248763c\",\"ext\":\".jpg\",\"mime\":\"image/jpeg\",\"width\":281,\"height\":500,\"size\":36.32,\"path\":null,\"url\":\"/uploads/small_293713069_1082520402371669_611731676581290330_n_168248763c.jpg\"}}','293713069_1082520402371669_611731676581290330_n_168248763c','.jpg','image/jpeg',309.65,'/uploads/293713069_1082520402371669_611731676581290330_n_168248763c.jpg',NULL,'local',NULL,NULL,NULL,'2022-07-26 03:01:09','2022-07-26 03:01:09'),(225,'PosLogo.png',NULL,NULL,500,500,'{\"thumbnail\":{\"name\":\"thumbnail_PosLogo.png\",\"hash\":\"thumbnail_Pos_Logo_cc6c67e6c9\",\"ext\":\".png\",\"mime\":\"image/png\",\"width\":156,\"height\":156,\"size\":6.53,\"path\":null,\"url\":\"/uploads/thumbnail_Pos_Logo_cc6c67e6c9.png\"}}','Pos_Logo_cc6c67e6c9','.png','image/png',21.71,'/uploads/Pos_Logo_cc6c67e6c9.png',NULL,'local',NULL,NULL,NULL,'2022-07-28 02:33:08','2022-07-28 02:33:08'),(226,'289082928_1216921569062922_2115165568405522276_n.jpg',NULL,NULL,640,640,'{\"thumbnail\":{\"name\":\"thumbnail_289082928_1216921569062922_2115165568405522276_n.jpg\",\"hash\":\"thumbnail_289082928_1216921569062922_2115165568405522276_n_b2f2edaa06\",\"ext\":\".jpg\",\"mime\":\"image/jpeg\",\"width\":156,\"height\":156,\"size\":14.14,\"path\":null,\"url\":\"/uploads/thumbnail_289082928_1216921569062922_2115165568405522276_n_b2f2edaa06.jpg\"},\"small\":{\"name\":\"small_289082928_1216921569062922_2115165568405522276_n.jpg\",\"hash\":\"small_289082928_1216921569062922_2115165568405522276_n_b2f2edaa06\",\"ext\":\".jpg\",\"mime\":\"image/jpeg\",\"width\":500,\"height\":500,\"size\":51.71,\"path\":null,\"url\":\"/uploads/small_289082928_1216921569062922_2115165568405522276_n_b2f2edaa06.jpg\"}}','289082928_1216921569062922_2115165568405522276_n_b2f2edaa06','.jpg','image/jpeg',46.23,'/uploads/289082928_1216921569062922_2115165568405522276_n_b2f2edaa06.jpg',NULL,'local',NULL,NULL,NULL,'2022-07-28 06:16:07','2022-07-28 06:16:07'),(227,'Adverbial-Clause.docx',NULL,NULL,NULL,NULL,NULL,'Adverbial_Clause_0e68fefdba','.docx','application/vnd.openxmlformats-officedocument.wordprocessingml.document',19.94,'/uploads/Adverbial_Clause_0e68fefdba.docx',NULL,'local',NULL,NULL,NULL,'2022-08-08 10:06:27','2022-08-08 10:06:27'),(228,'HuviHemjee (1).xlsx',NULL,NULL,NULL,NULL,NULL,'Huvi_Hemjee_1_f74cbd2a45','.xlsx','application/vnd.openxmlformats-officedocument.spreadsheetml.sheet',19.04,'/uploads/Huvi_Hemjee_1_f74cbd2a45.xlsx',NULL,'local',NULL,NULL,NULL,'2022-08-08 10:25:34','2022-08-08 10:25:34'),(229,'ND8-web (1).xls',NULL,NULL,NULL,NULL,NULL,'ND_8_web_1_12649e14f9','.xls','application/vnd.ms-excel',40.45,'/uploads/ND_8_web_1_12649e14f9.xls',NULL,'local',NULL,NULL,NULL,'2022-08-08 10:25:53','2022-08-08 10:25:53'),(230,'DNP22022800001231249.pdf',NULL,NULL,NULL,NULL,NULL,'DNP_22022800001231249_e368ec3ccd','.pdf','application/pdf',3848.64,'/uploads/DNP_22022800001231249_e368ec3ccd.pdf',NULL,'local',NULL,NULL,NULL,'2022-08-08 10:26:22','2022-08-08 10:26:22'),(231,'image.png',NULL,NULL,603,687,'{\"thumbnail\":{\"name\":\"thumbnail_image.png\",\"hash\":\"thumbnail_image_95235c45db\",\"ext\":\".png\",\"mime\":\"image/png\",\"width\":137,\"height\":156,\"size\":20.01,\"path\":null,\"url\":\"/uploads/thumbnail_image_95235c45db.png\"},\"small\":{\"name\":\"small_image.png\",\"hash\":\"small_image_95235c45db\",\"ext\":\".png\",\"mime\":\"image/png\",\"width\":439,\"height\":500,\"size\":111.73,\"path\":null,\"url\":\"/uploads/small_image_95235c45db.png\"}}','image_95235c45db','.png','image/png',146.57,'/uploads/image_95235c45db.png',NULL,'local',NULL,NULL,NULL,'2022-08-10 06:21:25','2022-08-10 06:21:25'),(232,'wogan.pdf',NULL,NULL,NULL,NULL,NULL,'wogan_1547c42a5a','.pdf','application/pdf',137.87,'/uploads/wogan_1547c42a5a.pdf',NULL,'local',NULL,NULL,NULL,'2022-08-10 06:55:23','2022-08-10 06:55:23'),(233,'Screenshot 2022-08-11 164904.png',NULL,NULL,1189,729,'{\"thumbnail\":{\"name\":\"thumbnail_Screenshot 2022-08-11 164904.png\",\"hash\":\"thumbnail_Screenshot_2022_08_11_164904_5e3bb3493c\",\"ext\":\".png\",\"mime\":\"image/png\",\"width\":245,\"height\":150,\"size\":2.16,\"path\":null,\"url\":\"/uploads/thumbnail_Screenshot_2022_08_11_164904_5e3bb3493c.png\"},\"large\":{\"name\":\"large_Screenshot 2022-08-11 164904.png\",\"hash\":\"large_Screenshot_2022_08_11_164904_5e3bb3493c\",\"ext\":\".png\",\"mime\":\"image/png\",\"width\":1000,\"height\":613,\"size\":17.98,\"path\":null,\"url\":\"/uploads/large_Screenshot_2022_08_11_164904_5e3bb3493c.png\"},\"medium\":{\"name\":\"medium_Screenshot 2022-08-11 164904.png\",\"hash\":\"medium_Screenshot_2022_08_11_164904_5e3bb3493c\",\"ext\":\".png\",\"mime\":\"image/png\",\"width\":750,\"height\":460,\"size\":11.45,\"path\":null,\"url\":\"/uploads/medium_Screenshot_2022_08_11_164904_5e3bb3493c.png\"},\"small\":{\"name\":\"small_Screenshot 2022-08-11 164904.png\",\"hash\":\"small_Screenshot_2022_08_11_164904_5e3bb3493c\",\"ext\":\".png\",\"mime\":\"image/png\",\"width\":500,\"height\":307,\"size\":6.08,\"path\":null,\"url\":\"/uploads/small_Screenshot_2022_08_11_164904_5e3bb3493c.png\"}}','Screenshot_2022_08_11_164904_5e3bb3493c','.png','image/png',10.15,'/uploads/Screenshot_2022_08_11_164904_5e3bb3493c.png',NULL,'local',NULL,NULL,NULL,'2022-08-11 08:55:53','2022-08-11 08:55:53'),(234,'Screenshot 2022-08-12 100034.png',NULL,NULL,1391,584,'{\"thumbnail\":{\"name\":\"thumbnail_Screenshot 2022-08-12 100034.png\",\"hash\":\"thumbnail_Screenshot_2022_08_12_100034_b84a883654\",\"ext\":\".png\",\"mime\":\"image/png\",\"width\":245,\"height\":103,\"size\":5.85,\"path\":null,\"url\":\"/uploads/thumbnail_Screenshot_2022_08_12_100034_b84a883654.png\"},\"large\":{\"name\":\"large_Screenshot 2022-08-12 100034.png\",\"hash\":\"large_Screenshot_2022_08_12_100034_b84a883654\",\"ext\":\".png\",\"mime\":\"image/png\",\"width\":1000,\"height\":420,\"size\":55.69,\"path\":null,\"url\":\"/uploads/large_Screenshot_2022_08_12_100034_b84a883654.png\"},\"medium\":{\"name\":\"medium_Screenshot 2022-08-12 100034.png\",\"hash\":\"medium_Screenshot_2022_08_12_100034_b84a883654\",\"ext\":\".png\",\"mime\":\"image/png\",\"width\":750,\"height\":315,\"size\":35.72,\"path\":null,\"url\":\"/uploads/medium_Screenshot_2022_08_12_100034_b84a883654.png\"},\"small\":{\"name\":\"small_Screenshot 2022-08-12 100034.png\",\"hash\":\"small_Screenshot_2022_08_12_100034_b84a883654\",\"ext\":\".png\",\"mime\":\"image/png\",\"width\":500,\"height\":210,\"size\":18.48,\"path\":null,\"url\":\"/uploads/small_Screenshot_2022_08_12_100034_b84a883654.png\"}}','Screenshot_2022_08_12_100034_b84a883654','.png','image/png',31.95,'/uploads/Screenshot_2022_08_12_100034_b84a883654.png',NULL,'local',NULL,NULL,NULL,'2022-08-12 02:06:08','2022-08-12 02:06:08'),(235,'БМ Орлого1.png',NULL,NULL,576,358,'{\"thumbnail\":{\"name\":\"thumbnail_БМ Орлого1.png\",\"hash\":\"thumbnail_BM_Orlogo1_ee516d7eb8\",\"ext\":\".png\",\"mime\":\"image/png\",\"width\":245,\"height\":152,\"size\":18.19,\"path\":null,\"url\":\"/uploads/thumbnail_BM_Orlogo1_ee516d7eb8.png\"},\"small\":{\"name\":\"small_БМ Орлого1.png\",\"hash\":\"small_BM_Orlogo1_ee516d7eb8\",\"ext\":\".png\",\"mime\":\"image/png\",\"width\":500,\"height\":311,\"size\":53.43,\"path\":null,\"url\":\"/uploads/small_BM_Orlogo1_ee516d7eb8.png\"}}','BM_Orlogo1_ee516d7eb8','.png','image/png',28.98,'/uploads/BM_Orlogo1_ee516d7eb8.png',NULL,'local',NULL,NULL,NULL,'2022-08-12 07:12:57','2022-08-12 07:12:57'),(236,'test.png',NULL,NULL,1920,1080,'{\"thumbnail\":{\"name\":\"thumbnail_test.png\",\"hash\":\"thumbnail_test_8637d27ecb\",\"ext\":\".png\",\"mime\":\"image/png\",\"width\":245,\"height\":138,\"size\":25.69,\"path\":null,\"url\":\"/uploads/thumbnail_test_8637d27ecb.png\"},\"large\":{\"name\":\"large_test.png\",\"hash\":\"large_test_8637d27ecb\",\"ext\":\".png\",\"mime\":\"image/png\",\"width\":1000,\"height\":563,\"size\":185.37,\"path\":null,\"url\":\"/uploads/large_test_8637d27ecb.png\"},\"medium\":{\"name\":\"medium_test.png\",\"hash\":\"medium_test_8637d27ecb\",\"ext\":\".png\",\"mime\":\"image/png\",\"width\":750,\"height\":422,\"size\":123.06,\"path\":null,\"url\":\"/uploads/medium_test_8637d27ecb.png\"},\"small\":{\"name\":\"small_test.png\",\"hash\":\"small_test_8637d27ecb\",\"ext\":\".png\",\"mime\":\"image/png\",\"width\":500,\"height\":281,\"size\":66.15,\"path\":null,\"url\":\"/uploads/small_test_8637d27ecb.png\"}}','test_8637d27ecb','.png','image/png',176.97,'/uploads/test_8637d27ecb.png',NULL,'local',NULL,NULL,NULL,'2022-08-12 07:13:44','2022-08-12 07:13:44'),(237,'online macs info.png',NULL,NULL,837,313,'{\"thumbnail\":{\"name\":\"thumbnail_online macs info.png\",\"hash\":\"thumbnail_online_macs_info_4190db4201\",\"ext\":\".png\",\"mime\":\"image/png\",\"width\":245,\"height\":92,\"size\":6.73,\"path\":null,\"url\":\"/uploads/thumbnail_online_macs_info_4190db4201.png\"},\"medium\":{\"name\":\"medium_online macs info.png\",\"hash\":\"medium_online_macs_info_4190db4201\",\"ext\":\".png\",\"mime\":\"image/png\",\"width\":750,\"height\":280,\"size\":35.13,\"path\":null,\"url\":\"/uploads/medium_online_macs_info_4190db4201.png\"},\"small\":{\"name\":\"small_online macs info.png\",\"hash\":\"small_online_macs_info_4190db4201\",\"ext\":\".png\",\"mime\":\"image/png\",\"width\":500,\"height\":187,\"size\":19.06,\"path\":null,\"url\":\"/uploads/small_online_macs_info_4190db4201.png\"}}','online_macs_info_4190db4201','.png','image/png',14.29,'/uploads/online_macs_info_4190db4201.png',NULL,'local',NULL,NULL,NULL,'2022-08-12 07:15:19','2022-08-12 07:15:19'),(238,'БМ Орлого 2.png',NULL,NULL,1385,583,'{\"thumbnail\":{\"name\":\"thumbnail_БМ Орлого 2.png\",\"hash\":\"thumbnail_BM_Orlogo_2_89890ab005\",\"ext\":\".png\",\"mime\":\"image/png\",\"width\":245,\"height\":103,\"size\":10.59,\"path\":null,\"url\":\"/uploads/thumbnail_BM_Orlogo_2_89890ab005.png\"},\"large\":{\"name\":\"large_БМ Орлого 2.png\",\"hash\":\"large_BM_Orlogo_2_89890ab005\",\"ext\":\".png\",\"mime\":\"image/png\",\"width\":1000,\"height\":421,\"size\":75.31,\"path\":null,\"url\":\"/uploads/large_BM_Orlogo_2_89890ab005.png\"},\"medium\":{\"name\":\"medium_БМ Орлого 2.png\",\"hash\":\"medium_BM_Orlogo_2_89890ab005\",\"ext\":\".png\",\"mime\":\"image/png\",\"width\":750,\"height\":316,\"size\":48.91,\"path\":null,\"url\":\"/uploads/medium_BM_Orlogo_2_89890ab005.png\"},\"small\":{\"name\":\"small_БМ Орлого 2.png\",\"hash\":\"small_BM_Orlogo_2_89890ab005\",\"ext\":\".png\",\"mime\":\"image/png\",\"width\":500,\"height\":210,\"size\":26.74,\"path\":null,\"url\":\"/uploads/small_BM_Orlogo_2_89890ab005.png\"}}','BM_Orlogo_2_89890ab005','.png','image/png',37.74,'/uploads/BM_Orlogo_2_89890ab005.png',NULL,'local',NULL,NULL,NULL,'2022-08-12 08:53:46','2022-08-12 08:53:46'),(239,'Screenshot_1.png',NULL,NULL,922,133,'{\"thumbnail\":{\"name\":\"thumbnail_Screenshot_1.png\",\"hash\":\"thumbnail_Screenshot_1_1ce27bb336\",\"ext\":\".png\",\"mime\":\"image/png\",\"width\":245,\"height\":35,\"size\":4.09,\"path\":null,\"url\":\"/uploads/thumbnail_Screenshot_1_1ce27bb336.png\"},\"medium\":{\"name\":\"medium_Screenshot_1.png\",\"hash\":\"medium_Screenshot_1_1ce27bb336\",\"ext\":\".png\",\"mime\":\"image/png\",\"width\":750,\"height\":108,\"size\":18.57,\"path\":null,\"url\":\"/uploads/medium_Screenshot_1_1ce27bb336.png\"},\"small\":{\"name\":\"small_Screenshot_1.png\",\"hash\":\"small_Screenshot_1_1ce27bb336\",\"ext\":\".png\",\"mime\":\"image/png\",\"width\":500,\"height\":72,\"size\":11.08,\"path\":null,\"url\":\"/uploads/small_Screenshot_1_1ce27bb336.png\"}}','Screenshot_1_1ce27bb336','.png','image/png',6.49,'/uploads/Screenshot_1_1ce27bb336.png',NULL,'local',NULL,NULL,NULL,'2022-08-12 09:27:21','2022-08-12 09:27:21'),(240,'Screenshot_4.png',NULL,NULL,998,591,'{\"thumbnail\":{\"name\":\"thumbnail_Screenshot_4.png\",\"hash\":\"thumbnail_Screenshot_4_bf5ea8c05a\",\"ext\":\".png\",\"mime\":\"image/png\",\"width\":245,\"height\":145,\"size\":14.64,\"path\":null,\"url\":\"/uploads/thumbnail_Screenshot_4_bf5ea8c05a.png\"},\"medium\":{\"name\":\"medium_Screenshot_4.png\",\"hash\":\"medium_Screenshot_4_bf5ea8c05a\",\"ext\":\".png\",\"mime\":\"image/png\",\"width\":750,\"height\":444,\"size\":75.22,\"path\":null,\"url\":\"/uploads/medium_Screenshot_4_bf5ea8c05a.png\"},\"small\":{\"name\":\"small_Screenshot_4.png\",\"hash\":\"small_Screenshot_4_bf5ea8c05a\",\"ext\":\".png\",\"mime\":\"image/png\",\"width\":500,\"height\":296,\"size\":41.2,\"path\":null,\"url\":\"/uploads/small_Screenshot_4_bf5ea8c05a.png\"}}','Screenshot_4_bf5ea8c05a','.png','image/png',41.04,'/uploads/Screenshot_4_bf5ea8c05a.png',NULL,'local',NULL,NULL,NULL,'2022-08-12 10:10:09','2022-08-12 10:10:09'),(241,'Screenshot_1.png',NULL,NULL,922,133,'{\"thumbnail\":{\"name\":\"thumbnail_Screenshot_1.png\",\"hash\":\"thumbnail_Screenshot_1_4bbb5bdbeb\",\"ext\":\".png\",\"mime\":\"image/png\",\"width\":245,\"height\":35,\"size\":4.09,\"path\":null,\"url\":\"/uploads/thumbnail_Screenshot_1_4bbb5bdbeb.png\"},\"medium\":{\"name\":\"medium_Screenshot_1.png\",\"hash\":\"medium_Screenshot_1_4bbb5bdbeb\",\"ext\":\".png\",\"mime\":\"image/png\",\"width\":750,\"height\":108,\"size\":18.57,\"path\":null,\"url\":\"/uploads/medium_Screenshot_1_4bbb5bdbeb.png\"},\"small\":{\"name\":\"small_Screenshot_1.png\",\"hash\":\"small_Screenshot_1_4bbb5bdbeb\",\"ext\":\".png\",\"mime\":\"image/png\",\"width\":500,\"height\":72,\"size\":11.08,\"path\":null,\"url\":\"/uploads/small_Screenshot_1_4bbb5bdbeb.png\"}}','Screenshot_1_4bbb5bdbeb','.png','image/png',6.49,'/uploads/Screenshot_1_4bbb5bdbeb.png',NULL,'local',NULL,NULL,NULL,'2022-08-15 02:21:50','2022-08-15 02:21:50'),(242,'Screenshot_1.png',NULL,NULL,922,133,'{\"thumbnail\":{\"name\":\"thumbnail_Screenshot_1.png\",\"hash\":\"thumbnail_Screenshot_1_380c7193cf\",\"ext\":\".png\",\"mime\":\"image/png\",\"width\":245,\"height\":35,\"size\":4.09,\"path\":null,\"url\":\"/uploads/thumbnail_Screenshot_1_380c7193cf.png\"},\"medium\":{\"name\":\"medium_Screenshot_1.png\",\"hash\":\"medium_Screenshot_1_380c7193cf\",\"ext\":\".png\",\"mime\":\"image/png\",\"width\":750,\"height\":108,\"size\":18.57,\"path\":null,\"url\":\"/uploads/medium_Screenshot_1_380c7193cf.png\"},\"small\":{\"name\":\"small_Screenshot_1.png\",\"hash\":\"small_Screenshot_1_380c7193cf\",\"ext\":\".png\",\"mime\":\"image/png\",\"width\":500,\"height\":72,\"size\":11.08,\"path\":null,\"url\":\"/uploads/small_Screenshot_1_380c7193cf.png\"}}','Screenshot_1_380c7193cf','.png','image/png',6.49,'/uploads/Screenshot_1_380c7193cf.png',NULL,'local',NULL,NULL,NULL,'2022-08-15 02:24:46','2022-08-15 02:24:46'),(243,'2019 Macs Quantum.pdf',NULL,NULL,NULL,NULL,NULL,'2019_Macs_Quantum_c933bbf292','.pdf','application/pdf',3233.65,'/uploads/2019_Macs_Quantum_c933bbf292.pdf',NULL,'local',NULL,NULL,NULL,'2022-08-15 03:21:01','2022-08-15 03:21:01'),(244,'adv.pptx',NULL,NULL,NULL,NULL,NULL,'adv_d6980223a6','.pptx','application/vnd.openxmlformats-officedocument.presentationml.presentation',9610.92,'/uploads/adv_d6980223a6.pptx',NULL,'local',NULL,NULL,NULL,'2022-08-15 03:33:50','2022-08-15 03:33:50'),(245,'2019 Macs Quantum.pdf',NULL,NULL,NULL,NULL,NULL,'2019_Macs_Quantum_5ec86883a7','.pdf','application/pdf',3233.65,'/uploads/2019_Macs_Quantum_5ec86883a7.pdf',NULL,'local',NULL,NULL,NULL,'2022-08-15 03:34:47','2022-08-15 03:34:47'),(246,'2019 Macs Quantum.pdf',NULL,NULL,NULL,NULL,NULL,'2019_Macs_Quantum_25d0508bbe','.pdf','application/pdf',3233.65,'/uploads/2019_Macs_Quantum_25d0508bbe.pdf',NULL,'local',NULL,NULL,NULL,'2022-08-15 03:35:24','2022-08-15 03:35:24'),(247,'exel4.xlsx',NULL,NULL,NULL,NULL,NULL,'exel4_8a701fc717','.xlsx','application/vnd.openxmlformats-officedocument.spreadsheetml.sheet',26.37,'/uploads/exel4_8a701fc717.xlsx',NULL,'local',NULL,NULL,NULL,'2022-08-15 03:35:44','2022-08-15 03:35:44'),(248,'Дотоод шилжүүлэг нэршил солих.png',NULL,NULL,415,317,'{\"thumbnail\":{\"name\":\"thumbnail_Дотоод шилжүүлэг нэршил солих.png\",\"hash\":\"thumbnail_Dotood_shilzh_leg_nershil_solih_12e3164e84\",\"ext\":\".png\",\"mime\":\"image/png\",\"width\":204,\"height\":156,\"size\":22.96,\"path\":null,\"url\":\"/uploads/thumbnail_Dotood_shilzh_leg_nershil_solih_12e3164e84.png\"}}','Dotood_shilzh_leg_nershil_solih_12e3164e84','.png','image/png',20.81,'/uploads/Dotood_shilzh_leg_nershil_solih_12e3164e84.png',NULL,'local',NULL,NULL,NULL,'2022-08-15 03:52:29','2022-08-15 03:52:29'),(249,'Дотоод шилжүүлэг зарлагадах барааны данс.png',NULL,NULL,507,410,'{\"thumbnail\":{\"name\":\"thumbnail_Дотоод шилжүүлэг зарлагадах барааны данс.png\",\"hash\":\"thumbnail_Dotood_shilzh_leg_zarlagadah_baraany_dans_38282e33f8\",\"ext\":\".png\",\"mime\":\"image/png\",\"width\":193,\"height\":156,\"size\":13.19,\"path\":null,\"url\":\"/uploads/thumbnail_Dotood_shilzh_leg_zarlagadah_baraany_dans_38282e33f8.png\"},\"small\":{\"name\":\"small_Дотоод шилжүүлэг зарлагадах барааны данс.png\",\"hash\":\"small_Dotood_shilzh_leg_zarlagadah_baraany_dans_38282e33f8\",\"ext\":\".png\",\"mime\":\"image/png\",\"width\":500,\"height\":404,\"size\":55.09,\"path\":null,\"url\":\"/uploads/small_Dotood_shilzh_leg_zarlagadah_baraany_dans_38282e33f8.png\"}}','Dotood_shilzh_leg_zarlagadah_baraany_dans_38282e33f8','.png','image/png',25.77,'/uploads/Dotood_shilzh_leg_zarlagadah_baraany_dans_38282e33f8.png',NULL,'local',NULL,NULL,NULL,'2022-08-15 03:54:39','2022-08-15 03:54:39'),(250,'2019 Macs Quantum.pdf',NULL,NULL,NULL,NULL,NULL,'2019_Macs_Quantum_23b1653fdf','.pdf','application/pdf',3233.65,'/uploads/2019_Macs_Quantum_23b1653fdf.pdf',NULL,'local',NULL,NULL,NULL,'2022-08-15 05:04:42','2022-08-15 05:04:42'),(251,'Рестран болон салоны поссын системийн гарын авлага.docx',NULL,NULL,NULL,NULL,NULL,'Restran_bolon_salony_possyn_sistemijn_garyn_avlaga_cae13e1189','.docx','application/vnd.openxmlformats-officedocument.wordprocessingml.document',260.07,'/uploads/Restran_bolon_salony_possyn_sistemijn_garyn_avlaga_cae13e1189.docx',NULL,'local',NULL,NULL,NULL,'2022-08-15 05:05:08','2022-08-15 05:05:08'),(252,'exel4.xlsx',NULL,NULL,NULL,NULL,NULL,'exel4_bd1d45c7fe','.xlsx','application/vnd.openxmlformats-officedocument.spreadsheetml.sheet',26.37,'/uploads/exel4_bd1d45c7fe.xlsx',NULL,'local',NULL,NULL,NULL,'2022-08-15 05:06:05','2022-08-15 05:06:05'),(253,'Түвшин саруул олон дансаар.docx',NULL,NULL,NULL,NULL,NULL,'T_vshin_saruul_olon_dansaar_190821eb10','.docx','application/vnd.openxmlformats-officedocument.wordprocessingml.document',61.56,'/uploads/T_vshin_saruul_olon_dansaar_190821eb10.docx',NULL,'local',NULL,NULL,NULL,'2022-08-15 05:07:17','2022-08-15 05:07:17'),(254,'adv.pptx',NULL,NULL,NULL,NULL,NULL,'adv_523d30f00b','.pptx','application/vnd.openxmlformats-officedocument.presentationml.presentation',9610.92,'/uploads/adv_523d30f00b.pptx',NULL,'local',NULL,NULL,NULL,'2022-08-15 06:11:12','2022-08-15 06:11:12'),(255,'adv.pptx',NULL,NULL,NULL,NULL,NULL,'adv_bb231755b5','.pptx','application/vnd.openxmlformats-officedocument.presentationml.presentation',9610.92,'/uploads/adv_bb231755b5.pptx',NULL,'local',NULL,NULL,NULL,'2022-08-15 06:12:03','2022-08-15 06:12:03'),(256,'adv.pptx',NULL,NULL,NULL,NULL,NULL,'adv_b97af20266','.pptx','application/vnd.openxmlformats-officedocument.presentationml.presentation',9610.92,'/uploads/adv_b97af20266.pptx',NULL,'local',NULL,NULL,NULL,'2022-08-15 06:15:35','2022-08-15 06:15:35'),(257,'adv.pptx',NULL,NULL,NULL,NULL,NULL,'adv_51e516c6d2','.pptx','application/vnd.openxmlformats-officedocument.presentationml.presentation',9610.92,'/uploads/adv_51e516c6d2.pptx',NULL,'local',NULL,NULL,NULL,'2022-08-15 06:18:13','2022-08-15 06:18:13'),(258,'Infosystems programiin uniin sanal.pdf',NULL,NULL,NULL,NULL,NULL,'Infosystems_programiin_uniin_sanal_7663ab5043','.pdf','application/pdf',412.30,'/uploads/Infosystems_programiin_uniin_sanal_7663ab5043.pdf',NULL,'local',NULL,NULL,NULL,'2022-08-15 06:24:13','2022-08-15 06:24:13'),(259,'2022.08.15.png',NULL,NULL,1273,876,'{\"thumbnail\":{\"name\":\"thumbnail_2022.08.15.png\",\"hash\":\"thumbnail_2022_08_15_2a8faa75f4\",\"ext\":\".png\",\"mime\":\"image/png\",\"width\":227,\"height\":156,\"size\":20.69,\"path\":null,\"url\":\"/uploads/thumbnail_2022_08_15_2a8faa75f4.png\"},\"large\":{\"name\":\"large_2022.08.15.png\",\"hash\":\"large_2022_08_15_2a8faa75f4\",\"ext\":\".png\",\"mime\":\"image/png\",\"width\":1000,\"height\":688,\"size\":179.8,\"path\":null,\"url\":\"/uploads/large_2022_08_15_2a8faa75f4.png\"},\"medium\":{\"name\":\"medium_2022.08.15.png\",\"hash\":\"medium_2022_08_15_2a8faa75f4\",\"ext\":\".png\",\"mime\":\"image/png\",\"width\":750,\"height\":516,\"size\":118.83,\"path\":null,\"url\":\"/uploads/medium_2022_08_15_2a8faa75f4.png\"},\"small\":{\"name\":\"small_2022.08.15.png\",\"hash\":\"small_2022_08_15_2a8faa75f4\",\"ext\":\".png\",\"mime\":\"image/png\",\"width\":500,\"height\":344,\"size\":62.63,\"path\":null,\"url\":\"/uploads/small_2022_08_15_2a8faa75f4.png\"}}','2022_08_15_2a8faa75f4','.png','image/png',92.20,'/uploads/2022_08_15_2a8faa75f4.png',NULL,'local',NULL,NULL,NULL,'2022-08-15 06:27:30','2022-08-15 06:27:30'),(260,'Infosystems programiin uniin sanal.pdf',NULL,NULL,NULL,NULL,NULL,'Infosystems_programiin_uniin_sanal_8a821d5845','.pdf','application/pdf',412.30,'/uploads/Infosystems_programiin_uniin_sanal_8a821d5845.pdf',NULL,'local',NULL,NULL,NULL,'2022-08-15 06:28:33','2022-08-15 06:28:33'),(261,'Infosystems programiin uniin sanal.pdf',NULL,NULL,NULL,NULL,NULL,'Infosystems_programiin_uniin_sanal_c6ca77c8cb','.pdf','application/pdf',412.30,'/uploads/Infosystems_programiin_uniin_sanal_c6ca77c8cb.pdf',NULL,'local',NULL,NULL,NULL,'2022-08-15 06:43:28','2022-08-15 06:43:28'),(262,'Infosystems programiin uniin sanal.pdf',NULL,NULL,NULL,NULL,NULL,'Infosystems_programiin_uniin_sanal_e5b7a11603','.pdf','application/pdf',412.30,'/uploads/Infosystems_programiin_uniin_sanal_e5b7a11603.pdf',NULL,'local',NULL,NULL,NULL,'2022-08-15 06:56:21','2022-08-15 06:56:21'),(263,'Infosystems programiin uniin sanal.pdf',NULL,NULL,NULL,NULL,NULL,'Infosystems_programiin_uniin_sanal_d8f1266d4e','.pdf','application/pdf',412.30,'/uploads/Infosystems_programiin_uniin_sanal_d8f1266d4e.pdf',NULL,'local',NULL,NULL,NULL,'2022-08-15 06:58:09','2022-08-15 06:58:09'),(264,'Infosystems programiin uniin sanal.pdf',NULL,NULL,NULL,NULL,NULL,'Infosystems_programiin_uniin_sanal_661a22253d','.pdf','application/pdf',412.30,'/uploads/Infosystems_programiin_uniin_sanal_661a22253d.pdf',NULL,'local',NULL,NULL,NULL,'2022-08-15 06:59:31','2022-08-15 06:59:31'),(265,'Infosystems programiin uniin sanal.pdf',NULL,NULL,NULL,NULL,NULL,'Infosystems_programiin_uniin_sanal_8cb99d434c','.pdf','application/pdf',412.30,'/uploads/Infosystems_programiin_uniin_sanal_8cb99d434c.pdf',NULL,'local',NULL,NULL,NULL,'2022-08-15 07:00:28','2022-08-15 07:00:28'),(266,'Infosystems programiin uniin sanal.pdf',NULL,NULL,NULL,NULL,NULL,'Infosystems_programiin_uniin_sanal_50c5a3a390','.pdf','application/pdf',412.30,'/uploads/Infosystems_programiin_uniin_sanal_50c5a3a390.pdf',NULL,'local',NULL,NULL,NULL,'2022-08-15 07:01:22','2022-08-15 07:01:22'),(267,'Infosystems programiin uniin sanal.pdf',NULL,NULL,NULL,NULL,NULL,'Infosystems_programiin_uniin_sanal_45760dd4bf','.pdf','application/pdf',412.30,'/uploads/Infosystems_programiin_uniin_sanal_45760dd4bf.pdf',NULL,'local',NULL,NULL,NULL,'2022-08-15 07:02:50','2022-08-15 07:02:50'),(268,'2019 Macs Quantum.pdf',NULL,NULL,NULL,NULL,NULL,'2019_Macs_Quantum_42306677c9','.pdf','application/pdf',3233.65,'/uploads/2019_Macs_Quantum_42306677c9.pdf',NULL,'local',NULL,NULL,NULL,'2022-08-15 07:04:18','2022-08-15 07:04:18'),(269,'2019 Macs Quantum.pdf',NULL,NULL,NULL,NULL,NULL,'2019_Macs_Quantum_b4e6e8dae8','.pdf','application/pdf',3233.65,'/uploads/2019_Macs_Quantum_b4e6e8dae8.pdf',NULL,'local',NULL,NULL,NULL,'2022-08-15 07:05:14','2022-08-15 07:05:14'),(270,'2019 Macs Quantum.pdf',NULL,NULL,NULL,NULL,NULL,'2019_Macs_Quantum_75ef3a1d21','.pdf','application/pdf',3233.65,'/uploads/2019_Macs_Quantum_75ef3a1d21.pdf',NULL,'local',NULL,NULL,NULL,'2022-08-15 07:05:38','2022-08-15 07:05:38'),(271,'2019 Macs Quantum.pdf',NULL,NULL,NULL,NULL,NULL,'2019_Macs_Quantum_06b6f5297e','.pdf','application/pdf',3233.65,'/uploads/2019_Macs_Quantum_06b6f5297e.pdf',NULL,'local',NULL,NULL,NULL,'2022-08-15 07:08:25','2022-08-15 07:08:25'),(272,'2019 Macs Quantum.pdf',NULL,NULL,NULL,NULL,NULL,'2019_Macs_Quantum_55e568bbd3','.pdf','application/pdf',3233.65,'/uploads/2019_Macs_Quantum_55e568bbd3.pdf',NULL,'local',NULL,NULL,NULL,'2022-08-15 07:10:05','2022-08-15 07:10:05'),(273,'2019 Macs Quantum.pdf',NULL,NULL,NULL,NULL,NULL,'2019_Macs_Quantum_6d50686e31','.pdf','application/pdf',3233.65,'/uploads/2019_Macs_Quantum_6d50686e31.pdf',NULL,'local',NULL,NULL,NULL,'2022-08-15 07:13:45','2022-08-15 07:13:45'),(274,'2019 Macs Quantum.pdf',NULL,NULL,NULL,NULL,NULL,'2019_Macs_Quantum_2010982364','.pdf','application/pdf',3233.65,'/uploads/2019_Macs_Quantum_2010982364.pdf',NULL,'local',NULL,NULL,NULL,'2022-08-15 07:14:22','2022-08-15 07:14:22'),(275,'2019 Macs Quantum.pdf',NULL,NULL,NULL,NULL,NULL,'2019_Macs_Quantum_29cb118a55','.pdf','application/pdf',3233.65,'/uploads/2019_Macs_Quantum_29cb118a55.pdf',NULL,'local',NULL,NULL,NULL,'2022-08-15 07:15:43','2022-08-15 07:15:43'),(276,'2019 Macs Quantum.pdf',NULL,NULL,NULL,NULL,NULL,'2019_Macs_Quantum_a5344ac352','.pdf','application/pdf',3233.65,'/uploads/2019_Macs_Quantum_a5344ac352.pdf',NULL,'local',NULL,NULL,NULL,'2022-08-15 07:16:31','2022-08-15 07:16:31'),(277,'2019 Macs Quantum.pdf',NULL,NULL,NULL,NULL,NULL,'2019_Macs_Quantum_dd7022d396','.pdf','application/pdf',3233.65,'/uploads/2019_Macs_Quantum_dd7022d396.pdf',NULL,'local',NULL,NULL,NULL,'2022-08-15 07:20:07','2022-08-15 07:20:07'),(278,'2019 Macs Quantum.pdf',NULL,NULL,NULL,NULL,NULL,'2019_Macs_Quantum_06de4a47aa','.pdf','application/pdf',3233.65,'/uploads/2019_Macs_Quantum_06de4a47aa.pdf',NULL,'local',NULL,NULL,NULL,'2022-08-15 07:20:19','2022-08-15 07:20:19'),(279,'2019 Macs Quantum.pdf',NULL,NULL,NULL,NULL,NULL,'2019_Macs_Quantum_f37e6c4d30','.pdf','application/pdf',3233.65,'/uploads/2019_Macs_Quantum_f37e6c4d30.pdf',NULL,'local',NULL,NULL,NULL,'2022-08-15 07:23:53','2022-08-15 07:23:53'),(280,'IELTS Writing Masterclass.pdf',NULL,NULL,NULL,NULL,NULL,'IELTS_Writing_Masterclass_d591d7d7b0','.pdf','application/pdf',3866.97,'/uploads/IELTS_Writing_Masterclass_d591d7d7b0.pdf',NULL,'local',NULL,NULL,NULL,'2022-08-15 07:24:30','2022-08-15 07:24:30'),(281,'IELTS Writing Masterclass.pdf',NULL,NULL,NULL,NULL,NULL,'IELTS_Writing_Masterclass_42ac871c79','.pdf','application/pdf',3866.97,'/uploads/IELTS_Writing_Masterclass_42ac871c79.pdf',NULL,'local',NULL,NULL,NULL,'2022-08-15 07:27:17','2022-08-15 07:27:17'),(282,'wogan.pdf',NULL,NULL,NULL,NULL,NULL,'wogan_3efa10a8d0','.pdf','application/pdf',137.87,'/uploads/wogan_3efa10a8d0.pdf',NULL,'local',NULL,NULL,NULL,'2022-08-15 07:27:29','2022-08-15 07:27:29'),(283,'2014 оны Намрын улирал - Сэтгэл судлал - E 03130101.pdf',NULL,NULL,NULL,NULL,NULL,'2014_ony_Namryn_uliral_Setgel_sudlal_E_03130101_0aa605baa7','.pdf','application/pdf',320.17,'/uploads/2014_ony_Namryn_uliral_Setgel_sudlal_E_03130101_0aa605baa7.pdf',NULL,'local',NULL,NULL,NULL,'2022-08-15 07:29:01','2022-08-15 07:29:01'),(284,'DNP22022800001231249.pdf',NULL,NULL,NULL,NULL,NULL,'DNP_22022800001231249_9dbe4a91da','.pdf','application/pdf',3848.64,'/uploads/DNP_22022800001231249_9dbe4a91da.pdf',NULL,'local',NULL,NULL,NULL,'2022-08-15 07:30:37','2022-08-15 07:30:37'),(285,'ada5340e0a0265a71ad14024d0d0ad4d.pdf',NULL,NULL,NULL,NULL,NULL,'ada5340e0a0265a71ad14024d0d0ad4d_55e43ccfe8','.pdf','application/pdf',1747.71,'/uploads/ada5340e0a0265a71ad14024d0d0ad4d_55e43ccfe8.pdf',NULL,'local',NULL,NULL,NULL,'2022-08-15 07:43:16','2022-08-15 07:43:16'),(286,'How to blow wall of vocabulary problem.pdf',NULL,NULL,NULL,NULL,NULL,'How_to_blow_wall_of_vocabulary_problem_9c167d0899','.pdf','application/pdf',1932.37,'/uploads/How_to_blow_wall_of_vocabulary_problem_9c167d0899.pdf',NULL,'local',NULL,NULL,NULL,'2022-08-15 07:44:30','2022-08-15 07:44:30'),(287,'2022.04.15-Mayagt_01.pdf',NULL,NULL,NULL,NULL,NULL,'2022_04_15_Mayagt_01_fdc295c19d','.pdf','application/pdf',259.76,'/uploads/2022_04_15_Mayagt_01_fdc295c19d.pdf',NULL,'local',NULL,NULL,NULL,'2022-08-15 07:45:43','2022-08-15 07:45:43'),(288,'DNP22022800001231249.pdf',NULL,NULL,NULL,NULL,NULL,'DNP_22022800001231249_02bd8635c3','.pdf','application/pdf',3848.64,'/uploads/DNP_22022800001231249_02bd8635c3.pdf',NULL,'local',NULL,NULL,NULL,'2022-08-15 07:46:26','2022-08-15 07:46:26'),(289,'ada5340e0a0265a71ad14024d0d0ad4d.pdf',NULL,NULL,NULL,NULL,NULL,'ada5340e0a0265a71ad14024d0d0ad4d_16027cfa4f','.pdf','application/pdf',1747.71,'/uploads/ada5340e0a0265a71ad14024d0d0ad4d_16027cfa4f.pdf',NULL,'local',NULL,NULL,NULL,'2022-08-15 07:47:20','2022-08-15 07:47:20'),(290,'wogan.pdf',NULL,NULL,NULL,NULL,NULL,'wogan_840f47b055','.pdf','application/pdf',137.87,'/uploads/wogan_840f47b055.pdf',NULL,'local',NULL,NULL,NULL,'2022-08-15 07:47:36','2022-08-15 07:47:36'),(291,'wogan.pdf',NULL,NULL,NULL,NULL,NULL,'wogan_d18680c1c0','.pdf','application/pdf',137.87,'/uploads/wogan_d18680c1c0.pdf',NULL,'local',NULL,NULL,NULL,'2022-08-15 07:48:09','2022-08-15 07:48:09'),(292,'2022.04.15-Mayagt_01.pdf',NULL,NULL,NULL,NULL,NULL,'2022_04_15_Mayagt_01_d388781eae','.pdf','application/pdf',259.76,'/uploads/2022_04_15_Mayagt_01_d388781eae.pdf',NULL,'local',NULL,NULL,NULL,'2022-08-15 07:49:26','2022-08-15 07:49:26'),(293,'DNP22022800001231249 (1).pdf',NULL,NULL,NULL,NULL,NULL,'DNP_22022800001231249_1_bed339c5ff','.pdf','application/pdf',3848.64,'/uploads/DNP_22022800001231249_1_bed339c5ff.pdf',NULL,'local',NULL,NULL,NULL,'2022-08-15 07:49:48','2022-08-15 07:49:48'),(294,'ReleaseNotes.pdf',NULL,NULL,NULL,NULL,NULL,'Release_Notes_d84a8a0eb3','.pdf','application/pdf',341.46,'/uploads/Release_Notes_d84a8a0eb3.pdf',NULL,'local',NULL,NULL,NULL,'2022-08-15 07:50:35','2022-08-15 07:50:35'),(295,'ReleaseNotes.pdf',NULL,NULL,NULL,NULL,NULL,'Release_Notes_f6694d7f88','.pdf','application/pdf',341.46,'/uploads/Release_Notes_f6694d7f88.pdf',NULL,'local',NULL,NULL,NULL,'2022-08-15 07:51:19','2022-08-15 07:51:19'),(296,'HTML & CSS Crash Course_ Learn html and css with easy to follow-step-by-step tutorials ( PDFDrive ).pdf',NULL,NULL,NULL,NULL,NULL,'HTML_and_CSS_Crash_Course_Learn_html_and_css_with_easy_to_follow_step_by_step_tutorials_PDF_Drive_2ec13c1efd','.pdf','application/pdf',856.59,'/uploads/HTML_and_CSS_Crash_Course_Learn_html_and_css_with_easy_to_follow_step_by_step_tutorials_PDF_Drive_2ec13c1efd.pdf',NULL,'local',NULL,NULL,NULL,'2022-08-15 07:54:04','2022-08-15 07:54:04'),(297,'wogan.pdf',NULL,NULL,NULL,NULL,NULL,'wogan_64349613fc','.pdf','application/pdf',137.87,'/uploads/wogan_64349613fc.pdf',NULL,'local',NULL,NULL,NULL,'2022-08-15 07:54:51','2022-08-15 07:54:51'),(298,'HTML & CSS Crash Course_ Learn html and css with easy to follow-step-by-step tutorials ( PDFDrive ).pdf',NULL,NULL,NULL,NULL,NULL,'HTML_and_CSS_Crash_Course_Learn_html_and_css_with_easy_to_follow_step_by_step_tutorials_PDF_Drive_b1f13a809b','.pdf','application/pdf',856.59,'/uploads/HTML_and_CSS_Crash_Course_Learn_html_and_css_with_easy_to_follow_step_by_step_tutorials_PDF_Drive_b1f13a809b.pdf',NULL,'local',NULL,NULL,NULL,'2022-08-15 07:55:13','2022-08-15 07:55:13'),(299,'wogan.pdf',NULL,NULL,NULL,NULL,NULL,'wogan_1ab4e5e43d','.pdf','application/pdf',137.87,'/uploads/wogan_1ab4e5e43d.pdf',NULL,'local',NULL,NULL,NULL,'2022-08-15 07:56:57','2022-08-15 07:56:57'),(300,'wogan.pdf',NULL,NULL,NULL,NULL,NULL,'wogan_8ac2ce2bef','.pdf','application/pdf',137.87,'/uploads/wogan_8ac2ce2bef.pdf',NULL,'local',NULL,NULL,NULL,'2022-08-15 08:00:56','2022-08-15 08:00:56'),(301,'wogan.pdf',NULL,NULL,NULL,NULL,NULL,'wogan_3e53c936cc','.pdf','application/pdf',137.87,'/uploads/wogan_3e53c936cc.pdf',NULL,'local',NULL,NULL,NULL,'2022-08-15 08:03:10','2022-08-15 08:03:10'),(302,'wogan.pdf',NULL,NULL,NULL,NULL,NULL,'wogan_22075b01c5','.pdf','application/pdf',137.87,'/uploads/wogan_22075b01c5.pdf',NULL,'local',NULL,NULL,NULL,'2022-08-15 08:03:23','2022-08-15 08:03:23'),(303,'HTML & CSS Crash Course_ Learn html and css with easy to follow-step-by-step tutorials ( PDFDrive ).pdf',NULL,NULL,NULL,NULL,NULL,'HTML_and_CSS_Crash_Course_Learn_html_and_css_with_easy_to_follow_step_by_step_tutorials_PDF_Drive_1f23962112','.pdf','application/pdf',856.59,'/uploads/HTML_and_CSS_Crash_Course_Learn_html_and_css_with_easy_to_follow_step_by_step_tutorials_PDF_Drive_1f23962112.pdf',NULL,'local',NULL,NULL,NULL,'2022-08-15 08:05:05','2022-08-15 08:05:05'),(304,'2022.04.15-Mayagt_01.pdf',NULL,NULL,NULL,NULL,NULL,'2022_04_15_Mayagt_01_d5de030c61','.pdf','application/pdf',259.76,'/uploads/2022_04_15_Mayagt_01_d5de030c61.pdf',NULL,'local',NULL,NULL,NULL,'2022-08-15 08:05:16','2022-08-15 08:05:16'),(305,'wogan.pdf',NULL,NULL,NULL,NULL,NULL,'wogan_2130ac3fd2','.pdf','application/pdf',137.87,'/uploads/wogan_2130ac3fd2.pdf',NULL,'local',NULL,NULL,NULL,'2022-08-15 08:14:13','2022-08-15 08:14:13'),(306,'wogan.pdf',NULL,NULL,NULL,NULL,NULL,'wogan_c2f40d29f2','.pdf','application/pdf',137.87,'/uploads/wogan_c2f40d29f2.pdf',NULL,'local',NULL,NULL,NULL,'2022-08-15 08:52:43','2022-08-15 08:52:43'),(307,'wogan.pdf',NULL,NULL,NULL,NULL,NULL,'wogan_d6d081de4b','.pdf','application/pdf',137.87,'/uploads/wogan_d6d081de4b.pdf',NULL,'local',NULL,NULL,NULL,'2022-08-16 02:28:32','2022-08-16 02:28:32'),(308,'HTML & CSS Crash Course_ Learn html and css with easy to follow-step-by-step tutorials ( PDFDrive ).pdf',NULL,NULL,NULL,NULL,NULL,'HTML_and_CSS_Crash_Course_Learn_html_and_css_with_easy_to_follow_step_by_step_tutorials_PDF_Drive_2e431d14ca','.pdf','application/pdf',856.59,'/uploads/HTML_and_CSS_Crash_Course_Learn_html_and_css_with_easy_to_follow_step_by_step_tutorials_PDF_Drive_2e431d14ca.pdf',NULL,'local',NULL,NULL,NULL,'2022-08-16 02:38:39','2022-08-16 02:38:39'),(309,'logo.png',NULL,NULL,264,301,'{\"thumbnail\":{\"name\":\"thumbnail_logo.png\",\"hash\":\"thumbnail_logo_667cfe115c\",\"ext\":\".png\",\"mime\":\"image/png\",\"width\":137,\"height\":156,\"size\":8.92,\"path\":null,\"url\":\"/uploads/thumbnail_logo_667cfe115c.png\"}}','logo_667cfe115c','.png','image/png',6.23,'/uploads/logo_667cfe115c.png',NULL,'local',NULL,NULL,NULL,'2022-08-24 09:46:33','2022-08-24 09:46:33'),(310,'Infosystems online taniltsuulga-3 text.pdf','','',NULL,NULL,NULL,'Infosystems_online_taniltsuulga_3_text_678a347463','.pdf','application/pdf',15915.94,'/uploads/Infosystems_online_taniltsuulga_3_text_678a347463.pdf',NULL,'local',NULL,1,1,'2023-06-08 13:42:18','2023-06-08 13:42:18'),(311,'Infosystems online taniltsuulga-3 text.pdf','','',NULL,NULL,NULL,'Infosystems_online_taniltsuulga_3_text_2faa349c3e','.pdf','application/pdf',15915.94,'/uploads/Infosystems_online_taniltsuulga_3_text_2faa349c3e.pdf',NULL,'local',NULL,1,1,'2023-06-08 13:43:21','2023-06-08 13:43:21'),(312,'Infosystems online taniltsuulga-3 text_compressed.pdf','','',NULL,NULL,NULL,'Infosystems_online_taniltsuulga_3_text_compressed_f038832cdf','.pdf','application/pdf',3168.67,'/uploads/Infosystems_online_taniltsuulga_3_text_compressed_f038832cdf.pdf',NULL,'local',NULL,1,1,'2023-06-08 13:44:49','2023-06-08 13:44:49');
/*!40000 ALTER TABLE `upload_file` ENABLE KEYS */;
UNLOCK TABLES;

--
-- Table structure for table `upload_file_morph`
--

DROP TABLE IF EXISTS `upload_file_morph`;
/*!40101 SET @saved_cs_client     = @@character_set_client */;
/*!40101 SET character_set_client = utf8 */;
CREATE TABLE `upload_file_morph` (
  `id` int(10) unsigned NOT NULL AUTO_INCREMENT,
  `upload_file_id` int(11) DEFAULT NULL,
  `related_id` int(11) DEFAULT NULL,
  `related_type` longtext,
  `field` longtext,
  `order` int(11) DEFAULT NULL,
  PRIMARY KEY (`id`)
) ENGINE=InnoDB AUTO_INCREMENT=443 DEFAULT CHARSET=utf8;
/*!40101 SET character_set_client = @saved_cs_client */;

--
-- Dumping data for table `upload_file_morph`
--

LOCK TABLES `upload_file_morph` WRITE;
/*!40000 ALTER TABLE `upload_file_morph` DISABLE KEYS */;
INSERT INTO `upload_file_morph` VALUES (12,7,1,'tests','dd',1),(69,15,2,'posts','image',1),(70,16,3,'posts','image',1),(71,17,4,'posts','image',1),(72,19,5,'posts','image',1),(87,43,6,'posts','image',1),(88,44,7,'posts','image',1),(90,45,8,'posts','image',1),(103,11,6,'products','image',1),(107,8,2,'products','image',1),(108,10,5,'products','image',1),(109,13,3,'products','image',1),(110,9,4,'products','image',1),(112,47,7,'products','image',1),(113,48,8,'products','image',1),(187,14,1,'posts','image',1),(199,49,9,'products','image',1),(219,51,1,'components_components_awards','image',1),(220,52,1,'components_components_awards','image',2),(221,53,1,'components_components_awards','image',3),(222,54,1,'components_components_awards','image',4),(323,166,10,'posts','image',1),(324,74,2,'components_components_files','files',1),(325,74,3,'components_components_files','files',1),(326,78,5,'components_components_files','files',1),(327,77,4,'components_components_files','files',1),(328,74,1,'components_components_files','files',1),(330,158,9,'posts','image',1),(331,181,2,'coreissues','image',1),(332,182,3,'coreissues','image',1),(333,183,4,'coreissues','image',1),(334,189,10,'coreissues','image',1),(335,190,12,'coreissues','image',1),(336,192,14,'coreissues','image',1),(337,203,16,'coreissues','image',1),(338,206,17,'coreissues','image',1),(339,210,20,'coreissues','image',1),(340,217,23,'coreissues','image',1),(341,218,24,'coreissues','image',1),(343,221,26,'coreissues','image',1),(344,222,27,'coreissues','image',1),(348,12,1,'products','image',1),(349,233,28,'coreissues','image',1),(350,234,29,'coreissues','image',1),(365,235,32,'coreissues','image',1),(366,236,33,'coreissues','image',1),(367,237,34,'coreissues','image',1),(368,238,35,'coreissues','image',1),(369,240,36,'coreissues','image',1),(370,248,37,'coreissues','image',1),(371,259,39,'coreissues','image',1),(414,12,1,'components_components_product_sectors','image',1),(415,3,1,'components_components_home_top1s','background',1),(416,8,2,'components_components_product_sectors','image',1),(417,13,3,'components_components_product_sectors','image',1),(418,9,4,'components_components_product_sectors','image',1),(419,10,5,'components_components_product_sectors','image',1),(420,11,6,'components_components_product_sectors','image',1),(432,12,1,'components_header_submenus','image',1),(433,8,2,'components_header_submenus','image',1),(434,9,3,'components_header_submenus','image',1),(435,11,4,'components_header_submenus','image',1),(436,10,5,'components_header_submenus','image',1),(437,14,6,'components_header_submenus','image',1),(438,15,7,'components_header_submenus','image',1),(439,17,8,'components_header_submenus','image',1),(440,19,9,'components_header_submenus','image',1),(441,45,10,'components_header_submenus','image',1),(442,4,1,'settings','logo',1);
/*!40000 ALTER TABLE `upload_file_morph` ENABLE KEYS */;
UNLOCK TABLES;

--
-- Table structure for table `users-permissions_permission`
--

DROP TABLE IF EXISTS `users-permissions_permission`;
/*!40101 SET @saved_cs_client     = @@character_set_client */;
/*!40101 SET character_set_client = utf8 */;
CREATE TABLE `users-permissions_permission` (
  `id` int(10) unsigned NOT NULL AUTO_INCREMENT,
  `type` varchar(255) NOT NULL,
  `controller` varchar(255) NOT NULL,
  `action` varchar(255) NOT NULL,
  `enabled` tinyint(1) NOT NULL,
  `policy` varchar(255) DEFAULT NULL,
  `role` int(11) DEFAULT NULL,
  `created_by` int(11) DEFAULT NULL,
  `updated_by` int(11) DEFAULT NULL,
  PRIMARY KEY (`id`)
) ENGINE=InnoDB AUTO_INCREMENT=671 DEFAULT CHARSET=utf8;
/*!40101 SET character_set_client = @saved_cs_client */;

--
-- Dumping data for table `users-permissions_permission`
--

LOCK TABLES `users-permissions_permission` WRITE;
/*!40000 ALTER TABLE `users-permissions_permission` DISABLE KEYS */;
INSERT INTO `users-permissions_permission` VALUES (1,'content-manager','collection-types','bulkdelete',0,'',1,NULL,NULL),(2,'content-manager','collection-types','bulkdelete',0,'',2,NULL,NULL),(3,'content-manager','collection-types','delete',0,'',1,NULL,NULL),(4,'content-manager','collection-types','findone',0,'',1,NULL,NULL),(5,'content-manager','collection-types','create',0,'',2,NULL,NULL),(6,'content-manager','collection-types','find',0,'',2,NULL,NULL),(7,'content-manager','collection-types','create',0,'',1,NULL,NULL),(8,'content-manager','collection-types','findone',0,'',2,NULL,NULL),(9,'content-manager','collection-types','find',0,'',1,NULL,NULL),(10,'content-manager','collection-types','delete',0,'',2,NULL,NULL),(11,'content-manager','collection-types','previewmanyrelations',0,'',1,NULL,NULL),(12,'content-manager','collection-types','previewmanyrelations',0,'',2,NULL,NULL),(13,'content-manager','collection-types','publish',0,'',1,NULL,NULL),(14,'content-manager','collection-types','publish',0,'',2,NULL,NULL),(15,'content-manager','collection-types','unpublish',0,'',1,NULL,NULL),(16,'content-manager','collection-types','unpublish',0,'',2,NULL,NULL),(17,'content-manager','collection-types','update',0,'',1,NULL,NULL),(18,'content-manager','collection-types','update',0,'',2,NULL,NULL),(19,'content-manager','components','findcomponentconfiguration',0,'',1,NULL,NULL),(20,'content-manager','components','findcomponentconfiguration',0,'',2,NULL,NULL),(21,'content-manager','components','findcomponents',0,'',1,NULL,NULL),(22,'content-manager','components','findcomponents',0,'',2,NULL,NULL),(23,'content-manager','components','updatecomponentconfiguration',0,'',1,NULL,NULL),(24,'content-manager','content-types','findcontenttypeconfiguration',0,'',1,NULL,NULL),(25,'content-manager','components','updatecomponentconfiguration',0,'',2,NULL,NULL),(26,'content-manager','content-types','findcontenttypeconfiguration',0,'',2,NULL,NULL),(27,'content-manager','content-types','findcontenttypes',0,'',2,NULL,NULL),(28,'content-manager','content-types','findcontenttypes',0,'',1,NULL,NULL),(29,'content-manager','content-types','findcontenttypessettings',0,'',1,NULL,NULL),(30,'content-manager','content-types','findcontenttypessettings',0,'',2,NULL,NULL),(31,'content-manager','content-types','updatecontenttypeconfiguration',0,'',1,NULL,NULL),(32,'content-manager','content-types','updatecontenttypeconfiguration',0,'',2,NULL,NULL),(33,'content-manager','relations','find',0,'',1,NULL,NULL),(34,'content-manager','relations','find',0,'',2,NULL,NULL),(35,'content-manager','single-types','createorupdate',0,'',1,NULL,NULL),(36,'content-manager','single-types','createorupdate',0,'',2,NULL,NULL),(37,'content-manager','single-types','delete',0,'',1,NULL,NULL),(38,'content-manager','single-types','find',0,'',2,NULL,NULL),(39,'content-manager','single-types','find',0,'',1,NULL,NULL),(40,'content-manager','single-types','delete',0,'',2,NULL,NULL),(41,'content-manager','single-types','publish',0,'',1,NULL,NULL),(42,'content-manager','single-types','publish',0,'',2,NULL,NULL),(43,'content-manager','single-types','unpublish',0,'',1,NULL,NULL),(44,'content-manager','single-types','unpublish',0,'',2,NULL,NULL),(45,'content-manager','uid','checkuidavailability',0,'',1,NULL,NULL),(46,'content-manager','uid','checkuidavailability',0,'',2,NULL,NULL),(47,'content-manager','uid','generateuid',0,'',1,NULL,NULL),(48,'content-manager','uid','generateuid',0,'',2,NULL,NULL),(49,'content-type-builder','builder','getreservednames',0,'',1,NULL,NULL),(50,'content-type-builder','builder','getreservednames',0,'',2,NULL,NULL),(51,'content-type-builder','componentcategories','deletecategory',0,'',1,NULL,NULL),(52,'content-type-builder','componentcategories','deletecategory',0,'',2,NULL,NULL),(53,'content-type-builder','componentcategories','editcategory',0,'',1,NULL,NULL),(54,'content-type-builder','componentcategories','editcategory',0,'',2,NULL,NULL),(55,'content-type-builder','components','createcomponent',0,'',1,NULL,NULL),(56,'content-type-builder','components','createcomponent',0,'',2,NULL,NULL),(57,'content-type-builder','components','deletecomponent',0,'',1,NULL,NULL),(58,'content-type-builder','components','deletecomponent',0,'',2,NULL,NULL),(59,'content-type-builder','components','getcomponent',0,'',2,NULL,NULL),(60,'content-type-builder','components','getcomponent',0,'',1,NULL,NULL),(61,'content-type-builder','components','getcomponents',0,'',1,NULL,NULL),(62,'content-type-builder','components','getcomponents',0,'',2,NULL,NULL),(63,'content-type-builder','components','updatecomponent',0,'',1,NULL,NULL),(64,'content-type-builder','components','updatecomponent',0,'',2,NULL,NULL),(65,'content-type-builder','connections','getconnections',0,'',1,NULL,NULL),(66,'content-type-builder','connections','getconnections',0,'',2,NULL,NULL),(67,'content-type-builder','contenttypes','createcontenttype',0,'',1,NULL,NULL),(68,'content-type-builder','contenttypes','createcontenttype',0,'',2,NULL,NULL),(69,'content-type-builder','contenttypes','deletecontenttype',0,'',1,NULL,NULL),(70,'content-type-builder','contenttypes','deletecontenttype',0,'',2,NULL,NULL),(71,'content-type-builder','contenttypes','getcontenttype',0,'',1,NULL,NULL),(72,'content-type-builder','contenttypes','getcontenttype',0,'',2,NULL,NULL),(73,'content-type-builder','contenttypes','getcontenttypes',0,'',1,NULL,NULL),(74,'content-type-builder','contenttypes','getcontenttypes',0,'',2,NULL,NULL),(75,'content-type-builder','contenttypes','updatecontenttype',0,'',1,NULL,NULL),(76,'content-type-builder','contenttypes','updatecontenttype',0,'',2,NULL,NULL),(77,'email','email','getsettings',0,'',1,NULL,NULL),(78,'email','email','getsettings',0,'',2,NULL,NULL),(79,'email','email','send',0,'',1,NULL,NULL),(80,'email','email','send',0,'',2,NULL,NULL),(81,'email','email','test',0,'',1,NULL,NULL),(82,'email','email','test',0,'',2,NULL,NULL),(83,'i18n','content-types','getnonlocalizedattributes',0,'',1,NULL,NULL),(84,'i18n','iso-locales','listisolocales',0,'',1,NULL,NULL),(85,'i18n','content-types','getnonlocalizedattributes',0,'',2,NULL,NULL),(86,'i18n','iso-locales','listisolocales',0,'',2,NULL,NULL),(87,'i18n','locales','createlocale',0,'',1,NULL,NULL),(88,'i18n','locales','createlocale',0,'',2,NULL,NULL),(89,'i18n','locales','deletelocale',0,'',1,NULL,NULL),(90,'i18n','locales','listlocales',0,'',1,NULL,NULL),(91,'i18n','locales','deletelocale',0,'',2,NULL,NULL),(92,'i18n','locales','listlocales',0,'',2,NULL,NULL),(93,'i18n','locales','updatelocale',0,'',1,NULL,NULL),(94,'i18n','locales','updatelocale',0,'',2,NULL,NULL),(95,'upload','upload','count',0,'',2,NULL,NULL),(96,'upload','upload','count',0,'',1,NULL,NULL),(97,'upload','upload','destroy',0,'',1,NULL,NULL),(98,'upload','upload','destroy',0,'',2,NULL,NULL),(99,'upload','upload','find',1,'',1,NULL,NULL),(100,'upload','upload','find',0,'',2,NULL,NULL),(101,'upload','upload','findone',1,'',1,NULL,NULL),(102,'upload','upload','findone',0,'',2,NULL,NULL),(103,'upload','upload','getsettings',0,'',2,NULL,NULL),(104,'upload','upload','getsettings',0,'',1,NULL,NULL),(105,'upload','upload','search',0,'',2,NULL,NULL),(106,'upload','upload','search',1,'',1,NULL,NULL),(107,'upload','upload','updatesettings',0,'',1,NULL,NULL),(108,'upload','upload','updatesettings',0,'',2,NULL,NULL),(109,'upload','upload','upload',1,'',1,NULL,NULL),(110,'upload','upload','upload',1,'',2,NULL,NULL),(111,'users-permissions','auth','callback',0,'',1,NULL,NULL),(112,'users-permissions','auth','callback',1,'',2,NULL,NULL),(113,'users-permissions','auth','connect',1,'',1,NULL,NULL),(114,'users-permissions','auth','connect',1,'',2,NULL,NULL),(115,'users-permissions','auth','emailconfirmation',0,'',1,NULL,NULL),(116,'users-permissions','auth','emailconfirmation',1,'',2,NULL,NULL),(117,'users-permissions','auth','forgotpassword',1,'',2,NULL,NULL),(118,'users-permissions','auth','forgotpassword',0,'',1,NULL,NULL),(119,'users-permissions','auth','register',1,'',2,NULL,NULL),(120,'users-permissions','auth','resetpassword',0,'',1,NULL,NULL),(121,'users-permissions','auth','register',0,'',1,NULL,NULL),(122,'users-permissions','auth','resetpassword',1,'',2,NULL,NULL),(123,'users-permissions','auth','sendemailconfirmation',0,'',1,NULL,NULL),(124,'users-permissions','auth','sendemailconfirmation',1,'',2,NULL,NULL),(125,'users-permissions','user','count',0,'',1,NULL,NULL),(126,'users-permissions','user','count',0,'',2,NULL,NULL),(127,'users-permissions','user','create',0,'',1,NULL,NULL),(128,'users-permissions','user','create',1,'',2,NULL,NULL),(129,'users-permissions','user','destroy',0,'',1,NULL,NULL),(130,'users-permissions','user','destroy',0,'',2,NULL,NULL),(131,'users-permissions','user','destroyall',0,'',1,NULL,NULL),(132,'users-permissions','user','destroyall',0,'',2,NULL,NULL),(133,'users-permissions','user','find',1,'',1,NULL,NULL),(134,'users-permissions','user','find',0,'',2,NULL,NULL),(135,'users-permissions','user','findone',1,'',1,NULL,NULL),(136,'users-permissions','user','me',1,'',1,NULL,NULL),(137,'users-permissions','user','findone',0,'',2,NULL,NULL),(138,'users-permissions','user','me',1,'',2,NULL,NULL),(139,'users-permissions','user','update',1,'',1,NULL,NULL),(140,'users-permissions','user','update',1,'',2,NULL,NULL),(141,'users-permissions','userspermissions','createrole',0,'',1,NULL,NULL),(142,'users-permissions','userspermissions','createrole',0,'',2,NULL,NULL),(143,'users-permissions','userspermissions','deleterole',0,'',1,NULL,NULL),(144,'users-permissions','userspermissions','getadvancedsettings',0,'',1,NULL,NULL),(145,'users-permissions','userspermissions','deleterole',0,'',2,NULL,NULL),(146,'users-permissions','userspermissions','getadvancedsettings',0,'',2,NULL,NULL),(147,'users-permissions','userspermissions','getemailtemplate',0,'',1,NULL,NULL),(148,'users-permissions','userspermissions','getemailtemplate',0,'',2,NULL,NULL),(149,'users-permissions','userspermissions','getpermissions',0,'',1,NULL,NULL),(150,'users-permissions','userspermissions','getpermissions',0,'',2,NULL,NULL),(151,'users-permissions','userspermissions','getpolicies',0,'',1,NULL,NULL),(152,'users-permissions','userspermissions','getproviders',0,'',1,NULL,NULL),(153,'users-permissions','userspermissions','getrole',0,'',1,NULL,NULL),(154,'users-permissions','userspermissions','getpolicies',0,'',2,NULL,NULL),(155,'users-permissions','userspermissions','getproviders',0,'',2,NULL,NULL),(156,'users-permissions','userspermissions','getrole',0,'',2,NULL,NULL),(157,'users-permissions','userspermissions','getroles',0,'',1,NULL,NULL),(158,'users-permissions','userspermissions','getroles',0,'',2,NULL,NULL),(159,'users-permissions','userspermissions','getroutes',0,'',1,NULL,NULL),(160,'users-permissions','userspermissions','getroutes',0,'',2,NULL,NULL),(161,'users-permissions','userspermissions','index',0,'',1,NULL,NULL),(162,'users-permissions','userspermissions','index',0,'',2,NULL,NULL),(163,'users-permissions','userspermissions','searchusers',0,'',1,NULL,NULL),(164,'users-permissions','userspermissions','searchusers',0,'',2,NULL,NULL),(165,'users-permissions','userspermissions','updateadvancedsettings',0,'',1,NULL,NULL),(166,'users-permissions','userspermissions','updateadvancedsettings',0,'',2,NULL,NULL),(167,'users-permissions','userspermissions','updateemailtemplate',0,'',1,NULL,NULL),(168,'users-permissions','userspermissions','updateemailtemplate',0,'',2,NULL,NULL),(169,'users-permissions','userspermissions','updateproviders',0,'',1,NULL,NULL),(170,'users-permissions','userspermissions','updateproviders',0,'',2,NULL,NULL),(171,'users-permissions','userspermissions','updaterole',0,'',1,NULL,NULL),(172,'users-permissions','userspermissions','updaterole',0,'',2,NULL,NULL),(173,'wysiwyg','wysiwyg','index',0,'',1,NULL,NULL),(174,'wysiwyg','wysiwyg','index',0,'',2,NULL,NULL),(183,'documentation','documentation','deletedoc',0,'',1,NULL,NULL),(184,'documentation','documentation','index',0,'',1,NULL,NULL),(185,'documentation','documentation','deletedoc',0,'',2,NULL,NULL),(186,'documentation','documentation','getinfos',0,'',2,NULL,NULL),(187,'documentation','documentation','getinfos',0,'',1,NULL,NULL),(188,'documentation','documentation','loginview',0,'',2,NULL,NULL),(189,'documentation','documentation','login',0,'',1,NULL,NULL),(190,'documentation','documentation','index',0,'',2,NULL,NULL),(191,'documentation','documentation','login',0,'',2,NULL,NULL),(192,'documentation','documentation','loginview',0,'',1,NULL,NULL),(193,'documentation','documentation','regeneratedoc',0,'',1,NULL,NULL),(194,'documentation','documentation','updatesettings',0,'',1,NULL,NULL),(195,'documentation','documentation','regeneratedoc',0,'',2,NULL,NULL),(196,'documentation','documentation','updatesettings',0,'',2,NULL,NULL),(197,'application','settings','delete',0,'',1,NULL,NULL),(198,'application','settings','find',0,'',1,NULL,NULL),(199,'application','settings','update',0,'',1,NULL,NULL),(200,'application','settings','update',0,'',2,NULL,NULL),(201,'application','settings','find',1,'',2,NULL,NULL),(202,'application','settings','delete',0,'',2,NULL,NULL),(203,'application','home','find',0,'',1,NULL,NULL),(204,'application','home','delete',0,'',1,NULL,NULL),(205,'application','home','delete',0,'',2,NULL,NULL),(206,'application','home','find',1,'',2,NULL,NULL),(207,'application','home','update',0,'',2,NULL,NULL),(208,'application','home','update',0,'',1,NULL,NULL),(209,'application','page','count',0,'',1,NULL,NULL),(210,'application','page','findone',1,'',2,NULL,NULL),(211,'application','page','create',0,'',1,NULL,NULL),(212,'application','page','delete',0,'',2,NULL,NULL),(213,'application','page','delete',0,'',1,NULL,NULL),(214,'application','page','count',0,'',2,NULL,NULL),(215,'application','page','create',0,'',2,NULL,NULL),(216,'application','page','find',0,'',1,NULL,NULL),(217,'application','page','find',1,'',2,NULL,NULL),(218,'application','page','findone',0,'',1,NULL,NULL),(219,'application','page','update',0,'',1,NULL,NULL),(220,'application','page','update',0,'',2,NULL,NULL),(227,'application','post','count',1,'',2,NULL,NULL),(228,'application','post','find',0,'',1,NULL,NULL),(229,'application','post','delete',0,'',2,NULL,NULL),(230,'application','post','create',0,'',1,NULL,NULL),(231,'application','post','create',0,'',2,NULL,NULL),(232,'application','post','delete',0,'',1,NULL,NULL),(233,'application','post','count',0,'',1,NULL,NULL),(234,'application','post','find',1,'',2,NULL,NULL),(235,'application','post','findone',0,'',1,NULL,NULL),(236,'application','post','findone',1,'',2,NULL,NULL),(237,'application','post','update',1,'',2,NULL,NULL),(238,'application','post','update',0,'',1,NULL,NULL),(239,'application','product','create',0,'',1,NULL,NULL),(240,'application','product','delete',0,'',1,NULL,NULL),(241,'application','product','count',1,'',2,NULL,NULL),(242,'application','product','create',0,'',2,NULL,NULL),(243,'application','product','findone',0,'',1,NULL,NULL),(244,'application','product','find',0,'',1,NULL,NULL),(245,'application','product','find',1,'',2,NULL,NULL),(246,'application','product','count',0,'',1,NULL,NULL),(247,'application','product','delete',0,'',2,NULL,NULL),(248,'application','product','findone',1,'',2,NULL,NULL),(249,'application','product','update',0,'',1,NULL,NULL),(250,'application','product','update',1,'',2,NULL,NULL),(251,'application','infosystem-report','create',0,'',1,NULL,NULL),(252,'application','infosystem-report','count',0,'',2,NULL,NULL),(253,'application','infosystem-report','delete',0,'',1,NULL,NULL),(254,'application','infosystem-report','find',0,'',1,NULL,NULL),(255,'application','infosystem-report','find',0,'',2,NULL,NULL),(256,'application','infosystem-report','delete',0,'',2,NULL,NULL),(257,'application','infosystem-report','findone',0,'',1,NULL,NULL),(258,'application','infosystem-report','count',0,'',1,NULL,NULL),(259,'application','infosystem-report','create',1,'',2,NULL,NULL),(260,'application','infosystem-report','findone',0,'',2,NULL,NULL),(261,'application','infosystem-report','update',0,'',1,NULL,NULL),(262,'application','infosystem-report','update',0,'',2,NULL,NULL),(263,'application','product-feedback','count',0,'',2,NULL,NULL),(264,'application','product-feedback','find',1,'',2,NULL,NULL),(265,'application','product-feedback','findone',1,'',1,NULL,NULL),(266,'application','product-feedback','create',1,'',1,NULL,NULL),(267,'application','product-feedback','count',0,'',1,NULL,NULL),(268,'application','product-feedback','create',1,'',2,NULL,NULL),(269,'application','product-feedback','delete',1,'',1,NULL,NULL),(270,'application','product-feedback','delete',0,'',2,NULL,NULL),(271,'application','product-feedback','find',1,'',1,NULL,NULL),(272,'application','product-feedback','findone',1,'',2,NULL,NULL),(273,'application','product-feedback','update',1,'',1,NULL,NULL),(274,'application','product-feedback','update',1,'',2,NULL,NULL),(275,'application','home','find',0,'',3,NULL,NULL),(276,'application','home','update',0,'',3,NULL,NULL),(277,'application','infosystem-report','find',1,'',3,NULL,NULL),(278,'application','home','delete',0,'',3,NULL,NULL),(279,'application','infosystem-report','findone',1,'',3,NULL,NULL),(280,'application','infosystem-report','count',1,'',3,NULL,NULL),(281,'application','infosystem-report','create',1,'',3,NULL,NULL),(282,'application','infosystem-report','delete',1,'',3,NULL,NULL),(283,'application','infosystem-report','update',1,'',3,NULL,NULL),(284,'application','page','find',0,'',3,NULL,NULL),(285,'application','page','findone',0,'',3,NULL,NULL),(286,'application','page','count',0,'',3,NULL,NULL),(287,'application','page','create',0,'',3,NULL,NULL),(288,'application','page','update',0,'',3,NULL,NULL),(289,'application','page','delete',0,'',3,NULL,NULL),(290,'application','post','find',0,'',3,NULL,NULL),(291,'application','post','findone',0,'',3,NULL,NULL),(292,'application','post','count',0,'',3,NULL,NULL),(293,'application','post','create',0,'',3,NULL,NULL),(294,'application','post','update',0,'',3,NULL,NULL),(295,'application','post','delete',0,'',3,NULL,NULL),(296,'application','product-feedback','find',1,'',3,NULL,NULL),(297,'application','product-feedback','findone',1,'',3,NULL,NULL),(298,'application','product-feedback','create',1,'',3,NULL,NULL),(299,'application','product-feedback','count',1,'',3,NULL,NULL),(300,'application','product-feedback','update',1,'',3,NULL,NULL),(301,'application','product-feedback','delete',1,'',3,NULL,NULL),(302,'application','product','find',0,'',3,NULL,NULL),(303,'application','product','findone',0,'',3,NULL,NULL),(304,'application','product','count',0,'',3,NULL,NULL),(305,'application','product','create',0,'',3,NULL,NULL),(306,'application','product','update',0,'',3,NULL,NULL),(307,'application','settings','find',0,'',3,NULL,NULL),(308,'application','product','delete',0,'',3,NULL,NULL),(309,'application','settings','delete',0,'',3,NULL,NULL),(310,'application','settings','update',0,'',3,NULL,NULL),(311,'content-manager','collection-types','find',0,'',3,NULL,NULL),(312,'content-manager','collection-types','findone',0,'',3,NULL,NULL),(313,'content-manager','collection-types','create',0,'',3,NULL,NULL),(314,'content-manager','collection-types','update',0,'',3,NULL,NULL),(315,'content-manager','collection-types','delete',0,'',3,NULL,NULL),(316,'content-manager','collection-types','publish',0,'',3,NULL,NULL),(317,'content-manager','collection-types','unpublish',0,'',3,NULL,NULL),(318,'content-manager','collection-types','bulkdelete',0,'',3,NULL,NULL),(319,'content-manager','collection-types','previewmanyrelations',0,'',3,NULL,NULL),(320,'content-manager','components','findcomponents',0,'',3,NULL,NULL),(321,'content-manager','components','findcomponentconfiguration',0,'',3,NULL,NULL),(322,'content-manager','components','updatecomponentconfiguration',0,'',3,NULL,NULL),(323,'content-manager','content-types','findcontenttypessettings',0,'',3,NULL,NULL),(324,'content-manager','content-types','findcontenttypes',0,'',3,NULL,NULL),(325,'content-manager','content-types','findcontenttypeconfiguration',0,'',3,NULL,NULL),(326,'content-manager','content-types','updatecontenttypeconfiguration',0,'',3,NULL,NULL),(327,'content-manager','relations','find',0,'',3,NULL,NULL),(328,'content-manager','single-types','find',0,'',3,NULL,NULL),(329,'content-manager','single-types','createorupdate',0,'',3,NULL,NULL),(330,'content-manager','single-types','delete',0,'',3,NULL,NULL),(331,'content-manager','single-types','publish',0,'',3,NULL,NULL),(332,'content-manager','single-types','unpublish',0,'',3,NULL,NULL),(333,'content-manager','uid','generateuid',0,'',3,NULL,NULL),(334,'content-manager','uid','checkuidavailability',0,'',3,NULL,NULL),(335,'content-type-builder','builder','getreservednames',0,'',3,NULL,NULL),(336,'content-type-builder','componentcategories','editcategory',0,'',3,NULL,NULL),(337,'content-type-builder','componentcategories','deletecategory',0,'',3,NULL,NULL),(338,'content-type-builder','components','getcomponents',0,'',3,NULL,NULL),(339,'content-type-builder','components','getcomponent',0,'',3,NULL,NULL),(340,'content-type-builder','components','createcomponent',0,'',3,NULL,NULL),(341,'content-type-builder','components','deletecomponent',0,'',3,NULL,NULL),(342,'content-type-builder','components','updatecomponent',0,'',3,NULL,NULL),(343,'content-type-builder','connections','getconnections',0,'',3,NULL,NULL),(344,'content-type-builder','contenttypes','getcontenttypes',0,'',3,NULL,NULL),(345,'content-type-builder','contenttypes','getcontenttype',0,'',3,NULL,NULL),(346,'content-type-builder','contenttypes','createcontenttype',0,'',3,NULL,NULL),(347,'content-type-builder','contenttypes','updatecontenttype',0,'',3,NULL,NULL),(348,'content-type-builder','contenttypes','deletecontenttype',0,'',3,NULL,NULL),(349,'documentation','documentation','getinfos',0,'',3,NULL,NULL),(350,'documentation','documentation','index',0,'',3,NULL,NULL),(351,'documentation','documentation','loginview',0,'',3,NULL,NULL),(352,'documentation','documentation','login',0,'',3,NULL,NULL),(353,'documentation','documentation','regeneratedoc',0,'',3,NULL,NULL),(354,'documentation','documentation','deletedoc',0,'',3,NULL,NULL),(355,'documentation','documentation','updatesettings',0,'',3,NULL,NULL),(356,'email','email','send',0,'',3,NULL,NULL),(357,'email','email','test',0,'',3,NULL,NULL),(358,'email','email','getsettings',0,'',3,NULL,NULL),(359,'i18n','content-types','getnonlocalizedattributes',0,'',3,NULL,NULL),(360,'i18n','iso-locales','listisolocales',0,'',3,NULL,NULL),(361,'i18n','locales','createlocale',0,'',3,NULL,NULL),(362,'i18n','locales','listlocales',0,'',3,NULL,NULL),(363,'i18n','locales','updatelocale',0,'',3,NULL,NULL),(364,'i18n','locales','deletelocale',0,'',3,NULL,NULL),(365,'upload','upload','find',1,'',3,NULL,NULL),(366,'upload','upload','findone',1,'',3,NULL,NULL),(367,'upload','upload','destroy',1,'',3,NULL,NULL),(368,'upload','upload','updatesettings',1,'',3,NULL,NULL),(369,'upload','upload','getsettings',1,'',3,NULL,NULL),(370,'upload','upload','upload',1,'',3,NULL,NULL),(371,'upload','upload','count',1,'',3,NULL,NULL),(372,'upload','upload','search',1,'',3,NULL,NULL),(373,'users-permissions','auth','callback',1,'',3,NULL,NULL),(374,'users-permissions','auth','resetpassword',1,'',3,NULL,NULL),(375,'users-permissions','auth','connect',1,'',3,NULL,NULL),(376,'users-permissions','auth','forgotpassword',1,'',3,NULL,NULL),(377,'users-permissions','auth','register',1,'',3,NULL,NULL),(378,'users-permissions','auth','sendemailconfirmation',1,'',3,NULL,NULL),(379,'users-permissions','auth','emailconfirmation',1,'',3,NULL,NULL),(380,'users-permissions','user','create',1,'',3,NULL,NULL),(381,'users-permissions','user','find',1,'',3,NULL,NULL),(382,'users-permissions','user','update',1,'',3,NULL,NULL),(383,'users-permissions','user','findone',1,'',3,NULL,NULL),(384,'users-permissions','user','count',1,'',3,NULL,NULL),(385,'users-permissions','user','destroy',1,'',3,NULL,NULL),(386,'users-permissions','user','destroyall',1,'',3,NULL,NULL),(387,'users-permissions','user','me',1,'',3,NULL,NULL),(388,'users-permissions','userspermissions','deleterole',1,'',3,NULL,NULL),(389,'users-permissions','userspermissions','createrole',1,'',3,NULL,NULL),(390,'users-permissions','userspermissions','getpermissions',1,'',3,NULL,NULL),(391,'users-permissions','userspermissions','getpolicies',1,'',3,NULL,NULL),(392,'users-permissions','userspermissions','getrole',1,'',3,NULL,NULL),(393,'users-permissions','userspermissions','getroles',1,'',3,NULL,NULL),(394,'users-permissions','userspermissions','getroutes',1,'',3,NULL,NULL),(395,'users-permissions','userspermissions','index',1,'',3,NULL,NULL),(396,'users-permissions','userspermissions','searchusers',1,'',3,NULL,NULL),(397,'users-permissions','userspermissions','updaterole',1,'',3,NULL,NULL),(398,'users-permissions','userspermissions','getemailtemplate',1,'',3,NULL,NULL),(399,'users-permissions','userspermissions','updateemailtemplate',1,'',3,NULL,NULL),(400,'users-permissions','userspermissions','getadvancedsettings',1,'',3,NULL,NULL),(401,'users-permissions','userspermissions','getproviders',1,'',3,NULL,NULL),(402,'users-permissions','userspermissions','updateadvancedsettings',1,'',3,NULL,NULL),(403,'users-permissions','userspermissions','updateproviders',1,'',3,NULL,NULL),(404,'wysiwyg','wysiwyg','index',0,'',3,NULL,NULL),(405,'application','issue-answer','create',1,'',2,NULL,NULL),(406,'application','issue-answer','count',1,'',2,NULL,NULL),(407,'application','issue-answer','delete',1,'',1,NULL,NULL),(408,'application','issue-answer','delete',1,'',3,NULL,NULL),(409,'application','issue-answer','create',1,'',1,NULL,NULL),(410,'application','issue-answer','delete',1,'',2,NULL,NULL),(411,'application','issue-answer','count',1,'',3,NULL,NULL),(412,'application','issue-answer','create',1,'',3,NULL,NULL),(413,'application','issue-answer','count',1,'',1,NULL,NULL),(414,'application','issue-answer','find',1,'',2,NULL,NULL),(415,'application','issue-answer','find',1,'',1,NULL,NULL),(416,'application','issue-answer','find',1,'',3,NULL,NULL),(417,'application','issue-answer','findone',1,'',1,NULL,NULL),(418,'application','issue-answer','findone',1,'',3,NULL,NULL),(419,'application','issue-answer','findone',1,'',2,NULL,NULL),(420,'application','issue-answer','update',1,'',1,NULL,NULL),(421,'application','issue-answer','update',1,'',2,NULL,NULL),(422,'application','issue-answer','update',1,'',3,NULL,NULL),(423,'application','email','index',0,'',3,NULL,NULL),(424,'application','email','index',1,'',2,NULL,NULL),(425,'application','email','index',0,'',1,NULL,NULL),(426,'application','insert-notification','count',1,'',3,NULL,NULL),(427,'application','insert-notification','count',1,'',2,NULL,NULL),(428,'application','insert-notification','count',1,'',1,NULL,NULL),(429,'application','insert-notification','create',1,'',1,NULL,NULL),(430,'application','insert-notification','create',1,'',2,NULL,NULL),(431,'application','insert-notification','create',1,'',3,NULL,NULL),(432,'application','insert-notification','delete',1,'',1,NULL,NULL),(433,'application','insert-notification','delete',1,'',2,NULL,NULL),(434,'application','insert-notification','delete',1,'',3,NULL,NULL),(435,'application','insert-notification','find',1,'',1,NULL,NULL),(436,'application','insert-notification','find',1,'',2,NULL,NULL),(437,'application','insert-notification','find',1,'',3,NULL,NULL),(438,'application','insert-notification','findone',1,'',1,NULL,NULL),(439,'application','insert-notification','findone',1,'',2,NULL,NULL),(440,'application','insert-notification','findone',1,'',3,NULL,NULL),(441,'application','insert-notification','update',1,'',1,NULL,NULL),(442,'application','insert-notification','update',1,'',2,NULL,NULL),(443,'application','insert-notification','update',1,'',3,NULL,NULL),(444,'application','bankrate','getrates',0,'',3,NULL,NULL),(445,'application','bankrate','getrates',1,'',2,NULL,NULL),(446,'application','bankrate','getrates',0,'',1,NULL,NULL),(447,'application','checklicense','post',0,'',1,NULL,NULL),(448,'application','checklicense','post',0,'',2,NULL,NULL),(449,'application','checklicense','post',0,'',3,NULL,NULL),(450,'application','newscheck','index',0,'',1,NULL,NULL),(451,'application','newscheck','index',0,'',2,NULL,NULL),(452,'application','newscheck','index',0,'',3,NULL,NULL),(453,'application','coreissue','count',0,'',3,NULL,NULL),(454,'application','coreissue','count',1,'',2,NULL,NULL),(455,'application','coreissue','count',0,'',1,NULL,NULL),(456,'application','coreissue','create',0,'',1,NULL,NULL),(457,'application','coreissue','create',1,'',2,NULL,NULL),(458,'application','coreissue','create',0,'',3,NULL,NULL),(459,'application','coreissue','delete',0,'',1,NULL,NULL),(460,'application','coreissue','delete',0,'',2,NULL,NULL),(461,'application','coreissue','delete',0,'',3,NULL,NULL),(462,'application','coreissue','find',0,'',1,NULL,NULL),(463,'application','coreissue','find',1,'',2,NULL,NULL),(464,'application','coreissue','find',0,'',3,NULL,NULL),(465,'application','coreissue','findone',0,'',1,NULL,NULL),(466,'application','coreissue','findone',1,'',2,NULL,NULL),(467,'application','coreissue','findone',0,'',3,NULL,NULL),(468,'application','coreissue','update',0,'',1,NULL,NULL),(469,'application','coreissue','update',1,'',2,NULL,NULL),(470,'application','coreissue','update',0,'',3,NULL,NULL),(471,'application','projectcategory','count',0,'',1,NULL,NULL),(472,'application','projectcategory','count',1,'',2,NULL,NULL),(473,'application','projectcategory','count',0,'',3,NULL,NULL),(474,'application','projectcategory','create',0,'',1,NULL,NULL),(475,'application','projectcategory','create',0,'',2,NULL,NULL),(476,'application','projectcategory','create',0,'',3,NULL,NULL),(477,'application','projectcategory','delete',0,'',1,NULL,NULL),(478,'application','projectcategory','delete',0,'',2,NULL,NULL),(479,'application','projectcategory','delete',0,'',3,NULL,NULL),(480,'application','projectcategory','find',0,'',1,NULL,NULL),(481,'application','projectcategory','find',1,'',2,NULL,NULL),(482,'application','projectcategory','find',0,'',3,NULL,NULL),(483,'application','projectcategory','findone',0,'',1,NULL,NULL),(484,'application','projectcategory','findone',0,'',2,NULL,NULL),(485,'application','projectcategory','findone',0,'',3,NULL,NULL),(486,'application','projectcategory','update',0,'',1,NULL,NULL),(487,'application','projectcategory','update',0,'',2,NULL,NULL),(488,'application','projectcategory','update',0,'',3,NULL,NULL),(489,'application','bankrate','getrates',0,'',4,NULL,NULL),(490,'application','checklicense','post',0,'',4,NULL,NULL),(491,'application','coreissue','find',0,'',4,NULL,NULL),(492,'application','coreissue','findone',0,'',4,NULL,NULL),(493,'application','coreissue','count',0,'',4,NULL,NULL),(494,'application','coreissue','create',0,'',4,NULL,NULL),(495,'application','coreissue','update',0,'',4,NULL,NULL),(496,'application','coreissue','delete',0,'',4,NULL,NULL),(497,'application','email','index',0,'',4,NULL,NULL),(498,'application','home','find',0,'',4,NULL,NULL),(499,'application','home','update',0,'',4,NULL,NULL),(500,'application','home','delete',0,'',4,NULL,NULL),(501,'application','infosystem-report','find',0,'',4,NULL,NULL),(502,'application','infosystem-report','findone',0,'',4,NULL,NULL),(503,'application','infosystem-report','count',0,'',4,NULL,NULL),(504,'application','infosystem-report','create',0,'',4,NULL,NULL),(505,'application','infosystem-report','update',0,'',4,NULL,NULL),(506,'application','infosystem-report','delete',0,'',4,NULL,NULL),(507,'application','insert-notification','find',0,'',4,NULL,NULL),(508,'application','insert-notification','findone',0,'',4,NULL,NULL),(509,'application','insert-notification','count',0,'',4,NULL,NULL),(510,'application','insert-notification','create',0,'',4,NULL,NULL),(511,'application','insert-notification','update',0,'',4,NULL,NULL),(512,'application','insert-notification','delete',0,'',4,NULL,NULL),(513,'application','issue-answer','find',0,'',4,NULL,NULL),(514,'application','issue-answer','findone',0,'',4,NULL,NULL),(515,'application','issue-answer','count',0,'',4,NULL,NULL),(516,'application','issue-answer','create',0,'',4,NULL,NULL),(517,'application','issue-answer','update',0,'',4,NULL,NULL),(518,'application','issue-answer','delete',0,'',4,NULL,NULL),(519,'application','newscheck','index',0,'',4,NULL,NULL),(520,'application','page','find',0,'',4,NULL,NULL),(521,'application','page','findone',0,'',4,NULL,NULL),(522,'application','page','count',0,'',4,NULL,NULL),(523,'application','page','create',0,'',4,NULL,NULL),(524,'application','page','update',0,'',4,NULL,NULL),(525,'application','page','delete',0,'',4,NULL,NULL),(526,'application','post','find',0,'',4,NULL,NULL),(527,'application','post','findone',0,'',4,NULL,NULL),(528,'application','post','count',0,'',4,NULL,NULL),(529,'application','post','create',0,'',4,NULL,NULL),(530,'application','post','update',0,'',4,NULL,NULL),(531,'application','post','delete',0,'',4,NULL,NULL),(532,'application','product-feedback','find',0,'',4,NULL,NULL),(533,'application','product-feedback','findone',0,'',4,NULL,NULL),(534,'application','product-feedback','count',0,'',4,NULL,NULL),(535,'application','product-feedback','create',0,'',4,NULL,NULL),(536,'application','product-feedback','update',0,'',4,NULL,NULL),(537,'application','product-feedback','delete',0,'',4,NULL,NULL),(538,'application','product','find',0,'',4,NULL,NULL),(539,'application','product','findone',0,'',4,NULL,NULL),(540,'application','product','count',0,'',4,NULL,NULL),(541,'application','product','create',0,'',4,NULL,NULL),(542,'application','product','update',0,'',4,NULL,NULL),(543,'application','product','delete',0,'',4,NULL,NULL),(544,'application','projectcategory','find',0,'',4,NULL,NULL),(545,'application','projectcategory','findone',0,'',4,NULL,NULL),(546,'application','projectcategory','count',0,'',4,NULL,NULL),(547,'application','projectcategory','create',0,'',4,NULL,NULL),(548,'application','projectcategory','update',0,'',4,NULL,NULL),(549,'application','projectcategory','delete',0,'',4,NULL,NULL),(550,'application','settings','find',0,'',4,NULL,NULL),(551,'application','settings','update',0,'',4,NULL,NULL),(552,'application','settings','delete',0,'',4,NULL,NULL),(553,'content-manager','collection-types','find',0,'',4,NULL,NULL),(554,'content-manager','collection-types','findone',0,'',4,NULL,NULL),(555,'content-manager','collection-types','create',0,'',4,NULL,NULL),(556,'content-manager','collection-types','update',0,'',4,NULL,NULL),(557,'content-manager','collection-types','delete',0,'',4,NULL,NULL),(558,'content-manager','collection-types','publish',0,'',4,NULL,NULL),(559,'content-manager','collection-types','unpublish',0,'',4,NULL,NULL),(560,'content-manager','collection-types','bulkdelete',0,'',4,NULL,NULL),(561,'content-manager','collection-types','previewmanyrelations',0,'',4,NULL,NULL),(562,'content-manager','components','findcomponents',0,'',4,NULL,NULL),(563,'content-manager','components','findcomponentconfiguration',0,'',4,NULL,NULL),(564,'content-manager','components','updatecomponentconfiguration',0,'',4,NULL,NULL),(565,'content-manager','content-types','findcontenttypes',0,'',4,NULL,NULL),(566,'content-manager','content-types','findcontenttypessettings',0,'',4,NULL,NULL),(567,'content-manager','content-types','findcontenttypeconfiguration',0,'',4,NULL,NULL),(568,'content-manager','content-types','updatecontenttypeconfiguration',0,'',4,NULL,NULL),(569,'content-manager','relations','find',0,'',4,NULL,NULL),(570,'content-manager','single-types','find',0,'',4,NULL,NULL),(571,'content-manager','single-types','createorupdate',0,'',4,NULL,NULL),(572,'content-manager','single-types','delete',0,'',4,NULL,NULL),(573,'content-manager','single-types','publish',0,'',4,NULL,NULL),(574,'content-manager','single-types','unpublish',0,'',4,NULL,NULL),(575,'content-manager','uid','generateuid',0,'',4,NULL,NULL),(576,'content-manager','uid','checkuidavailability',0,'',4,NULL,NULL),(577,'content-type-builder','builder','getreservednames',0,'',4,NULL,NULL),(578,'content-type-builder','componentcategories','editcategory',0,'',4,NULL,NULL),(579,'content-type-builder','componentcategories','deletecategory',0,'',4,NULL,NULL),(580,'content-type-builder','components','getcomponents',0,'',4,NULL,NULL),(581,'content-type-builder','components','getcomponent',0,'',4,NULL,NULL),(582,'content-type-builder','components','createcomponent',0,'',4,NULL,NULL),(583,'content-type-builder','components','updatecomponent',0,'',4,NULL,NULL),(584,'content-type-builder','components','deletecomponent',0,'',4,NULL,NULL),(585,'content-type-builder','connections','getconnections',0,'',4,NULL,NULL),(586,'content-type-builder','contenttypes','getcontenttypes',0,'',4,NULL,NULL),(587,'content-type-builder','contenttypes','getcontenttype',0,'',4,NULL,NULL),(588,'content-type-builder','contenttypes','createcontenttype',0,'',4,NULL,NULL),(589,'content-type-builder','contenttypes','updatecontenttype',0,'',4,NULL,NULL),(590,'content-type-builder','contenttypes','deletecontenttype',0,'',4,NULL,NULL),(591,'documentation','documentation','getinfos',0,'',4,NULL,NULL),(592,'documentation','documentation','index',0,'',4,NULL,NULL),(593,'documentation','documentation','loginview',0,'',4,NULL,NULL),(594,'documentation','documentation','login',0,'',4,NULL,NULL),(595,'documentation','documentation','regeneratedoc',0,'',4,NULL,NULL),(596,'documentation','documentation','deletedoc',0,'',4,NULL,NULL),(597,'documentation','documentation','updatesettings',0,'',4,NULL,NULL),(598,'email','email','send',0,'',4,NULL,NULL),(599,'email','email','test',0,'',4,NULL,NULL),(600,'email','email','getsettings',0,'',4,NULL,NULL),(601,'i18n','content-types','getnonlocalizedattributes',0,'',4,NULL,NULL),(602,'i18n','iso-locales','listisolocales',0,'',4,NULL,NULL),(603,'i18n','locales','listlocales',0,'',4,NULL,NULL),(604,'i18n','locales','createlocale',0,'',4,NULL,NULL),(605,'i18n','locales','updatelocale',0,'',4,NULL,NULL),(606,'i18n','locales','deletelocale',0,'',4,NULL,NULL),(607,'upload','upload','find',0,'',4,NULL,NULL),(608,'upload','upload','findone',0,'',4,NULL,NULL),(609,'upload','upload','count',0,'',4,NULL,NULL),(610,'upload','upload','destroy',0,'',4,NULL,NULL),(611,'upload','upload','updatesettings',0,'',4,NULL,NULL),(612,'upload','upload','getsettings',0,'',4,NULL,NULL),(613,'upload','upload','upload',0,'',4,NULL,NULL),(614,'upload','upload','search',0,'',4,NULL,NULL),(615,'users-permissions','auth','callback',0,'',4,NULL,NULL),(616,'users-permissions','auth','resetpassword',0,'',4,NULL,NULL),(617,'users-permissions','auth','connect',0,'',4,NULL,NULL),(618,'users-permissions','auth','forgotpassword',0,'',4,NULL,NULL),(619,'users-permissions','auth','register',0,'',4,NULL,NULL),(620,'users-permissions','auth','emailconfirmation',0,'',4,NULL,NULL),(621,'users-permissions','auth','sendemailconfirmation',0,'',4,NULL,NULL),(622,'users-permissions','user','create',0,'',4,NULL,NULL),(623,'users-permissions','user','update',0,'',4,NULL,NULL),(624,'users-permissions','user','find',0,'',4,NULL,NULL),(625,'users-permissions','user','findone',0,'',4,NULL,NULL),(626,'users-permissions','user','count',0,'',4,NULL,NULL),(627,'users-permissions','user','destroy',0,'',4,NULL,NULL),(628,'users-permissions','user','destroyall',0,'',4,NULL,NULL),(629,'users-permissions','user','me',0,'',4,NULL,NULL),(630,'users-permissions','userspermissions','createrole',0,'',4,NULL,NULL),(631,'users-permissions','userspermissions','deleterole',0,'',4,NULL,NULL),(632,'users-permissions','userspermissions','getpermissions',0,'',4,NULL,NULL),(633,'users-permissions','userspermissions','getpolicies',0,'',4,NULL,NULL),(634,'users-permissions','userspermissions','getrole',0,'',4,NULL,NULL),(635,'users-permissions','userspermissions','getroles',0,'',4,NULL,NULL),(636,'users-permissions','userspermissions','getroutes',0,'',4,NULL,NULL),(637,'users-permissions','userspermissions','index',0,'',4,NULL,NULL),(638,'users-permissions','userspermissions','searchusers',0,'',4,NULL,NULL),(639,'users-permissions','userspermissions','updaterole',0,'',4,NULL,NULL),(640,'users-permissions','userspermissions','getemailtemplate',0,'',4,NULL,NULL),(641,'users-permissions','userspermissions','updateemailtemplate',0,'',4,NULL,NULL),(642,'users-permissions','userspermissions','getadvancedsettings',0,'',4,NULL,NULL),(643,'users-permissions','userspermissions','updateadvancedsettings',0,'',4,NULL,NULL),(644,'users-permissions','userspermissions','getproviders',0,'',4,NULL,NULL),(645,'users-permissions','userspermissions','updateproviders',0,'',4,NULL,NULL),(646,'wysiwyg','wysiwyg','index',0,'',4,NULL,NULL),(647,'application','version-info','count',0,'',1,NULL,NULL),(648,'application','version-info','create',1,'',3,NULL,NULL),(649,'application','version-info','delete',0,'',1,NULL,NULL),(650,'application','version-info','count',1,'',3,NULL,NULL),(651,'application','version-info','create',0,'',4,NULL,NULL),(652,'application','version-info','create',0,'',2,NULL,NULL),(653,'application','version-info','create',0,'',1,NULL,NULL),(654,'application','version-info','count',0,'',4,NULL,NULL),(655,'application','version-info','count',0,'',2,NULL,NULL),(656,'application','version-info','delete',0,'',2,NULL,NULL),(657,'application','version-info','delete',0,'',4,NULL,NULL),(658,'application','version-info','delete',1,'',3,NULL,NULL),(659,'application','version-info','find',0,'',1,NULL,NULL),(660,'application','version-info','findone',0,'',1,NULL,NULL),(661,'application','version-info','find',1,'',2,NULL,NULL),(662,'application','version-info','find',1,'',3,NULL,NULL),(663,'application','version-info','findone',1,'',3,NULL,NULL),(664,'application','version-info','findone',0,'',2,NULL,NULL),(665,'application','version-info','find',0,'',4,NULL,NULL),(666,'application','version-info','findone',0,'',4,NULL,NULL),(667,'application','version-info','update',0,'',1,NULL,NULL),(668,'application','version-info','update',0,'',2,NULL,NULL),(669,'application','version-info','update',1,'',3,NULL,NULL),(670,'application','version-info','update',0,'',4,NULL,NULL);
/*!40000 ALTER TABLE `users-permissions_permission` ENABLE KEYS */;
UNLOCK TABLES;

--
-- Table structure for table `users-permissions_role`
--

DROP TABLE IF EXISTS `users-permissions_role`;
/*!40101 SET @saved_cs_client     = @@character_set_client */;
/*!40101 SET character_set_client = utf8 */;
CREATE TABLE `users-permissions_role` (
  `id` int(10) unsigned NOT NULL AUTO_INCREMENT,
  `name` varchar(255) NOT NULL,
  `description` varchar(255) DEFAULT NULL,
  `type` varchar(255) DEFAULT NULL,
  `created_by` int(11) DEFAULT NULL,
  `updated_by` int(11) DEFAULT NULL,
  PRIMARY KEY (`id`),
  UNIQUE KEY `users-permissions_role_type_unique` (`type`)
) ENGINE=InnoDB AUTO_INCREMENT=5 DEFAULT CHARSET=utf8;
/*!40101 SET character_set_client = @saved_cs_client */;

--
-- Dumping data for table `users-permissions_role`
--

LOCK TABLES `users-permissions_role` WRITE;
/*!40000 ALTER TABLE `users-permissions_role` DISABLE KEYS */;
INSERT INTO `users-permissions_role` VALUES (1,'Authenticated','Default role given to authenticated user.','authenticated',NULL,NULL),(2,'Public','Default role given to unauthenticated user.','public',NULL,NULL),(3,'infosystem-admin','Бүх сэтгэгдэлүүдийг харна, хариулна','infosystem_admin',NULL,NULL),(4,'employee','Асуудалд хамааралтай ажилчид','employee',NULL,NULL);
/*!40000 ALTER TABLE `users-permissions_role` ENABLE KEYS */;
UNLOCK TABLES;

--
-- Table structure for table `users-permissions_user`
--

DROP TABLE IF EXISTS `users-permissions_user`;
/*!40101 SET @saved_cs_client     = @@character_set_client */;
/*!40101 SET character_set_client = utf8 */;
CREATE TABLE `users-permissions_user` (
  `id` int(10) unsigned NOT NULL AUTO_INCREMENT,
  `username` varchar(255) NOT NULL,
  `email` varchar(255) NOT NULL,
  `provider` varchar(255) DEFAULT NULL,
  `password` varchar(255) DEFAULT NULL,
  `resetPasswordToken` varchar(255) DEFAULT NULL,
  `confirmationToken` varchar(255) DEFAULT NULL,
  `confirmed` tinyint(1) DEFAULT NULL,
  `blocked` tinyint(1) DEFAULT NULL,
  `role` int(11) DEFAULT NULL,
  `created_by` int(11) DEFAULT NULL,
  `updated_by` int(11) DEFAULT NULL,
  `created_at` timestamp NULL DEFAULT CURRENT_TIMESTAMP,
  `updated_at` timestamp NULL DEFAULT CURRENT_TIMESTAMP,
  `company_name` varchar(255) DEFAULT NULL,
  `company_register` bigint(20) DEFAULT NULL,
  `admin_confirmed` tinyint(1) DEFAULT NULL,
  `seen` tinyint(1) DEFAULT NULL,
  PRIMARY KEY (`id`),
  UNIQUE KEY `users-permissions_user_username_unique` (`username`)
) ENGINE=InnoDB AUTO_INCREMENT=82 DEFAULT CHARSET=utf8;
/*!40101 SET character_set_client = @saved_cs_client */;

--
-- Dumping data for table `users-permissions_user`
--

LOCK TABLES `users-permissions_user` WRITE;
/*!40000 ALTER TABLE `users-permissions_user` DISABLE KEYS */;
INSERT INTO `users-permissions_user` VALUES (6,'Admin','yondooo61@gmail.com','local','$2a$10$ew3ZpwXzOKzuhkcqC60gZedwTAWWcOJoN.PY9/BZ1x3AAg/spb2Q2',NULL,NULL,1,0,3,1,1,'2021-06-21 04:25:19','2021-07-05 10:04:48',NULL,NULL,1,NULL),(26,'ganhuyag','ganhuyag@infosystems.mn','local','$2a$10$rVjAkBLXZMvDIXgGmuElPunwO2o2xYUHTHLFK2dPIxoiLbovytxP.',NULL,NULL,1,NULL,3,NULL,1,'2021-07-02 03:34:03','2021-07-05 09:22:40','Infosystems LLC',2565439,1,NULL),(27,'Bulgan','bulgan@infosystems.mn','local','$2a$10$2znUYM9FwqEz3k..Pk5RT.5xLB1jqham/KBN2qiGZ3hioBJrPSJl.',NULL,NULL,1,NULL,3,NULL,1,'2021-07-02 05:47:00','2022-01-12 03:08:41','123',1234567,1,1),(29,'yondo','yondo@gmail.com','local','$2a$10$RbH7S8zjWQn0Q9gOOeHDgOpftszYPBDmOb.oxg3nCiQe9D5/D/a.6',NULL,NULL,1,NULL,1,NULL,NULL,'2021-07-05 10:11:22','2021-07-05 10:18:00','Байгууллага',5645498,1,NULL),(37,'Сэлэнгэ','selenge8398@gmail.com','local','$2a$10$1FsA3tYjGfCIpdFfdRMcGuRPRANuvjELP9zTKLwGpS/6jndSBLGrC',NULL,NULL,1,NULL,1,NULL,1,'2021-07-08 02:45:35','2022-01-13 03:18:38','Хустхан',2642166,1,1),(40,'test1234','test@yahoo.com','local','$2a$10$yeww.DNwcuS7CFP8fRBHzOvVjMIds6hjzj7a4cFCXja16hfRwaoVC',NULL,NULL,1,NULL,1,NULL,NULL,'2021-07-11 08:33:39','2021-07-11 08:34:49','test',1231241,1,1),(42,'oyuka','tugsba.trade@gmail.com','local','$2a$10$vSxbvV4.N2fNWcc.Abp8Xe2N50jqlFB4hXvDRaJkhPsQY3bvZvaSG',NULL,NULL,1,NULL,1,NULL,1,'2021-11-11 06:46:55','2022-04-04 01:38:07','msdi',6074103,1,1),(43,'Yondo2','nightmarereal4@gmail.com','local','$2a$10$OR4zWE2y45GQbNc60cFmEOwP69Dnv9A0GXRxVjqBuz./JV1HcbxEO',NULL,NULL,1,NULL,1,NULL,NULL,'2021-12-09 02:21:04','2021-12-09 02:22:16','test123',1233333,1,1),(44,'Эрдэнэжаргал','sanhuuhelshinjlel@gmail.com','local','$2a$10$lcm/2OCKA6ZMdTeVRQa/NOsC.l/qepaPLDQU7ZX/tLfJ.5ObOwTPO',NULL,NULL,1,NULL,1,NULL,NULL,'2021-12-26 05:38:50','2022-01-12 09:56:33','Жаргалант Эрин Групп ХХК',6281443,1,1),(45,'БОЛОР-ЭРДЭНЭ','booroo_85@yahoo.com','local','$2a$10$y0YOmRiIi5d5o3WU6jP67.w7Xkw1eqnmCJ3uxJbM.T265FI/hV/aO',NULL,NULL,1,NULL,1,NULL,NULL,'2022-01-07 06:55:23','2022-01-12 09:56:17','ЭРДЭНЭМАНДАЛ ХӨГЖЛИЙН ДЭД БҮТЭЦ ААТҮГ',3014827,1,1),(46,'E.Ankhbayar','e.ankhbayar2@gmail.com','local','$2a$10$gtcPuxK5nVviTfZw.YLBq.i5VYlxqo664s85MXXDOu92VhmwHNGyi',NULL,NULL,1,NULL,1,NULL,NULL,'2022-01-12 02:43:43','2022-01-12 09:54:52','Эверестфарм',2694379,1,1),(47,'Дашлхагва','dashgroup88@gmail.com','local','$2a$10$06lsa2QYW7eSG4TbYpDpme0037fxZWduuecSDKREcCNlgIlrIE6jO',NULL,NULL,1,NULL,1,NULL,NULL,'2022-01-13 07:47:48','2022-01-14 03:21:05','Даш групп ХХК',5661331,1,1),(48,'Баярсайхан','bayarsaihan@infosystems.mn','local','$2a$10$unuq/PjGYM33MS6orZub7eyvNlyjzBxqlZt2Ch0mHUFKgrerbI8ny',NULL,NULL,1,NULL,3,NULL,1,'2022-01-31 06:57:08','2022-01-31 06:59:20','Инфосистемс ХХК',2565439,1,1),(49,'Sam Eleo','med.test7@hotmail.com','local','$2a$10$bRAF1IyYhyDC.7pTTEcUYOf5SP9H4CuxTEvvFw55z3au6SiegGcw.',NULL,NULL,1,NULL,1,NULL,NULL,'2022-01-31 23:59:22','2022-02-01 04:39:55','Samsarl',8435424,0,1),(50,'Key.D','dash.oyuntvlkhvvr@gmail.com','local','$2a$10$8QbslUtgFQPYUl.0sSOqmufoOuAwFofp0C5cc2P92rjZij3dVIFti',NULL,NULL,1,NULL,3,NULL,1,'2022-02-17 08:19:05','2022-02-21 02:20:22','6052975',6052975,1,1),(51,'Булгаа','buukbuuk25@gmail.com','local','$2a$10$EjSTcuY54VDfz0aCaaplYeBMxyoXqOBiMIbMHIQspR9EoL6hOLmZO',NULL,NULL,1,NULL,1,NULL,NULL,'2022-02-17 08:27:46','2022-02-17 08:43:02','Булгаа',1234567,1,1),(52,'enkhee','enkheetugs99@gmail.com','local','$2a$10$KIrC231ED9biTib6acIFo.fSos3QzY8/FNQIU.IfJlEYZ0Z97pDOC',NULL,NULL,1,NULL,1,NULL,NULL,'2022-02-18 05:23:37','2022-02-21 02:22:51','tecnaq',5873232,0,1),(53,'Saruul','g.munkhsaruul@gmail.com','local','$2a$10$abD.io3Xz73U.wvxEdW41ODTxEc084UGQJFpueSWJMHz82Ds9vrqq',NULL,NULL,1,NULL,1,NULL,NULL,'2022-03-15 09:17:38','2022-03-18 07:37:16','Тун-Эрдэнэ фарм ХХК',2057298,1,1),(54,'boogii','boogii_mg@yahoo.com','local','$2a$10$c.PreqQgOcM.4TeuhU8ZE.5//6HlTr5qF2.ic3mVbJjYx9Ckw/QpK',NULL,NULL,1,NULL,3,NULL,1,'2022-04-04 01:43:24','2022-04-04 01:45:46','infosystems',2565439,1,1),(55,'Төмөрсүх','fesukh@gmail.com','local','$2a$10$dveQ29aIsfRg9HCohXENduTfuL40HF65tcgcFqxnKGxBN63y34rKa',NULL,NULL,1,NULL,1,NULL,NULL,'2022-04-07 00:45:48','2022-04-20 01:55:15','ТулгакомфортХХК',5198615,0,1),(56,'Saruultuya','gunjee@togtokh.com','local','$2a$10$.zeWn2P5x4RaUGcVBsWgR.f36OBbQpi/FlUcVww2lkMziCUuHxBU2',NULL,NULL,1,NULL,1,NULL,NULL,'2022-04-09 02:48:55','2022-05-17 03:41:13','Тогтох трейд ХХК',5261473,1,1),(57,'Нарун','narunmaybe@gmail.com','local','$2a$10$tGd2X0tzFUmH2GKff7A2se7jhraqLHwm7MlM.r0.SD.5QSuqjaJS.',NULL,NULL,1,NULL,1,NULL,NULL,'2022-05-06 06:06:29','2022-05-17 03:39:26','Гэрэлтжин ХХК',2706776,0,1),(58,'Ганзаяа','gnzy.electro@gmail.com','local','$2a$10$mPcfep/suBnex/8e.O7khuMbN.PMwZ1uWTSqW/MntQ5GK/XUyFjFC',NULL,NULL,1,NULL,1,NULL,NULL,'2022-06-03 12:51:49','2022-06-21 02:28:02','Си Эс Эл ХХК',5391865,0,1),(59,'testuser','testuser@gmail.com','local','$2a$10$qzqYbY3LSPGdbrFUcobtL.H194G97zFRzkRTb3KE4vhpIIIJwp0ke',NULL,NULL,0,0,4,1,1,'2022-06-30 07:56:50','2022-07-21 03:09:23',NULL,123123123123,0,0),(60,'asdfa','asdf@g.ccom','local','$2a$10$GqoanbfCFUB5kOrO2LE.nuj9BNOj7mgbz6ZpybwBw0dwa9q7B4WPu',NULL,NULL,1,NULL,1,NULL,NULL,'2022-07-21 08:45:51','2022-09-09 23:44:41','sdfa',4654687,0,1),(61,'Panda','finance@autopanda.mn','local','$2a$10$gfK1TkJwA7WPRNjDk/iNU.niuX8pTgF33BmZPCOgb0bAwrkt41xX2',NULL,NULL,1,NULL,1,NULL,NULL,'2022-07-21 12:52:04','2022-07-22 07:19:46','  ЖАНДАГ ХОРДОН',5293251,0,1),(62,'test111','test@gmail.com','local','$2a$10$Ynk8FEi4QekiyruDFn1NAOhaOtc7C6yusPVfHWe8.hvYHzdWGsMvW',NULL,NULL,NULL,NULL,4,NULL,1,'2022-07-25 04:24:35','2022-07-25 04:28:03',NULL,123,NULL,NULL),(63,'testyondo','test222@gmail.com','local','$2a$10$mUAZc4PIUii/sTPIu0/0vut8yCArzWIi16nEEQGeoumHERz4lKWqu',NULL,NULL,NULL,NULL,1,NULL,NULL,'2022-07-25 04:32:27','2022-07-25 04:32:27',NULL,NULL,NULL,NULL),(64,'Н.Мөнхзул','cucc.mbg.sankhuu@gmail.com','local','$2a$10$L8Y2dS/qObf6OnfjP2eUXuVldT7RXmKYCcCjK2ubjYIHB5I.snxLO',NULL,NULL,1,NULL,1,NULL,NULL,'2022-08-11 03:04:34','2022-09-09 23:42:25','МӨНХИЙН БАЯН ГАЛ ХХК ГХО',5118115,0,1),(65,'Болорням','munguunuu.g1009@gmail.com','local','$2a$10$7VTi6KTXTT5kjOutKa9BhuXvK93hCkG41ClK0RIBwHdfyxSH9SQ0G',NULL,NULL,1,NULL,1,NULL,NULL,'2022-10-10 05:38:35','2022-10-10 05:38:35','Мөнгөн холдгор',6779395,0,0),(66,'Очбадрах','daikaochbadrah@gmail.com','local','$2a$10$HMmwc/mOK02/Wusy6FNMUeGcrKUUzMT4mQBK7vKn.Aa/yllfLRa5u',NULL,NULL,1,NULL,1,NULL,NULL,'2022-11-13 06:24:49','2022-11-13 06:24:49','Sovd Inc',252719,0,0),(67,'Z.Sanchir','z.sanchir20@gmail.com','local','$2a$10$XTwi/LvhFpS9.3gojenoIe/g1oZLCYTdieOXJCAWwJyvcQMw/9Ihm',NULL,NULL,1,NULL,1,NULL,NULL,'2022-11-28 10:36:38','2022-11-30 06:57:13','ШШГЕГ',9121838,0,1),(68,'Урангоо','goouka@icloud.com','local','$2a$10$nFcFwns/Cqh69tYAx2nuzeZje38iqzE9rjYA1Dh6tAacnyLnxSLYu',NULL,NULL,1,NULL,1,NULL,NULL,'2022-12-13 04:41:29','2022-12-13 04:41:29','Ural burenie ',5205204,0,0),(69,'Солонго','solongobtbyr@gmail.com','local','$2a$10$oBCjFfLK34y8WPXZbHGtreCA.SddtuSk9Cee5NM3qwIraAwvWyCLq',NULL,NULL,1,NULL,1,NULL,NULL,'2022-12-26 05:59:34','2022-12-26 05:59:34','Daad',4248787,0,0),(70,'Наранцэцэг','chadraanaraa4@gmail.com','local','$2a$10$v3UKqsI2g9Q/7cdldlrBMOj1waXEwjYHWi1.UYuVcRSmS8LwMXPY.',NULL,NULL,1,NULL,1,NULL,NULL,'2023-01-16 14:04:12','2023-01-16 14:04:12','Баян точка',6960111,0,0),(71,'tsatsral','otsatska@gmail.com','local','$2a$10$6a88A1GRm3FjtBSBjbtkQuX7xR9P66YP8c8D6vl.ba3qVJXpKE5Su',NULL,NULL,1,NULL,1,NULL,NULL,'2023-01-18 12:40:04','2023-06-26 07:54:45','Тенмакс ХХК',6648169,1,1),(72,'Н. Совд','navaansovd@gmail.com','local','$2a$10$gWzRbJvLpYfkDxEEkkcFbONhyKXrrrGp/mtCsw4AyJ0GUXHVwYNlq',NULL,NULL,1,NULL,1,NULL,NULL,'2023-01-25 08:49:00','2023-06-26 07:54:26','КПХ.inc',1234567,0,1),(73,'Ундрах','undrah.zagar@gmail.com','local','$2a$10$ZBZNX6cZ.pWaIqdFzNLlBOfrsEjoRpoKW6Njd4FZ3.OZPQYkrEbnS',NULL,NULL,1,NULL,1,NULL,NULL,'2023-02-07 04:07:32','2023-06-23 09:03:00','Инно Трэнд',6948898,1,1),(74,'Дорждагва','batnegtgel@hotmail.com','local','$2a$10$Pm61sUoq8XCP3VJ2k3tGpeboESxx4RpjA/fqdO/zTdckmtNyoU4.e',NULL,NULL,1,NULL,1,NULL,NULL,'2023-04-17 08:58:47','2023-06-23 09:02:40','Бат Нэгтгэл',6419992,1,1),(75,'namsrai','nnamsrai8@gmail.com','local','$2a$10$n9JOMW2nTvaAykLTxfExqOyzKfMM23IkuQzXfVjvpDA//q92ssony',NULL,NULL,1,NULL,1,NULL,NULL,'2023-05-01 09:33:51','2023-06-23 09:02:26','А',5951186,1,1),(76,'Ulzii Erdene','ulzii_erdene@msel.mn','local','$2a$10$RMXQU32mhOgiC.k8ggM62.BR2wT.t2lEGg8pdlaSbJkflQtXjxkmu',NULL,NULL,1,NULL,1,NULL,NULL,'2023-06-11 04:35:55','2023-06-23 09:02:04','MSEL LLC',5663059,1,1),(77,'Хишигжаргал','khishgee.b1919@gmail.com','local','$2a$10$kfSuIsRSqB5KFFmgrsECWOtOWqoIYhDDGZTikrznDsVdye4.v/pH2',NULL,NULL,1,NULL,1,NULL,NULL,'2023-07-22 13:50:46','2023-07-22 13:50:46','Монголын Үндэсний Стандарт хоршоо',6994474,0,0),(78,'ulzii','ulziisuren@esunfinance.mn','local','$2a$10$nJwKjsA6R0f/rYTuX5zS9u51n7US.TtQ9QcGJluR91L/OlVH3jjUC',NULL,NULL,1,NULL,1,NULL,NULL,'2023-07-28 09:21:03','2023-07-28 09:21:03','есөн финанс ббсб ххк',6066356,0,0),(79,'Очирбат','ochko1433@gmail.com','local','$2a$10$OYtqvD9fUvFx5e4srcpE1uZAHUbOM5YoNMWwAEOpToAMCWQX6GUXq',NULL,NULL,1,NULL,1,NULL,NULL,'2023-10-06 04:45:00','2023-10-06 04:45:00','Хонгор бээс Транс ХХК',5450349,0,0),(80,'Санжид','sanjid0415@gmail.com','local','$2a$10$ZuuGck.hAiPJ9kElIUk3Xe3JO63LQtRLRVugGkgy5fa/k.MbKSMk2',NULL,NULL,1,NULL,1,NULL,NULL,'2023-10-19 06:52:50','2023-10-19 06:52:50','Си Эйч Эй Эн Эй ХХК',5897777,0,0),(81,'уранхишиг','urankhishig.t@gmail.com','local','$2a$10$TbGzydKJGiqTTOO4JKmV4.wP6Hy9jVrWoKT7lLXkxaTJWpecmAJGa',NULL,NULL,1,NULL,1,NULL,NULL,'2023-11-01 11:21:00','2023-11-01 11:21:00','барилга',6245854,0,0);
/*!40000 ALTER TABLE `users-permissions_user` ENABLE KEYS */;
UNLOCK TABLES;

--
-- Table structure for table `version_infos`
--

DROP TABLE IF EXISTS `version_infos`;
/*!40101 SET @saved_cs_client     = @@character_set_client */;
/*!40101 SET character_set_client = utf8 */;
CREATE TABLE `version_infos` (
  `id` int(10) unsigned NOT NULL AUTO_INCREMENT,
  `changed_date` date DEFAULT NULL,
  `description` longtext,
  `productname` varchar(255) DEFAULT NULL,
  `published_at` datetime DEFAULT NULL,
  `created_by` int(11) DEFAULT NULL,
  `updated_by` int(11) DEFAULT NULL,
  `created_at` timestamp NULL DEFAULT CURRENT_TIMESTAMP,
  `updated_at` timestamp NULL DEFAULT CURRENT_TIMESTAMP,
  PRIMARY KEY (`id`)
) ENGINE=InnoDB AUTO_INCREMENT=35 DEFAULT CHARSET=utf8;
/*!40101 SET character_set_client = @saved_cs_client */;

--
-- Dumping data for table `version_infos`
--

LOCK TABLES `version_infos` WRITE;
/*!40000 ALTER TABLE `version_infos` DISABLE KEYS */;
INSERT INTO `version_infos` VALUES (1,'2023-03-14','Бараа материалын борлуулалтын гүйлгээг НЭХЭМЖЛЭХ төрлөөр EBARIMT-д холбох боломжтой болсон','MACS','2023-06-20 10:04:20',1,1,'2023-06-20 10:04:14','2023-06-20 10:05:33'),(2,'2023-03-10','Бараа материалын гүйлгээнд \"ХЭРЭГЖЭЭГҮЙ НӨАТ\" сонголт нэмэгдсэн. Энэ нь НӨАТ - ийн бичилт нь ТАТВАРЫН тохиргоонд тохируулсан дансруу бичилт нь хийгдэх юм','MACS','2023-06-20 10:07:10',1,1,'2023-06-20 10:07:05','2023-06-20 10:07:10'),(3,'2023-03-10','Бараа материал бүртгэх цонхны сайжруулалт','MACS','2023-06-20 10:07:40',1,1,'2023-06-20 10:07:37','2023-06-20 10:07:40'),(4,'2023-03-10','Бараа материалын зарим нэг тайлангын сайжруулалт','MACS','2023-06-20 10:08:36',1,1,'2023-06-20 10:08:18','2023-06-20 10:08:36'),(5,'2023-03-10','Синк дээрх сайжруулалт /ПОС - йин тохиргоо дээрх дасны жагсаалтаар татах /','MACS','2023-06-20 10:09:14',1,1,'2023-06-20 10:09:08','2023-06-20 10:09:14'),(6,'2023-03-01','Баримт автомат дугаарлалт шинэчлэгдсэн','MACS','2023-06-20 10:09:37',1,1,'2023-06-20 10:09:35','2023-06-20 10:09:37'),(7,'2023-02-27','Харилцагчтай тооцоо нийлж үлдэгдлийн баталгаа хийх боломжтой болсон','MACS','2023-06-20 10:10:13',1,1,'2023-06-20 10:10:10','2023-06-20 10:10:13'),(8,'2023-02-15','Тооцоо нийлсэн баримтыг засах боломжгүй болсон','MACS','2023-06-20 10:10:47',1,1,'2023-06-20 10:10:41','2023-06-20 10:10:47'),(9,'2023-02-15','Дасны бичилтээс ИБаримт гаргах боломжтой боллоо','MACS','2023-06-20 10:11:34',1,1,'2023-06-20 10:11:11','2023-06-20 10:11:34'),(10,'2023-02-15','Хэрэглэгчрүү харсан дэлгэцэнд сурталчилааны зураг SLIDE хийж харуулах боломжтой боллоо.',NULL,'2023-06-20 10:11:50',1,1,'2023-06-20 10:11:46','2023-06-20 10:11:50'),(11,'2023-02-08','Кассын тайлангууд НӨАТ - тэй дүнгээр нэгтгэж харуулдаг болголоо.','MACS','2023-06-20 10:12:38',1,1,'2023-06-20 10:12:33','2023-06-20 10:12:39'),(12,'2023-02-08','Бараа материалын багц тайлан. График хэлбэрээр харах','MACSPOS','2023-06-20 10:12:55',1,1,'2023-06-20 10:12:53','2023-06-20 10:12:55'),(13,'2023-01-20','Аж ахуй нэжийн орлогын албан татварын тайлан шинэчлэгдсэн /TT-02/','MACS','2023-06-20 10:13:48',1,1,'2023-06-20 10:13:34','2023-06-20 10:13:48'),(14,'2023-01-20','НОВАРТИС хөтөлбөрийн холболт 100 хувь хийгдлээ','MACSPOS','2023-06-20 10:14:14',1,1,'2023-06-20 10:14:10','2023-06-20 10:14:14'),(15,'2023-01-20','Ариг банкны ПОС төхөөрөмжтэй холболт хийгдлээ','MACSPOS','2023-06-20 10:14:31',1,1,'2023-06-20 10:14:29','2023-06-20 10:14:31'),(16,'2022-12-21','Бараа материалын зураг оруулах, ПОС дээр барааны мэдээлэл харах хэсэгт зураг харуулах','MACSPOS','2023-06-20 10:15:03',1,1,'2023-06-20 10:15:00','2023-06-20 10:15:03'),(17,'2022-12-21','Бараа материалын захиалга салбар хооронд хийх. Борлуулалт, шилжүүлгийн гүйлгээг захиалгаас хялбар үүсгэх','MACSPOS','2023-06-20 10:15:46',1,1,'2023-06-20 10:15:43','2023-06-20 10:15:46'),(18,'2022-11-30','Валютын авлага өглөгийн дансыг харилцагч бүрээр тэгшитгэх боломжтой болсон','MACS','2023-06-20 10:16:19',1,1,'2023-06-20 10:16:11','2023-06-20 10:16:19'),(19,'2022-11-10','TOKI төлбөрийн хэрэгсэл холболт хийгдлээ','MACSPOS','2023-06-20 10:17:06',1,1,'2023-06-20 10:16:41','2023-06-20 10:17:06'),(20,'2022-06-10','Худалдаа хөгжлийн банкны ПОС төхөөрөмжийн холболт','POS','2023-06-20 10:17:51',1,1,'2023-06-20 10:17:49','2023-06-20 10:17:52'),(21,'2022-05-10','QPAY  холболт хийгдсэн','POS','2023-06-20 10:19:00',1,1,'2023-06-20 10:18:58','2023-06-20 10:19:00'),(22,'2022-05-10','Дата бэйнк - ийн PASS төлбөрийн хэрэгсэл нэмэгдлээ','POS','2023-06-20 10:19:23',1,1,'2023-06-20 10:19:16','2023-06-20 10:19:23'),(23,'2022-04-01','ХАС банкны ПОС төхөөрөмжийн холболт','POS','2023-06-20 10:19:48',1,1,'2023-06-20 10:19:46','2023-06-20 10:19:48'),(24,'2022-04-01','Төрийн банкны ПОС төхөөрөмжийн холболт','POS','2023-06-20 10:20:09',1,1,'2023-06-20 10:20:02','2023-06-20 10:20:09'),(25,'2023-06-21','Зээлийн борлуулалтын тооцоог борлуулагчаар харах тайлан нэмэгдлээ','MACS','2023-06-21 03:08:46',1,1,'2023-06-21 03:08:42','2023-06-21 03:08:46'),(26,'2023-06-21','Үнийн санал зохиоход үндсэн үнээс %-иар нэмэгдүүлэх, бууруулах мөн мөнгөн дүнгээр  нэмэгдүүлэх, бууруулах тохиргоог ашиглах боломжтой боллоо','MACS','2023-06-21 03:11:08',1,1,'2023-06-21 03:11:04','2023-06-23 07:03:28'),(27,'2023-06-20','Солилцооны гүйлгээ болон тайлангийн нэршилийг өөрийн хүссэнээр өөрчлөх боломжтой боллоо','MACS','2023-06-21 03:12:10',1,1,'2023-06-21 03:12:08','2023-06-21 03:12:10'),(28,'2023-06-21','Үндсэн хөрөнгийн гүйлгээнд хэрэгжээгүй НӨАТ тохиргоо нэмэгдлээ','MACS','2023-06-21 03:13:09',1,1,'2023-06-21 03:13:08','2023-06-21 03:13:09'),(29,'2023-06-21','Тайлангууд дээр баганы тохиргоог хадгаладаг боллоо','MACS','2023-06-21 03:13:48',1,1,'2023-06-21 03:13:46','2023-06-21 03:13:48'),(30,'2023-06-22','Сонгосон барааг Y - тооноос дээш авбал урамшууллын бараанаас  сонголтоор өгөх ХӨНГӨЛӨЛТИЙН ТОХИРГОО нэмсэн','MACSPOS','2023-06-23 06:56:30',1,1,'2023-06-23 06:56:26','2023-06-23 06:56:30'),(31,'2023-06-18','Харилцагчтай хийх барааны тооцоо тайлангийн бодолтыг сайжруулж хурдан болголоо.','MACS','2023-06-23 06:59:56',1,1,'2023-06-23 06:59:49','2023-06-23 06:59:56'),(32,'2023-06-22','\"ЕРӨНХИЙ НЯГТЛАН\" эрхтэй хэрэглэгч сонгосон ДАНСНЫ ХУУЛГЫН харьцсан данс болон харилцагчийг бөөнөөр нь солих боломжтой болсон','MACS','2023-06-26 08:46:08',1,1,'2023-06-26 08:45:58','2023-06-27 04:23:47'),(33,'2023-06-23','TT11(1), Аж ахуй нэгжийн орлогын албан татварын тайлан (TT02) тайлангийн шинэчлэлт ','MACS','2023-06-26 08:50:28',1,1,'2023-06-26 08:50:26','2023-06-26 08:50:28'),(34,'2023-07-07','Өглөгийн насжилтын тайлан нэмэгдлээ. Гүйлгээ хийхдээ тухайн гүйлгээтэй холбоотой тооцоог холбож хийснээр ӨГЛӨГИЙН тайлангууд дээр төлбөр төлсөн эсэхийг ялгаж харах боломжтой болсон','MACS','2023-07-04 02:12:23',1,1,'2023-07-04 02:12:21','2023-07-04 02:12:23');
/*!40000 ALTER TABLE `version_infos` ENABLE KEYS */;
UNLOCK TABLES;
/*!40103 SET TIME_ZONE=@OLD_TIME_ZONE */;

/*!40101 SET SQL_MODE=@OLD_SQL_MODE */;
/*!40014 SET FOREIGN_KEY_CHECKS=@OLD_FOREIGN_KEY_CHECKS */;
/*!40014 SET UNIQUE_CHECKS=@OLD_UNIQUE_CHECKS */;
/*!40101 SET CHARACTER_SET_CLIENT=@OLD_CHARACTER_SET_CLIENT */;
/*!40101 SET CHARACTER_SET_RESULTS=@OLD_CHARACTER_SET_RESULTS */;
/*!40101 SET COLLATION_CONNECTION=@OLD_COLLATION_CONNECTION */;
/*!40111 SET SQL_NOTES=@OLD_SQL_NOTES */;

-- Dump completed on 2023-11-27  3:25:46
